company_id,review1,review2,review3,review4,review5,review6,review7,review8,review9,review10
1,,,,,,,,,,
2,"휘트니스피플 우먼 구의점??전하영??피티쌤 추천합니다 코로나로 체중이 늘어남과 동시에 30대에 들어서며 체력이 매우 떨어져 PT를 시작하게 되었습니다^^ 벌써 두 달이 지났네요 
두달 동안?하영쌤?과 운동하며 2년 동안 변화없던 몸무게에서 -4kg 체중감량 그리고 금요일에도 월요일과 같은 체력을 유지할 수 있게 되었고 퇴근 후 하영쌤과 운동하며 일할 때 받은 스트레스도 풀려 몸도 마음도 건강해졌습니다!
그래서 처음에는 PT30회를 끊고 시작했는데 
10회 차도 안되어서 추가 30회를 끊었습니다^^
운동을 정말 싫어하던 제가 체형이 변하고 몸무게가 변하고 체력이 변하는걸 경험하다보니 이제는 운동이 재밌어지기까지 했습니다. 다 하영쌤 덕분이에요??고민하시는 분이 있다면 하영쌤 추천합니다~ 후회 안하실거에요!!","헬스장 자체가 처음이어서 기구를 쓸 줄 몰라 헬린이 코스를 시작으로 지금의 시정 쌤 ????을 만나 무려 3달..? 정도를 PT 받으며 다니고 있습니다 ??운동하다 다치지 않게 정확한 자세와 근육 움직임을 알려주셔서 이해하기 쉽고 지치지 않게 옆에서 응원해주셔서 포기하지 않고 열심히 하고 있습니다 ????식단부터 개인 운동 방법까지 꼼꼼하게 관리해주셔서 너무 감사하고 좋습니다 ?? 헬스장이 너무 어렵게 느껴지시면 여성 전용, 다양한 GX 프로그램을 갖춘 휘트니스피플 구의점 너무 추천합니다 ?","체력 기르려고 운동 시작한지 2개월이 넘었네요. 운동은 힘들다는 생각에 담쌓고 살다가 ?신성훈쌤?을 만나 아주 즐겁게 운동하고 있어요!!
다칠까봐 혼자 운동 시작하기 무서운 것도 있었는데, 운동법은 물론이고 자극점이랑 원리 등 꼼꼼히 설명해 주시고 자세 잡아 주셔서 걱정없이 재미있게 배울 수 있었어요. 개인 운동 때 궁금하거나 부족했던 부분도 계속계속 채워 주시구요!
식단은 꾸준히 무리없이 할 수 있도록 피드백 주셔서 엉망이었던 식습관 제대로 잡고, 맛있게 잘 먹으면서 관리하고 있습니다ㅎㅎ
무엇보다 운동하면서 몸뿐만 아니라 마음도 많이 건강해졌어요. 한계라고 포기하고 싶을 때마다 옆에서 무한 응원+칭찬해 주시는 쌤.. 자존감 지킴이셔요?? 쌤 덕분에 운동해요!! 감사합니당 모두 피티하세요 강추강추??",탄탄한 몸을 만들고 싶어서 집 근처 헬스장 여기저기 알아보다가 구의역 바로 앞에 여성전용 헬스장이 있다길래 바로 상담받았어요! 상담도 친절하게 해주셨고 패키지 이벤트도 진행하고 있길래 1:1 PT 5회 먼저 진행해봤는데 혜민쌤이 체계적으로 커리큘럼 짜주시고 제가 기구 사용법 위주로 원한다고 말씀드리니 반영해서 잘 해주고 계세요~ 추가 20회 끊어서 열심히 다니고 있답니다>_< 근육 1도 없는 그냥 마른 몸이었는데 두달만에 복근 그림자가 보이기 시작하고 팔뚝에 근육(같은게ㅋㅋㅋ) 붙기 시작해서 넘 신기해요!!! 매일 식단도 공유하고 피드백받고 있는데 이것도 꼼꼼히 챙겨주셔서 도움되고 있어요~! ! 여성전용인것도 넘 편하고 시설들도 다 깨끗해서 좋네요,출근하고 나서 두달쯤 되니깐 살이 찌는게 느껴지더라구요ㅠㅠ그래서 집 근처 헬스장을 찾다가 여기로 오게 되었는데 시설도 깨끗하고 피티도 처음 받아 봤는데 선생님이 운동 할 때마다 자세랑 꼼꼼히 봐주시고 어디 부분이 자극이되고 운동이 되는지 자세히 알려주셔서 매번 재밌게 운동 하게 된거 같아용!!??운동을 처음 시작해보면 피티 받아보시는 것도 정말 좋은거 같아용 덕분에 운동에 흥미가 생기고 시간도 잘 가고 너무너무 좋았습니당!-!??,"코로나 지나고 체력이 너무 안 좋아져서 등록을 하게 됐습니다. 여성전용, 그리고 전체적으로 시설이 깨끗한 게 좋아서 선택하게 되었어요. 운동에 대해서 전혀 몰라서 처음에 5회 체험 피티로 시작해서 추가 등록하여 피티를 본격적으로 시작하게 됐습니다. 결론적으로는 피티 하기 너무 잘했다는 생각이 듭니다! 헬스장에서 운동하기 힘든 이유가 방법을 몰라서 헤매는거였는데 ??배지훈??쌤께서 친절하게 도와주셔서 지금까지 3개월 가량 열심히 운동하는 것 같습니다. 굉장히 친절하시고 차분하게 알려주셔서 좋습니다. 그리고 항상 지금 잘하고 있다고 응원해주셔서 더 마음 편하게 할 수 있는 것 같아요. 수업이 끝나고도 해야되는 운동, 개인운동 때 해야하는 운동을 말해주셔서 운동을 체계적으로 진행할 수 있었습니다. ??",지금까지 한번도 운동을 제대로 배운적이 없어서 런닝머신도 제대로 못뛰는 제가 운동을 매일매일 습관적으로 다니고 있네요^^ 자세도 꼼꼼히 봐주시고 어떻게 힘이 들어가는지 깨달아가게 해주신 유심현 트레이너’ 님께 감사드려요~???? 이제 두달째지만 벌써 몸이 변하는걸 보면서 뿌듯함을 느낍니다 ㅎㅎ 다이어트 화이팅..,"태어나서 처음하는 pt라 젤 걱정했던부분이피티쌤잘맞는분이길 바랬는데 전하영쌤???? 만나면서 등록하길잘했다는생각했어요!피티를망설였던 이유중 식단관리나 평소전혀운동을하지않는사람이라 운동이 과해서 스트레스 받진않을까 걱정했는데 괜한 걱정을 했었더라구요! 운동에 운자도 모르던 사람이였는데 기구이름부터 사용법,어디로힘을써야하는지 뿐만아니라 저에게 알맞게 세심히가르쳐주시고늘 칭찬해줘서 자신감 뿜뿜ㅎㅎ식단부분도 천천히 프로틴 먹는습관들이는 순서로 시작 해주셔서 전혀 스트레스 받지 않게 진행중인것같아요! 제가 운동에 흥미를 가지게되고 pt가는날을 기달리게 될줄은 몰랐어욬ㅋㅋㅋ10회등록했다가 하영쌤 매력에 빠져서 20회 더 추가 등록해버렸네요ㅎㅎ앞으로도 계속 즐겁게 운동할수있을것같아여정말하영쌤은완전 강추입니다!??????","불규칙 적인 생활을 하다보니까 몸,체력 전부안 좋아지고 살도 많이 쪄서 건강해지고 체력도 늘리려고 시작 했습니당 제가 당시에 허리도 안 좋아서 운동하기 더 힘들었는데??종찬쌤??덕분에 꾸준히 계속 할 수 있었던 거 같아요! 몸에 안 좋은 부분이 있는지 계속 체크 해서 무리 안 갈 수 있게 수업 해주시고 운동도 꾸준히 나올 수 있게 신경써주시고 식단이나 이런 것도 극단적으로 하는게 아니라 제가 꾸준히 할 수 있도록 맞춰서 해주셔서 지금까지 큰 스트레스 없이 계속 할 수 있었습니당! 
운동도 처음부터 천천히 잘 알려주셔서 어렵지 않게 배울 수 있게 설명도 잘 해주시고 성격도 엄청 좋으셔서 재밌게 운동하고 배울 수 있었어용!덕분에 지금까지 체중 감량도 많이하고 예전에 안 좋던 허리도 많이 좋아져서 너무 좋아요ㅠㅠ","인생 첫 피티시작한지 2달이 넘었네요. 더이상 운동을 미루면 안될것 같아 시작하기로 마음먹고 지인추천으로 여기 헬스장오게 되었는데 시설도 깔끔하고 좋고 무엇보다 저와 맞는 하영쌤을 만나서 너무 좋아요. 
??전하영?? 선생님께 피티받으면서 식단, 운동, 스트레칭 방법 등 여러가지를 배웠어요. 스쿼트, 런지 기본동작 뿐만아니라 기구사용법도 옆에서 직접 봐주시고 근육움직임을 느껴보라고 알려주셔서 이해가 잘 되더라구요. 
그리고 제 성향에 맞춰서 운동을 잘 이끌어주셔서 포기하지 않고 꾸준히 운동나올수 있었어요 ㅎㅎ 첫 만남때 믿고 따라오면 된다고 하셨던 말씀대로 열심히 따라가는 중입니다ㅋㅋ 
일단 운동은 시작해보세요~ 확실히 몸이 달라져요??"
3,"화양동 일대 주변에서는 가장 큰 규모의 헬스클럽. 접근성이 좋은 편이며, 주변 편의시설인 gs슈퍼마켓/화양시장/국민은행ATM기기/건대먹자골목이 연계되어 있는 것이 장점입니다. 일대가 20~30대 연령대가 많이 거주하는 지역이라 분위기가 타 휘트니스 클럽보다 young하고 활기찹니다. 무난한 선택이 될 수 있는 휘트니스 클럽이라고 봅니다.

다만 개인적으로 추가적으로 보완해줬으면 하는 상황
*이용빈도가 낮은 자전거 머쉰 1~2개, 극소수만 이용하는 기계는 오히여 빼내서 이동 공간을 넓게 확보
*샤워실은 샤워기 개수를 추후에 늘리는 구조변경이 이루지면 좋겠으며, 하수구 물빠짐이 더 원활하게 관리되면 좋겠습니다.",기구도 다양하고 깨끗해서 운동하기 쾌적 해여~ 건대에서 여러 헬스장 다녔었지만 여기가 제일 마음에 듭니다! 주차장도 넓고 바로 밑에 마트 있어서 프로틴 구매도 숴워여,시설도 깔끔하고 머신도 많아서 운동을 골고루 하기 좋습니다. 렉도 많아서 프리웨이트에도 좋아요~^^,"※ 개선사항 (장점도 많지만 400자제한)

1. 덤벨 노후화
1~5Kg 제외한 조립식 덤벨 상태가 전체적으로 좋지 않습니다. 예) 7kg 덤벨 레이즈시 양옆 고무가 같이 돌아감. 30kg 덤벨은 고무부분이 찢어지고 뜸.

2. 머신,그립 손잡이 및 원판 위생
타운케이에서 운동 끝나고 손보면 연탄만진것처럼 시커멓습니다. 그래서 운동 끝나면 항상 손소독제 사용합니다. 공용시설이기 때문에 이부분은 조금 신경 써주셨으면 좋겠습니다.

3. 뉴텍 토크 머신간 간격
원판을 끼우거나 뺄때 머신 사이의 간격이 좁아 매우 조심스럽습니다.(입구쪽 등2 숄더1) 특히 숄더 사용중 부딪힌 경우도 있어서 간격 조절이 필요해보입니다.

4. 랫풀다운 맥그립
맥그립 손잡이 부분 고무가 찢어지고 벗겨져 당길시 손 고정이 안됩니다.",다들 착하시고 친절하세요!! 특히 힙운동기구가 많아서 좋아용 !!,"(꾸준히는 아니지만) 2년째 다니고있습니다!!
시설이 넓어서 쾌적하고 무엇보다 대표님이 헬스장 시설개선이 관심이 많으신것 같아요 
처음온 이후로 샤워실도 리모델링하시고 매달 새로운 헬스기구가 들어오는 것 같습니다 

주변에 다른 헬스장도 다녀봤는데 진짜로 여기가 제일 낫습니다 가격이 제일 저렴한 헬스장은 아니지만 시설이 무척 좋아서 만족스럽습니다",파워랙이 무려 다섯개에 공간도 진짜 넓어요 헬스인들의 성지b,시설이 깔끔하고 너무친절합니다 ㅎㅎㅎㅎ,"집이랑 제일 가까운점이 제일 좋아요
넓고 시설도 좋아요 
샤워시설도 잘 돼있어요 깨끗해요
그리고 친절하세요ㅎㅎ",자세도 엄청 자세하게 알려주시고 기구도 다양하고 쌤들 전부 친절하셔서 진짜 다니기 좋아요ㅠㅠㅠ 집 앞이라 그냥 가까워서 등록한건데 시설 보면 진짜..최고최고?? (무엇보다 쌤들 몸도 좋은데 이쁘고 잘생기셨어욬ㅋㅋㅋㅋ)
4,ㅋ,.,친절합니다,좋아요 ㅎㅎ,,,,,,
5,리뉴얼 전부터 사용하고 있었는데 리뉴얼 되고 헬스장 환경이 너무 더 좋아졌어요!! 유산소 존도 따로 있고 너무 좋아요??,"웨이트, 유산소존이 나눠져 있어서 집중해서 운동할 수 있고 기구가 다양해서 좋아요! 이번에 새로운 기구들도 많이 들어오고 무엇보다 깔끔하게 관리하시는 것 같아서 좋습니당?? PT수업도 10회 등록 후 꼼꼼하게 잘 봐주셔서 추가 등록했어요??","전체적으로 시설이 깔끔해요! 탈의실도 신경써서 관리하시는 것 같고, 샤워실이 1인실이라 프라이빗해서 좋아요?? 스트레칭 존에 폼롤러도 구비되어 있어서 운동 마무리까지 가능합니당 기구 종류도 엄청 다양한데, 사용법 마스터하는 그 날까지 열심히 운동 해보겠습니다..!","유산소 존과 웨이트 존의 공간을 나눠놓고, 프리웨이트와 머신을 나눠놓아 공간의 효율성이 좋습니다. 상담해주시는 분도 친절하고 좋아요!",기구도 정말 다양하고 유산소 스트레칭존도 진짜 깔끔하고 좋아요 ???????? 저는 최성준 선생님께 PT도 받았는데 개인적인 신체적 특징을 잘 고려해서 이에 맞게 수업을 너무 잘해주셨어요 ???????? 점점 나아지는 제 모습을 보면서 머슬H 다니기 정말 잘 했다는 생각이 들었어요 !!,"기구가 다양해서 좋았고, 등록할 때 상담해주신 선생님께서 친절하셨습니다. 당장은 체지방감량을 위한 유산소존만 이용할 예정인데, 다음에 수업을 듣는다면 이곳에서 받을 예정입니다!",시설 깔끔하고 지상에 있는 곳이라 운동하면서 덜 답답해요. 스트레칭 존에 두꺼운 매트 깔려있고 폼롤러도 여러개 있어서 마음에 듭니다.,트레이너분들 친절하시고 기구들도 깔끔하고 종류도 다양하네요 ~추천합니다 !,운동하기 너무 쾌적한 공간이고 깔끔해서 너무 좋습니다,시설도 깔끔하고 다들 친절하세요!
6,20대라면 누구나 한번쯤은 생각하는 버킷리스트 중 하나 바디프로필 맞죠? 평소에 운동을 좋아하기도 하고 주변 친구들도 바디프로필 많이 찍다보니 저도 모르게 관심이 많이 가더라구여 기존에 다니는 헬스장 담당자가 바뀌면서 다시 알아보고 시티짐으로 PT 이용했는데 마침 이벤트 중이라서 저렴하게 잘 다니고 있어요! >< 바디프로필 찍는 날 벌써 한달 남았는데 벌써부터 설레요 ㅎㅎ,운동이 처음이라 많이 미숙한데 꼼꼼하게 자세 봐주셔서 덕분에 기분 좋게 운동 하는 중이에요ㅠㅠ 항상 방문 할때 퇴근하고 방문해서 저도 모르게 지쳐 있을 때가 많은데 카운터에서부터 친절하게 인사해주셔서 넘넘 좋아요 :) 정말 시티짐 강추합니다~????,여름 맞이 피티 등록하고 왔어요! 여러 헬스장 많이 다녀봤는데 그냥 영업만 하시려고 하는 곳들이 많았는데 여기는 영업이 아닌 정말 저에게 맞는 필요한 운동법을 잘 알려주셔서 너무 좋아요!!! 여름휴가까지 약 2달정도 남았는데 그 전까지 열심히 해서 다이어트 성공할꺼에요 ㅋㅋㅋ,헬스장 한번도 안 다녀봤는데 친구가 다니는 곳이라 처음으로 이용했어요! 사실 처음에는 잘 할 수 있을까 걱정과 함께 기대도 많이 되었는데 기구들이 다양해서 하루하루 헬스 다니는 재미 붙여서 다니고 있어욬ㅋㅋㅋㅋㅋㅋㅋㅋ 헬스 3달 이용 끝나면 PT도 이용해볼까 고민 중이에요ㅎㅎ,"헬스장은 거의 안 가보고 여기가 두번째
헬스장 인데요. 
정말 기구도 좋고 깔끔하고 너무 좋습니다.
여기 근처에 사시는 분들은 진짜 축복 받으신거에요!!",우연히 인스타에서 보여 집 앞이기도 하고 헬스장 등록했어용 내부도 넓고 시설도 깨끗해서 잘 이용하고 있습니당 ㅎㅎ,요즘 몸이 자꾸 삐그덕거려서 찾아보다가 방문했는데 선생님이 꼼꼼히 봐주셔서 잘 하고 왔어요! 감사합니더!,"동네에서 몇군데 헬스장 다녀봤는데, 여기가 가장 깔끔하면서도 기구도 다양해서 계속 꾸준히 다니고 있어요~ 퇴근 이후 시간에도 심하게 붐비는것도 아니라 좋아요~^^ 가성비 좋은 곳입니다.",?? 좋아요,
7,,,,,,,,,,
8,"솔직히 센터 컨디션이나 기구 그런거 잘몰라서 쌤만보고 왔는데 센터 기구들도 좋은거고 샤워실도 깔끔하고 센터복도 괜찮았습니다! 

처음 피티 진행할때 허벅지 굵어지는거 싫고 엉덩이는 키우고싶다고 했는데 신경 써주셔서 만족했고, 운동할때 어는 근육에 힘이 들어가야하는지 하나하나 집어주셨습니당 전태수 선생님 최고!!","수입머신 45종 … 진심 이런헬스장 저는 처음봤자나요 헬스장계의 샤넬인가 진짜
다른곳은 하체기구 1개 있는데여긴 하체기구 10개..
중곡동 헬스, 아차산역 헬스 중 최고인듯해요!!
저는 약간 헬스장가면 나만보는??? ( ?? ??? )
알아서 눈치를 보게되고 녹슬고 기스나있는 기구는 하다가 다칠거같은 느낌이 들어 운동이 꺼려지더라구요 그런데 여기는 죄다 최신식!!!
레오샘께 피티 받았는데 완전최고입니다
피티는 레오샘!!",머신이 최최최고급이에요. 광진구 스케일 아닌거 같은 다른세상 클럽이라 운동할맛이 옴총 납니닷,"상담도 자세하고 친절하게 해 주시고, 기구도 다양하고 시설도 좋아서 운동 재밌게 할 수 있었어요:)",좋은기구 좋은머신은 다 여기 와있나요...? 시설 너무 깔끔해서 다닐맛 납니다 유산소존에는 다 비말차단기가 있어서 안심되구용 아몰라 아무튼 좋아요 재등록하러가야지,넓고 시설이 좋아요! 기구도 많고 유산소 칸막이가 다 되어 있어서 안심하고 운듕 가능하답니다!!,기구가 좋아요!깨끗합니다~,다양한 운동기구들도 많고 깔끔해요. 정리도 환기도 잘 되어있고 코스크 하시는 분들도 없어서 마음 놓고 운동할 수 있어 좋아요. 광진구에서 여기만한 헬스장은 없을거에요.,진짜 기구도 많고 피티쌤도 엄청 친절해서 좋아요♥♥ 제일 좋은건 프리웨이트존 진짜 빵빵하고 스트레칭존이 엄청 넓어서 좋아요!!!!,트레이너쌤이 친절하십니다!!!! ㅎㅎㅎㅎ 넓고 쾌적해서 좋아요
9,,,,,,,,,,
10,.,좋아요,그냥그래요.동네에 있는거라,비싸다.코로나인데,좋아요,,,,,
11,,,,,,,,,,
12,,,,,,,,,,
13,굳굳,좋아요,"트레이너 쌤들도 친절하시고 개인운동 할 수있는 gx룸도 넓어서 좋아용 !!!헬스장 가는게 세상 싫었는데,,도완쌤 덕분에 운동에 재미를 찾았습니다 꺄호 강추엥욥????????",굿굿,운동하기 좋아요,운동하기 너무 편하고 트레이너쌤들도 친절해요! 전 여기서 PT받으려고 합니다!,굿,좋네요!,조아여,"연초에 다니다가 재등록하고 다니는데 코로나시점에 리모델링을 해서 참 합리적으로 운영한다 생각하였고, 훨씬 쾌적하고 넓어진 늒낌! 승생님들도 친절하고 이벤트 피티인데돞 잘 알려주셔서 아주 맨족합니다!! 보라색 조명 너무 아름다워요. 번창해세요!"
14,깨끗하고 좋아요,좋아요,굿,엄청 좋았습니다.,친절해요,가깝고 깔끔해요,사장님이 정말 친절하세요. 라떼 큰사이즈도 팔아서 굿. 여기 커피 먹고 면접 합격한거 같아서 기분이 좋네요 ??,라떼가 맛있어요- 원두도 선택 가능합니다,깨끗해요,좋아요
15,"처음 운동을 시작해서 어설프게 혼자 운동하다 자세 잘 못 잡고 습관 들이면 다칠까 봐 ..! 첫 pt를 추선호쌤이랑 함께 했는데 수업 20회 동안 정말 많은 것도 알려주시고 편하게 수업 이끌어주셔서 좋았어요! 

무엇보다 개인 운동할 때도 다치지 않고 안전하게 기구 잡고 내려오는 법 .. 이런 섬세한 방법까지 알려주시는 .. ㅎㅎ 저같은 헬린이들은 겁내지 마시고 추쌤에게 운동 배우시면 후회 안 하실 겁니당","운동 꾸준히 하는 헬린이에요!!
아마 쇠질좀 했다하는 분들이라면 저랑 비슷하게 원판들 정리가 잘되어있는지, 사람들 에티켓은 좋은편인지 같은걸 볼거같은데~ 나만그런가? ㅋㅋ

 아무튼 가격대비 기구도 좋고 인포 선생님 분들도 진짜 단순히 친절한게 아니라 저포함 모든 사람들을 진심으로 챙겨주고 돈으로 보는게 아니라는게 느껴져서 재등록 했어요 ㅎㅎ

솔직히 옆에 스포애니 가볼까 했다가?! 일이만원에 운동 어색하게 할바에 전 여기서 쭉 하렵니다 ~~ 그리고 지금 확장공사 하시는데 더 넓어지기를 기대할게요 ㅋㅋㅋㅋ 계속 여기 있어주세요!!",추선호 트레이너님께 수업 받고 있는 회원입니다! 수업때 아주 다양한 루틴으로 저의 의지를 불태워주시고 제 운동 능력치를 최대로 올려주시려는 ??뜨거운??열정에 매번 감동 받습니다! 의지박약이신 분들 추쌤을 찾아주세요 분명 운동이 재밌어지실거에요????,헬스장만 끊으면 런닝머신만하고 집에가는 경우가 많았는데 트레이너 주영쌤 만나면서 운동에 재미도 붙이고 체력도 많이 좋아졌어요!!! 저의 스승님????짱짱먄!!! 저는 PT 자체가 부담이였는데 쌤한테 수업받지 않았다면 후회가득했을꺼에요?? 벌써 2번째 연장이네요!!! 주영쌤덕분에 제가 헬스랑 친해지게되고 운동하는 방법을 배우면서 욕심도생기고 오기도 생기더라구요! 앞으로도 계속 쌤한테 수업받으려구요!! 빡운동 하고싶으시다면 오세요!!!!!!!!??,평일 마지막 타임으로 운동 하는데 늘 재미있게 알려주시는 추선호PT쌤?? 몸이 말을 잘 안듣는데 자세 잡아주시고 잘 풀어주고 거기에 맞게 운동도 알려주셔서 재미있게 운동 하고있어여!! 감사합니다??,리모델링 확장 너무 좋아요 !센터 측에서 더 쾌적하게 운동 할 수 있는 환경을 신경 써주시는 것 같아요??,너무 열심히 잘 가르쳐주시고 환경도 좋아요. 추선호 쌤 너무 좋아요!!ㅎㅎ,친절하셨습니다. 등록했어요,너무 좋아요.~ 친절하셨습니다,"운동이 무료해졌을 때여서, 피티 도움을 받으려고 등록했습니다! 시설도 깔끔하고 체계적으로 관리가 잘 되어있어요! 추선호pt쌤이 잘 이끌어주셔서 운동하는게 너무 즐거웠어요! 연달은 수업으로 힘드셨을텐데 매 시간 에너지 넘치시고, 수업시간동안 회원들의 잠재력을 최대한으로 이끌어주시려는 모습에 감동받았습니다:) 감사합니다!"
16,,,,,,,,,,
17,여러가지 배울수가 있어요,다시 시작할 수 있어 행복합니다.,직원분들도 친절하시고 수영을 겁없이 할수있게 가르쳐주셔서 좋습니다:),월수금 수영 좋아요,코로나 이후 첫 수영 기대됩니다,문화센터 수영 좋아요 사람은 많구요,바이올리수업 기대되네요,여러 프로그램이 저렴해서 좋아요,문화센터 좋은곳,운동 열심히 하여 건강유지 잘할거 같아요
18,저렴한 가격에 등록했어요 신규 등록시 무료피티 1회까지!,가격이 싸고 운동하기 좋다 조금 아쉬운 점은 기구가 많이 없다,저렴하고 좋아요,운동쉬다 오랜만에 다시 등록했는데 좋음,"저렴하지만 있을건 다 있는 헬스장이에요. 직원분들도 엄청 친절하세요~! 유산소존 무산소존 나뉘어져 있고, 매트 깔고 맨몸운동 할 수 있는 공간도 마련되어 있어 좋습니다. 평일 밤 늦은 시간에도, 주말에도 저녁까지 운영해서 좋아요.",??,굿,굿,굿,굿
19,골프 연습장. 경로 우대 받아 2시간에 4800원으로 정말 저렴하니 좋아요,광진구에서 운영하는 곳이라서 좋아요,건강해지려고 열심히 필라테스 해요. 구청에서 할인도해주고. 감사감사^^,"합리적인 가격, 코로나에 좋은 환경",가깝고 다양한 운동있거 좋아여,저렴해요,깔끔하고 운동하기 좋아요!,좋아요,간단하게 운동하기좋아요,좋아요
20,"첫 등록은 리뷰 대충 남겼는데 재등록하며 이번엔 좀 자세히 리뷰 남겨요! 
이전에 여러 운동 등록만 하고 결국 안나가게되면서
기부 많이 하고 다녔는데 ㅠㅠㅋㅋㅋ 
여기서 처음으로 꾸준히 운동해봅니다
처음에 무료 피티가 있어서 부담없이 시작할 수 있었어요 다시 리뷰 쓰는 날 올 때까지 또 열심히 운동 !!!!",주변 헬스장보다 넓어서 많은 사람이 운동해도 쾌적합니다.,조아요,좋아요,PT받으실분들 여기 강추 합니다! 여타 다른 헬스장 들이랑 다르게 상담 할때부터 달라요 인바디 로만 상담하는 다른 헬스장 과 다르게 체형분석기 로 불균형도 측정해서 체계적으로 트레이닝 시켜줍니다 저도 골반이 틀어져있었던 사실을 여기서 알고 5달전에 PT등록 했다가 요번에 재등록 다시 했네요 수업 받고 끝이 아니라 이후에 카톡으로도 케어 끝까지해주시고 수업 했던 내용 정리해서 보내 주시는 꼼꼼함 까지 .. 돈이 아깝지 않을 만큼 만족 했습니다!,거북목 교정 받으러 갔었는데 어깨개 더 말려있단 사실을 알고 둘다 교정 받음.. 여기서 거북목 타파함 ㅋㅋㅋ 시설도 깔끔 하고 좋음 bb,평소에 혈액순환도 잘 안되고 체력도 떨어져서 근처 헬스장 찾다가 등록 했어요 반신욕 있다는 거 가 아주 좋은거 같에요!! 헬스장 도 넓고 쾌적해서 맘에 들었어요 아 그리고 그룹PT도 있어서 1:1PT가 부담인 분들이 하시면 좋을거 같아요!,굿,운동 기구가 엄청 많고 넓어요. 무료pt도 완전 만족합니다. 5층 싸이클존에 햇살도 잘 들어오고 좋은 것같아요,굿
21,필라테스 수업은 좋고 가격도 싼데 인포 직원들.. 말잇못^^,기구도 다양하고 좋았어요!,가격이 갠찮아요 등운동 기구는 생각보다 별루 없네요,수업 도중 자세가 틀어진 부분을 잘 잡아주십니다!,시설이 좋아요,기구도 다양하고 동선 깔끔합니다~! 추천추천!,필테 선생님이 너무 친절해요 ??,Good!,가성비 최고,무엇보다 가까운 곳에 있어서 좋네요! 담에도 이용하러 갈께요~
22,"처음 방문해서 헬스 이용하게 되었어요ㅎㅎ
시설도 좋고 기구도 다양해서 운동하기 좋고
상담해주신 트레이너 선생님께서 엄청 친절하게 설명해주셔서 좋았습니다^^
아차산역 5번출구에서 조금만 걸어 내려오면 있어서퇴근하고 운동하기에도 좋습니다^^
아차산 능동근처에 사신다면 휘트니스 트리에서 운동하는거 추천드립니다????????
득근득근!!????","역이랑 가까워서 좋아요~!
기구들도 다양하고, 테라스가 있어서
운동하다가 답답하면은 나가서 바람쐬고 들어온답니당ㅋㅋ
가성비 최고의 헬스장??",일단 위치가 아차산역에서 정말 가까워요 최고! 시설도 쾌적하고 깔끔해서 이용하기 너무 좋아요ㅎㅎ 무엇보다 사장님이 너무 친절해서 갈때마다 기분좋고 편하네요~,집에서 가까우니 좋아요,,,,,,
23,여기저기 둘러보다가 처음 상담 받을때부터 너무 친절하시고 상담도 전문적으로 잘해주셔서 등록하게 되었어요~ 운동기구도 많고 시설도 깨끗해서 운동하기 편하네요 제일 좋은점은 직원분들이 너무 친절하세요!!,기구들이 깨끗하고 다양하고 좋습니다 항상 쾌적한 공간제공이 제일 맘에 들어요 그리구 점장님이 친절하셔서 헬스 초보인데 운동하고 싶게 만들어 주시니까 너무 좋습니다!,런닝머신이랑 싸이클도 많고 고장난 것 없이 깨끗해서 좋았어요! 그리고 다른헬스장에는 잘 없는 마이마운틴이랑 계단도 있어서 바로 등록했습니다. 보통 헬스장은 어둡게 해놓은 곳이 많은데 여기는 조명도 밝고 청결해보여서 좋았습니다. 선생님들도 다들 밝게 인사해주시고 친절하게 상담해주시니까 부담없이 방문해서 상담받아보세요.??,시설도 굉장히 깔끔하고 청결에 힘쓰는게 눈에 보였어요! 강사도 하나하나 놓치지않고 자세하게 봐주시고 에너지 넘치게 해주시니 파이팅이 생겨서 즐겁게 하고 있어요!,동네에 유산소 계단 있는 곳이 많이 없는데 여기에는 있어서 등록했어요,헬스장 여러곳 다녀봤지만 이렇게 친절한 곳은 처음이에요! 기구도 깨끗하고 관리가 잘돼있네요. 무엇보다 부담없이 여자 혼자 운동하기 좋아요??,매우 깨끗하고 좋은 기구들로 가득 차 있어요. 가격도 합리적이어서 정말 만족합니다,시설 좋고 쾌적! 집근처 가까운 거리에 이렇게 깔끔한 헬스장 있어서 너무 좋아요. 직원분들고 서글서글 친절하셔서 다니기 좋습니다 ㅎㅎ,"급 찐 살때문에 운동좀 하려고 가봤는데, 기구도많고 시설도 깔끔하고 좋았어요 결제하고왔네요-^^",기존 한달 등록했다가 왜 한달만 했었을까… 후회하고 연장했습니다~
24,"헬스를 처음 시작해서 잘 따라갈 수 있을지 걱정 많이했는데 이재성 트레이너님께서 초보자도 잘 소화할 수 있게끔 차분하고 친절하게 잘 알려주시고, 맞춤형으로 잘 지도해주셔서 추가 10회 연장하여 다니는중입니다. PT 받을 때마다 영상 찍어서 공유해주셔서 혼자 운동할태 유용합니다. 여성전용 헬스장이라 주변시선 신경 안쓰이고, 시설이 쾌적하고 깔끔합니다. PT 끝나고도 개인운동도 여기서 계속 이어나갈 생각입니다~^^","Pt 처음인데 이사가기 싫을 정도로 좋아요!! 트레이너쌤들 다 친절하시구, 늘 청결하게 관리 잘 해주세요. 처음 상담갔을 때도 운동목적부터 체형분석까지 차근차근 설명해주셔서 좋았어요. 김진명쌤한테 수업듣고 있는데 질문하면 항상 자세하게 설명해주시고 동기부여를 어어엄청 잘해주십니다 ㅎㅎ동작도 하나하나 꼼꼼하게 확인해주세요:) 적극 추천합니다ㅏㅏ~~",헬스장이라 하면 3일만 나갔던 제가 근 1년째 다니고 있습니다. 타 헬스장과는 다르게 편안한 분위기에서 운동 할 수 있고 선생님도 꼼꼼하게 알려주셔서 운동에 흥미를 붙이며 계속 재미있게 다니고 있습니다! 저에게 운동의 재미를 느끼게 해주셔서 감사합니다!!!,깨끗하고 쾌적한 시설이예요 무엇보다 여름인데도 땀냄새 없는게 좋네요 여성전용이 최고,다른 곳에서도 PT 상담 많이 받아봤지만 이곳만큼 꼼꼼히 상담해주신 곳 없었어요 ! 체형분석도 같이 해주시고 상담 때 말씀주신 문제점 개선하는 걸 중점으로 수업 진행해서 넘 만족하면서 다니고 있습니다 ????,시설깔끔하고 피티 수업도 꼼꼼하게 봐주세요!! 구의역 헬스장으로 강추????????,선생님이 친절하시고 자세도 하나하나 잘 교정해주며 운동기구도 관리가 잘돼있습니다!,여성들만 이용할 수 있어서 좋아요~~^^ 기구들도 다양해요. 정수기랑 선풍기에 먼지가 많은게 좀 아쉬워요. 다른건 다 만족해요~~^^,"상담도 친절하게 잘 해주시고, 체성분이랑 체형 분석까지 해주시면서 설명해주셔서 좋았어요! 시설도 깔끔해서 바로 피티 20회 등록했습니다!!",선생님이 친절하고 시설이 깨끗하고 관리가 잘되어 쾌적합니다!!! 여름에 운동하기 좋습니다!!! ?? 1년째 다니는 중입니다!!!!
25,근방에서 제일 합리적인 가격인것같아요,"옷이좀 더럽습니다 여기저기 빵꾸나있고
샤워실도 청소가 안되어있습니다.
여기저기 먼지투성이..
고장난기구가 2주넘도록 안고치고있습니다.

크게불만은 없는데 좀 관리안하는거같아요",집 근처에 있는 곳들 중에서 진짜 제일 괜찮습니다.,"일단 뷰가 좋은 헬스장. 6층에 있어요. 그게 가장 큰 장점이네요! 건대 사람들 일몰보며 운동하니 덜 지루합니다. 트레이너님들이 친절하고 전문성 있으시네여. 웨이트, 스트레칭, 유산소로 공간 분리가 잘되있어요.",처음 방문했을 당시에 상담을 너무 친절하게 해주시고 가격도 합리적이어서 바로 등록을 하였습니다. 지금은 이용한지 열흘 정도 지났는데 위치와 시설이 너무 좋아서 매우 만족하면서 다니고 있습니다.,역이랑 가깝고 시설도 좋아서 1일권 끊어보고 바로 3개월에 락커까지 질렀습니다~~ 직원분들도 친절하게 잘해주셔서 부담없이 다니고 있어요,"처음 헬스장 다니기 시작해서 운동이 재밌어지기 시작한 곳입니다. 에너지를 받고 가는 곳이라서 추천합니다. 피티 쌤들도 좋고 인포 선생님들도 친절합니다.
회원분들도 매너가 좋습니다. 
탈의실 바닥 청소도 열심히 해주셔서 쾌적하게 운동하고 있습니다~",직원분들이 친절하십니다,"오늘 일권으로 이용해보고 3개월권을 끊을지말지 고민해보려했는데 시설들이 너무 좋아서 6개월권 끊어버렸네요ㅎㅎㅎ 샤워실도 개인부스처럼 칸막이가 다 있어서 너무 편했어요! 기구도 많고, 음악소리도 적당하고 너무 좋았어요!",깔끔하고 좋습니다 ㅎㅎ
26,,,,,,,,,,
27,??,,,,,,,,,
28,굿,굿,굿,굿,굿,굿,굿 굿 굿,굿,좋아요,굿 굿 굿
29,"이창민 트레이너 선생님께 수업 받고 있습니다:)
자세도 항상 꼼꼼하게 봐주시고 모르는 부분도 설명 쉽게 잘 해주십니다! 
선생님 덕분에 운동을 재미있게 하고 있어요~
공간도 넓고 시설도 깨끗해서 운동에 집중이 더 잘 되는것 같아요????","단순히 집에서 가까워 결정했던 헬스장인데, 공간도 넓고 기계관리를 잘하시는것 같아요. 5개월째 이창민 트레이너 선생님에게 PT받고 있습니다. PT든 헬스든 운동 자체가 처음인 저에게 처음부터 차근차근 친절하지만 확실하게 가르쳐 주셔서 만족하고 있습니다!","처음으로 운동 해보려고 방문했는데, 상담 선생님 및 트레이너 선생님도 친절하시고 초보인 저한테 차근차근 잘 알려주세요~^^",이창민 트레이너쌤한테 피티 받고 있는데 체지방율도 줄고 자세를 꼼꼼히 봐주셔서 좋습니당!,"김겸우 트레이너님께 수업받고있습니당 ! 수업을 정말 체계적이게 잘 가르쳐주셔서 수업하는 내내 
늘 즐거운 마음으로 운동했어요 ! 몸도 점차 좋아지는 모습을 보니깐 자존감도 올라가더라구요 그래서 또 끊을 예정이에요 ??역시 믿고보는 겸우쌤 ???헬스장 분위기도 너무 좋고 다들 친철 하셔서 전 여기 헬스장만 다닐라구요 !! 샤워장이랑 탈의실 리모델링하고있는중이던데 얼마나 더 깔끔해질련지 기대가됩니다 선생님들 적게 일하시고 돈 많이 버셨으면 좋겠어요 ??","들어올때부터 바닥이나 시설이 깔끔한게 첫인상이 너무 좋았고
선생님들이 친절하고 자세하게 상담해주셔서 믿고 다닐 수 있겠다! 싶었어요??
혼자 운동하고 있는데 먼저 다가오셔서 간단하게 티칭도 해주시고.... 감동받았잖아요??
앞으로도 잘부탁드릴게요!",쌤들이 너무 친절하셔서 항상 즐거운 마음으로 운동하고 있어요. 공간도 널찍하고 기구도 모두 새것같이 잘 관리되어있어요. 인바디검사도 눈치 안보고 아무때나 할 수 있어요. 청소도 잘 되어있고 땀냄새도 안나고 동네에 이런 곳이 있다는 게 참 좋은 것 같아요. 가까이 사시는 분들께는 강추합니다!!,겸우쌤 너무 친절하게 열정적으로 알려주십니다 리모델링으로 공간도 넓어졌어요 아주 잘 다니고 있습니다^^,"카운터 팀장님부터 선생님들까지 넘나 친절하시구 헬스장 분위기 넘조아서 1년째 다니구 있어여????
원래 헬스장 다니면 피티쌤들 안맞는 샘도 많아서 좀 불신있었는데ㅜㅜㅜ 요기 오석쌤 완전 추천이에여 친절 + 할수있다구 늘 응원해주셔서 건강하고 잼나게 운동 가능임댜??
완전 강추!!!!

카운터쌤두 서글서글하셔서 운동 모르면 마니 가르쳐주시고 말도 걸어주시고 친근 친절말기 ????
저 다니고 친구한테까지 추천해씀댜 ㅋㅋㅋ",새로 교체한 싸이클이라서 깨끗하고 기구 사용법을 잘 모르면 먼저 다가오셔서 친절하게 알려주시고 풀업 밴드도 있어서 너무 좋아요??
30,좋아요,괜찮아요 운동하기 좋습니다,,,,,,,,
31,굳,좀 비싸긴해여,"전에 다니다가 다시끊었어요:)
기초체력이 너무딸려서 필라테스 해볼까했는데
그건 유튜브로 홈트하려구요
이벤트하니깐 가보세요",좋아요,좋아요,카운터 여직원께서 정말 친절하세요?? 운동기구도 많고 프로그램도 다양해서 꾸준히 다니려고 합니다??,열심히 다녀보겠습니다 ! ?????♀?,좋아요,시설도 깔끔하니 기구가 많아서 좋아요~,기구도 많고 좋아요
32,"전에 다른 헬스장 트레이너분들께도 PT를 받아 보았으나 정대일 트레이너님께 수업을 받고나서 몸 변화가 눈에 띄게 달라진거 같습니다!! 자세와 자극점을 잘 느끼게 해주셨고 항상 파이팅 있는 모습에 덩달아 저도 파이팅있게 수업을 받았던거 같아요 ㅎㅎ
운동에 재미 붙게 해주셔서 감사합니다!!",허예지 트레이너 분에게 배우고 있는데 굉장히 친절하고 꼼꼼하게 알려주세요. 자세와 운동효과에 대해서도 자세히 알려주셔서 운동하는데 많은 도움을 받고 있어요. 운동기구도 많고 다양해서 시설도 좋아요.,"아크로짐 오픈후로 계속 다니고 있습니다
정대일 트레이너님께 PT 받았어요!
친절하게 잘 가르쳐 주시고 재미있게 운동 할 수 있어요! 카톡으로 질문도 잘 받아주셨어요! ????
여성분들께도 완전 추천합니다!",시설도 좋고 김현재 트레이너 님께 수업 받는데 트레이닝 시간에 집중도 최고로 올려주시면서 운동알려주셔서 정신 차리면 운동 끝나있고 항상 너무 좋습니다!!,"리모델링 되고 기구도 많아지고 공간도 엄청 깔끔하고 넓어졌어요?? 지금 이상정 트레이너쌤한테 PT받고 있는데 워낙 경험도 많으시고 하나하나 세세히 잘 알려주서서, 진짜 제대로 운동 배우는 느낌이예요 !! 
한시간을 꽉 채워서 알차게 운동시켜주세요 ㅋㅋ??
제대로 건강해지고 목표몸무게 달성할수 있을거라고 격려도 엄청많이해주시고ㅋㅋㅋ 완전 추천합니당??",생긴 지 얼마 안 돼서 시설 너무너무 좋아요 글구 유림쌤 진짜 잘 가르쳐주시고 짧은 시간 안에 운동효과 팍팍 나게 해주세요 최고????,"헬스 3년반 하면서 올림픽북단 사거리에 있는 헬스장다 다녀봤는데 아크로짐이 제일 나아요!
랙 8대에 프리웨이트존도 2곳이라 프리할때 
혼잡하지 않고 너무 좋습니다
그리고 자세 다듬을겸 김기욱쌤 한테 PT10회 등록했는데 9회 받고서 확실히 몸에 변화있어요!
기욱쌤 감사합니다~",PT 10회 끊었다가 20회 더 연장했어요! 시설도 깔끔하고 기구도 많아서 넘 좋아요~~ 살면서 운동도 처음이고 낯도 가려서 걱정이 많았는데 예지쌤 PT 받고 나서 운동의 즐거움을 알게됐습니당 'ㅅ'♡ 덕분에 이젠 취미가 운동이 됐어요 여자분이라면 허예지 선생님 추천드립니다??,"렉이 무려 9대나 있어요.
리프팅바닥도 시공되어 있어서
꼭 한번써보고 싶은 운동공간입니다.

정말제대로 헬스를 하고자 한다면
꼭 등록하셔야하는 공간? 인것같아요.
오픈세일중이라 금액도 저렴하고
저는 완전 추천합니다.",진짜 다들 친절하시고 구의쪽에선 아마 젤 깨끗하고 분위기 좋은 헬스장 같아요! 피티도 가격 괜찮고 특히 정대일쌤 너무 잘 가르쳐 주셔서 진도 빨리 나갔어요! 적극추천! 대일쌤 한테 피티 받으시면 재밌게 수업 진행 해주시니까 많이들 찾아주세요~!
33,,,,,,,,,,
34,굿,만족합니다만족합니다,친절하다,친절하다,,,,,,
35,연습장이 같이 있어서 좋아요 단점은 아주머니들이 서로 자리잡아주고 너무 독점해요,조아요,"자양동쪽에서 많은 헬스장을 가봤지만 

최고인듯!! 
가격도 이벤트인지 뭔가 엄청 저렴하거라고요!!
운동 열심히 하실거면 강추합니다","이제 추워서 집근처 실내골프연습장 찾다가
헬스도같이할겸.
휘트니스베이로 오게되었는데.
금액대비 너무좋네요.
골프존gdr도있구요.프로님도너무친절.
 가장좋은점은 골프존플러스도 있어서.
혼자가끔18홀씩치기도 좋아요.
강추",해머스트렝스 레그프레스 구형 찾기 힘든데 여기 센터에 있어요! 운동 잘 하구 갑니다 트레이너분들도 참 친절하고 기구 설명도 잘해줘요! 재방문의사 1000%,"오늘 처음 등록했는데 기구 종류도 다양하고 특히 
광배 운동을 부위별로 집중할 수 
있어서 좋아요 
다른 헬스장도 다녀봤지만 여기만 한 데가 없네요!",너무 좋아요 시설도 깨끗하고 상담도 친절하게 잘 받았어요!!!! 가격도 시설에 비해 가성비 짱인듯!!,자양동 헬스장 중에서는 여기가 머신도 제일 좋고 해머스트렝스도 있고 자양동중에서는 제일 좋고 가격도 제일 저렴하네요!!!! 꼭 여기 추천합니다,프리모션 v쿼트 해머스트렝스 로우 머신이 많아서 좋습니다,주변 헬스장 다 알아봤는데 가격 제일 저렴하고 머신들도 좋아요!! 운동 공간도 넓어서 쾌적합니당 : )
36,"필라테스가 생긴지 얼마 안되어서 정말 깨끗하네요. 전에 사용하던것이 아닌 왠전 새것 ㅎㅎ 선생님도 좋고, 필라이후 헬스 사용가능한것도 마음에 듭니다. 1호점과 병행도 가능하고.","센터 기구도 다양하게 많고
사람이 너무 북적거리지 않아서 좋았어요
피티 상담도 받아보았는데
자세히 설명해 주시고 공감해 주셔서 도움이 많이 됐습니다
굳굳",처음 필라테스 이용이었는데 상담도 친절하시고 수업도 제가 부담없이 따라갈 수 있었어요! 사실 처음이라 혼자 뒤쳐질까봐 걱정도 되었는데 오히려 수업 들으면서 자신감도 생기고 더 수업 듣고 싶은 욕구 생기더라구요!! 처음으로 3개월 했다가 7개월치 재등록 했습니다!!,그룹수업 이용하다가 개인레슨으로 용기내어 필라테스 수업 시작 했는데 선생님이 수업 때마다 자세를 하나하나 다 잡아주셔서 너무 만족스러워요! 퇴근 후 방문해도 제가 원하는 시간에 맞춰 수업할수 있어 좋아요 ^^,큰 마음 먹고 바디프로필 찍으려고 바디프로필 이벤트 이용권 결제했어요 ㅎㅎ 사실 인스타에서 뜨길래 우연히 보고 저렴한 맛에 결제했는데 담당 트레이너 선생님도 정말 잘 알려주시고 식이 운동 꼼꼼하게 체크해져서 너무 감사해요! 앞으로도 잘 부탁드립니다 :),시설이 너무 깔끔하고 기구가 다양해서 좋아요 ㅎㅎ 자세 시범 보여주시고 돌아다니면서 자세 하나하나 확인 해주시니 관리 받는 느낌 들고 너무 좋아 친구들한테도 찐으로 추천하는 곳이에요^^,건강때문에 급하게 찾은 곳인데 기구도 다양해서 여러가지 운동을 할수 있을 것 같아서 너무 좋아요 >< 헬스장 찾으시는 분이라면 정말 추천해요!??,상담 친절하게 해주셔서 친구랑 같이 6개월 결제 했습니다! 시설도 깔끔하고 주차도 등록 되서 좋아요!,강사선생님들이 밝게 인사해주셔서 기분이 좋아요~ 체형 잘 잡아주셔서 좋아요!,동작 하나하나 꼼꼼하게 알려주세요 친절합니다 굳!
37,"화양동 일대 주변에서는 가장 큰 규모의 헬스클럽. 접근성이 좋은 편이며, 주변 편의시설인 gs슈퍼마켓/화양시장/국민은행ATM기기/건대먹자골목이 연계되어 있는 것이 장점입니다. 일대가 20~30대 연령대가 많이 거주하는 지역이라 분위기가 타 휘트니스 클럽보다 young하고 활기찹니다. 무난한 선택이 될 수 있는 휘트니스 클럽이라고 봅니다.

다만 개인적으로 추가적으로 보완해줬으면 하는 상황
*이용빈도가 낮은 자전거 머쉰 1~2개, 극소수만 이용하는 기계는 오히여 빼내서 이동 공간을 넓게 확보
*샤워실은 샤워기 개수를 추후에 늘리는 구조변경이 이루지면 좋겠으며, 하수구 물빠짐이 더 원활하게 관리되면 좋겠습니다.",기구도 다양하고 깨끗해서 운동하기 쾌적 해여~ 건대에서 여러 헬스장 다녔었지만 여기가 제일 마음에 듭니다! 주차장도 넓고 바로 밑에 마트 있어서 프로틴 구매도 숴워여,시설도 깔끔하고 머신도 많아서 운동을 골고루 하기 좋습니다. 렉도 많아서 프리웨이트에도 좋아요~^^,"※ 개선사항 (장점도 많지만 400자제한)

1. 덤벨 노후화
1~5Kg 제외한 조립식 덤벨 상태가 전체적으로 좋지 않습니다. 예) 7kg 덤벨 레이즈시 양옆 고무가 같이 돌아감. 30kg 덤벨은 고무부분이 찢어지고 뜸.

2. 머신,그립 손잡이 및 원판 위생
타운케이에서 운동 끝나고 손보면 연탄만진것처럼 시커멓습니다. 그래서 운동 끝나면 항상 손소독제 사용합니다. 공용시설이기 때문에 이부분은 조금 신경 써주셨으면 좋겠습니다.

3. 뉴텍 토크 머신간 간격
원판을 끼우거나 뺄때 머신 사이의 간격이 좁아 매우 조심스럽습니다.(입구쪽 등2 숄더1) 특히 숄더 사용중 부딪힌 경우도 있어서 간격 조절이 필요해보입니다.

4. 랫풀다운 맥그립
맥그립 손잡이 부분 고무가 찢어지고 벗겨져 당길시 손 고정이 안됩니다.",다들 착하시고 친절하세요!! 특히 힙운동기구가 많아서 좋아용 !!,"(꾸준히는 아니지만) 2년째 다니고있습니다!!
시설이 넓어서 쾌적하고 무엇보다 대표님이 헬스장 시설개선이 관심이 많으신것 같아요 
처음온 이후로 샤워실도 리모델링하시고 매달 새로운 헬스기구가 들어오는 것 같습니다 

주변에 다른 헬스장도 다녀봤는데 진짜로 여기가 제일 낫습니다 가격이 제일 저렴한 헬스장은 아니지만 시설이 무척 좋아서 만족스럽습니다",파워랙이 무려 다섯개에 공간도 진짜 넓어요 헬스인들의 성지b,시설이 깔끔하고 너무친절합니다 ㅎㅎㅎㅎ,"집이랑 제일 가까운점이 제일 좋아요
넓고 시설도 좋아요 
샤워시설도 잘 돼있어요 깨끗해요
그리고 친절하세요ㅎㅎ",자세도 엄청 자세하게 알려주시고 기구도 다양하고 쌤들 전부 친절하셔서 진짜 다니기 좋아요ㅠㅠㅠ 집 앞이라 그냥 가까워서 등록한건데 시설 보면 진짜..최고최고?? (무엇보다 쌤들 몸도 좋은데 이쁘고 잘생기셨어욬ㅋㅋㅋㅋ)
38,"기구도 다양하고 샤워실에 샴푸랑 바디워시도 있고요
탈의실에 스킨로션도 있어서 짐 많이 안들고 가도 돼서 좋아요
운동복도 사이즈별로 다양하고요
수건도 있어요
좋아서 재등록했어요
근데 운동복 바지 엉덩이 찢어진게 쫌 있는거 같아요 
확인한번 부탁드려요",기구가 너무 다닥다닥 붙어있어서 좀 답답해요 스트레칭을 할 수 있는공간도 너무 좁아서 한명씩만 스트레칭할수있어요 시설은 깨끗합니다,다 좋은데 방충망이 너무 더러워요...,삼숙이 졸귀탱??,너무 좋아요! 굿굿,굿,좋아요,선생님의 꼼꼼하고 세심한 설명이 좋았어요 운동이 더 잘 될 것 같아요 ^^,"정해승 선생님과 운동을 시작한지 3개월이 됐네요 ㅎㅎ 
항상! 마무리를 하고 리뷰를 쓰는 타입이라 리뷰를 써보고자 합니다. 
예전엔 피티와 헬스장을 결제해놓고 공중분해 시킨 사람으로써 이번에도 반신반의하며...시작했는데
일단, 정해승선생님 너무너무 친절하시구요! 무한 질문에도 늘 웃으면서 답변해주십니다... 이게 운동이 되는게 맞나요....... 손가락이 아픈데 정상인가요.....(라고 물어보면 어떻게 잡으면된다고 싫은 내색없이 늘 알려주십니다.) 지난 수업 때 어떤 무게를 들었는지도 꼼꼼하게 체크해주시고, 의욕 넘치게 해주시는 선생님 덕분에 이번 피티수업은 공준분해하지않고 마무리 할 수 있었습니다~ 이 글을 보실지 모르겠지만! 선생님! 감사합니다 ㅎㅎ 
그리고 깔끔하고 핫한 캐리스타휘트니스도 왕강추예욧!!",
39,,,,,,,,,,
40,,,,,,,,,,
41,기계가 많고 공간이 넓어서 편하게 운동할수 있었던 것 같습니다!,몰라요,"기구도 다양하고 같은기구도 여러개 있고, 유산소 존까지 따로있어서 운동하기 너무 좋아요!! 일요일도 여는 헬스장이 가까이있어 너무 좋습니다","헬스에 미친 운동 15년차 헬창입니다. 5개월 회원권 등록했는데

전 기구 수입산 최신 기구들로 빽빽하게 있네요 유산소존도 2개나 있고 아주 운동할 맛 납니다.

이정도면 광진구 탑클래스라고 인정합니다.

적극 추천합니다!!","정말 만족합니다!!

자양동 화양동 헬스장 모두 다녀봤는데 그 중 가성비 최고입니다!!

24시간 영업에 수입기구로 싹 깔려있네요 ㅋㅋ

기구들도 상태 최상급이네요 ㅋㅋ

재등록 무조건 1년짜리로 갑니다!

추천합니다!!",절대가지마세요. 개시도 안한 이용권 환불 안된다는 황당한 업체네여 다른 리뷰들은 광고예여. 물론 상담할때만 친절하구요^^소비자보호법에도 환불해줘야한다구 나와있는데 배째라예요. 못해준다고 신고하라네요.^^어이가 없어서.. 아무리 코로나로 힘들다고 해도 이런 비양심 업소는 아니라고 봅니다. 소비자보호원 신고하고 괘씸한 태도 땜이라도 법적으로 끝까지 하려고합니다. 집가까워서 정부지원 쿠폰할때 미리 끊어놓은건데 너무 후회중입니다. 시설도 좁고 갑갖햐요 자하 2층인가 그래여,라이프 정글짐3대 듀얼 케이블 파워렉 스미스 총 6대 운동 잼 있습니다,엄청 친철하시고 샤워실도 깔끔한것 같네요 기구도 좋은것 같네요 자주이용할것 같네요,"시설도 너무 좋고 운동 기구들도 다양하고 많아서 운동하기 좋은 것같아요!!

가격도 저렴한 편인듯!",지상2층 유산소존 지하2층 웨이트존 금액 3개월 건대 세종대 이벤트 165000원 입니다
42,"혼자 운동하고 대회 준비까지 한 경험은 있었는데, 직장 다니고 운동을 안하게 되어 방문했습니다. 
다시 운동을 시작하려는데 기능적인 부분에서 많이 부족하여 보완하고 싶었습니다. 고관절의 움직임이 부족하다는 것은 알았지만 해부학적으로 접근하여 설명해주셔서 쉽게 이해되었습니다.
기구도 싸이벡스, 해머, 프리모션으로 구비되어 있고 프리웨이트에도 많이 신경 쓰셔서 운동하기 좋네요
인테리어가 엄청 이쁘진 않지만 깔끔하고 운동하기는 정말 좋습니다.",굿,,,,,,,,
43,좋아요,,,,,,,,,
44,다이어트 댄스 쌤이 넘~~멋있어요 최고 ?? ??,인테리어가 멋져요,굿,굿,동네헬스! 12시까지 운영,라이프케어 운동 효과 좋아요,운동 잘하고 왔어요,,,
45,"4월달에 결혼식이여서 체중감량과 근력향상을위해 1월쯤 등록하게되었어요! 
일단 체형에 대해서 정확하게 체크해주시고 거기에맞춰서 문제해결과 제시를 해주시는점이 다른곳과는 차별화된것같아요 그만큼 체계적으로 피티진행을 해주시구요 
제 체력에 맞춰서 강도조절도 해주시고 운동을 어렵지않게 알려주시더라구요
2-3개월동안 다니면서 제가원하는 만큼 체중감량도 성공했고 인바디결과 근력향상도 되었어요 선생님 덕분에 이번주 결혼식에 마음편히 자신있게 신부입장 할수있네요 ㅎㅎ
저처럼 건강하게 다이어트하면서 근력향상이 되고싶은분들, 체형교정을 원하시는분들 고민하지마시구 등록하세요!!","19년도에 제이바디웍스에서 9키로정도 감량했었는데 코로나로 생활반경이 줄고 상황상 하루종일 앉아있다보니 체력도 떨어지고, 다이어트도 시작하려고 다시 등록했어요! 전에도 안좋은 부분 하나하나 신경써서 운동 진행해주시고, 트레이너쌤도 엄청 친절하셔서 묻지도 따지지도 않고 다시 왔습니다..! 큰 규모는 아니지만 피티샵이기때문에 다른 회원들과 동선이 거의 겹치지 않아서 편하게 운동할 수 있다는 점이 가장 좋아요~~! 전 체력증진, 다이어트 목적으로 피티중이지만 체형교정도 같이 하시는 만큼 자세나 불편한 부분 말씀드리면 어디가 문제일 수 있는지, 어떤 스트레칭이 좋은지 세세하게 알려주시는 것도 좋아요! 피티 여러 군데에서 해봤지만 트레이너쌤 두번 찾아오면 그곳은 찐이라고 생각합니다,, 제이바디웍스 완전 추천해요!!","측만증, 하지염증 등으로 많이 고생하다가 찾은곳입니다! 세 달간 자세교정 20회 진행한 뒤 허리, 하지통증이 매우 많이 개선되었구요. 이제는 일반적인 운동도 조심스럽게 시작할 수 있는 상태가 되었어요! 개인 프로그램도 짜주시고, 회복에 신경을 많이 써주십니닷 체형적인 문제로 고민하는 사람에게 아주 추천하고 싶은 곳이에요??","피티받는 시간대에 다른 회원들이 거의없다보니 넘 삭막하고 조용했어요 운동은 잘 알려주시고 전문적이셨지만, 트레이너쌤과 성향이 잘 맞지않다보니 운동하는게 스트레스로 다가왔었던것 같네요… 전반적으로는 크게 나쁘진않았습니다.","헬스를 하면 할수록 체형이 안 좋아지는걸 느끼고등록하게 되었습니다.
기본적으로 내 체형이 왜 이런 건지 이해를 시켜주셨고 체계적으로 운동시켜주셨습니다.
제일 만족했던 부분은 그냥 무작정 운동하는게 아니라 이 운동이 내몸에 왜 필요한건지를 이해하면서 운동할 수 있게 도와주신 점 입니다.
지금은 체형도 많이 교정되고 운동 시에도 양쪽 자극이 예전보다 훨씬 비슷해졌습니다.
저처럼 운동시에 체형 불균형 때문에 고민이신 분에게 꼭 추천해 드립니다!",개개인의 체형에 맞는 운동 커리큘럼을 짜주셔서 좋아요ㅎㅎ 덕분에 기존에 갖고있던 불균형이 조금씩 개선되는 느낌!! 몸에 안좋은 영향을 미칠수 있는 습관들을 고쳐나가는데 많은 도움이 됐습니당??,친구 소개로 방문했는데 만족합니다. 피티샘이 너무 좋으시다고해서 친구믿고 등록했는데 역시 제 몸에 맞는 운동과 강도로 제대로 알려주셔서 8회차 운동했는데 2kg감량 성공중입니다. 더열심히해서 원하는 체중 만들어보려구요~박준영 피티샘 감사합니다~~^^,"제이바디웍스에 다닌지 어언 두 달이 되어가네요. 저는 하루에 10시간 이상 모니터를 보고 일해서 거북목, 버섯목 증후군이 있고 골반이 안좋았어서 상담때 말씀드렸고 저희집 책걸상 높이까지 사진찍어서 보냈어요 ㅋㅋㅋ 높이 봐주신다고. 여러 선생님께 피티를 받아봤지만 여기처럼 회원 상태를 귀담아듣고 그에 맞게 바로바로 운동 조정해주는 곳은 첨인거 같아요. 모두들 제이바디웍스 하세요 ??","본인.. 운동은 혼자서도 충분히 할 수 있다고 생각했던 사람입니다.. 하지만 스스로 운동 할 의지도 안생기고.. 점점 망가지는 심각한 몸상태(+불어난 허리사이즈) 때문에 큰맘 먹고 개인피티샵을 알아봤는데 평소 체형교정에도 관심이 있던터라 제이바디웍스에서 상담을 받았어요!
상담이 굉장히 구체적이고 이해하기 쉬운 말로 꼼꼼하게 해주셔서 우선 OT수업 먼저 받았는데 예상대로 골반이 틀어져 있었고 아치도 많이 무너져 있었어요.. 제 몸상태에 무리가 가지 않는 운동을 알려주셨고 그 과정에서 믿음이 생겨 회원등록을 하게 됐습니당!
아직 4회차인데 확실히 운동하기 전보다 몸이 가벼워졌고 체지방이 빠지는 효과를 보고 있습니다ㅎㅎ 목표 -10kg인데 벌써부터 내년 여름이 기대됩니다요!! 제이바디웍스 추천합니당!!","제이바디웍스 넘넘 강추해요!
동네에서 헬스장에서도 피티를 받아봤고 개인 피티샵에서도 받아봤는데, 제이바디웍스는 체계적이고 제 신체에 맞는 운동방법과 해결을 제시해주셔서 좋아요~
하루종일 컴퓨터를 보고있는 업무를 하는지라 자세가 많이 흐트러져있는데 운동을 하면서 거북목이나 자세교정에도 효과가 있구요! 특히 다이어트부분도 강추입니다! 제가 연말에 술 약속이 많아서 주3회이상 술을 마셨는데 꾸준히 운동을 받으면서 하니까 큰 변화 없이 연말 잘 보낼 수 있었구요~ 저는 식단을 강제로 강하게 관리하는 점은 어렵다고 제 요구사항을 선생님께 말씀 드렸더니 제가 할 수 있는 범위에서, 하지만 지켜야 할 부분들을 꾸준히 말씀해주셔서 몸무게 유지 및 체지방 감소가 순조롭게 진행되고 있어요!
구의동에서 피티 찾으시면 강추에요!"
46,"트레이너 분들도 친절하시고 전문적이세요, 군자역 헬스장 중에 제일 괜찮은거 같아요",악!,어?,악,,,,,,
47,,,,,,,,,,
48,"일단 선생님들 다 너무 친절하ㅁ니다! 글고 운동시설이 1층이랑 지하 나눠져 있어서 안 북적북적해서 좋고 기구는 잘 모르지만 전반적인 시설이 되게 깔끔해서 좋은거 같아요!!! 샤워시설에 탕도 따로 있고 내부도 넓고 쾌적해서 아주 좋슴다,,,, pt 해주시는 해인쌤도 식단 잘 봐주시고 수업도 재밌게 해주셔서 20회 소진하고 30회 더 연장했어요!
굳굳임다????",시설이 크고 깔끔해서 좋아요 지하에 유산소 할 수 있는 공간이 따로 있어서 웨이트할때 집중이 잘되는 거 같아요 또 트레이너 분들이 갈때마다 반갑게 인사해주셔서 처음 헬스해 보는데 더 잘 적응할 수 있었던거 같아요! 그리고 샤워실+탕도 있어서 운동 끝나고 몸 담그고 가면 다음날 근육통이 덜한 기분이 듭니다 따로 필라테스하는 공간도 있어서 관심 있으면 수업 받아보시는것도 좋을거 같아요 또 여성 트레이너도 계셔서 pt를 여자쌤께 받고 싶으시다면 여기를 추천드립니다! 저는 현재 해인쌤께 pt받고 있는데 자세도 잘 잡아주시고 식단관리도 해주셔서 다이어트하는데 도움이 많이 됐어요 pt받을때 잠깐 쉬는동안 말도 잘 걸어주셔서 재밌게 운동 배우고 있어요! 처음엔 가까워서 등록했는데 지금은 아주 만족하면서 다니고 있습니다!,"시설적으로는 층도 나눠져있어서 좋았고
운동기구도 종류, 갯수가 많고 시설도 깨끗했습니다.

들어가니까 쌤분들도 친절하게 응대해주시고
기본적인 안내 후에 궁금했던것들 다 친절하게 대답해주셔서 너무 좋았습니다.

맘 편하게 운동할 수 있을 것 같아서 바로 등록했습니다 :)","집 근처에서 편하게 다닐 수 있는 필라테스를 찾아보다가 후기가 좋아서 상담 후 등록을 하게되었는데 강변에 이런 1:1 필라테스 레슨을 하는 곳이 있는지 몰랐네요!
??
 체형분석부터 알아듣기 쉽게 설명해주시고 가르쳐주셔서 너무~만족 스럽고 필라쌤도 너무 친절하시고 좋아요????

매일 컴퓨터 앞에서 일하면서 거북목도 너무 심해지고 몸도 많이 굳어 있어서 뻐근했는데 퇴근하고 틈틈히 
다니고 있어서 그런지 몸도 많이 가벼워지고 매우 만족 스러워요^^

이사가기 전까지는 꾸준하게 배워볼려구요????

시설도 넘 좋구 쌤들도 다 친절하시구 넘 좋아요오오??","집이 이사했는데도 운동 너무 잘 알려주셔서 
계속 연장해서 다니고 있어요 !! 
선생님들 다 너무 친절하시고 인사도 엄청 잘해주시고 
분위기 좋음 !!! 굿굿 ??","성현쌤께 피티받고 있는데 자세도 꼼꼼히 봐주시고 세심하게 신경써주셔서 재미붙이고 있어요! 다른 선생님들께서도 늘 친철하게 인사건네주시고, 공간이 항상 깔끔해서 운동하기에도 편하고 좋아요~~!!",성현쌤한테 피티 받는데 수업 프로그램도 체계적이고 식단도 잘 짜주세요 좋아요!!????,시설이 깨끗하고 결정적인건 런닝머신도 많아서 바로 등록했습니다! 일단 한달만 끊고 댕기구있는데 넘 좋아서 담달부터는 PT도 받을 예정이에요! 다른데서 할때는 런닝머신이 적어서 PT끝나고 유산소 하려면 기다려야했는데 여기는 안기다려도 될 것같아요!ㅎㅎ,운동 잘 배우고 있어요~ 추천추천??,가까운 곳에 깨끗하고 좋은 시설이 있어서 오래 이용하고 있어요. 누구든 하신다고 하면 이곳 추천 드립니다.
49,공부만 하느라 그동안 운동도 안 했었고 PT 자체도 처음이라 엄청 고민하다가 방문한거였는데 상담 때 엄청 자세하게 설명해주시고 잘 맞춰주셔서 바로 등록 했습니다! 담당 선생님이 상아 선생님인데 자세도 잘 봐주시고 친절하셔서 좋아요 ! 제 몸에 문제?가 많은 것 같은데 꾸준히 열심히 하겠습니다 ㅜㅜ.... ?? 엄청 넓지는 않지만 기구들이 다양하고 깔끔해요 !! ????,운동을 한참 쉬다가 오랜만에 시작하려니까 모든게 어색하고 까먹고 어리둥절하면서 검색하다가 찾게되었고 집이랑 거리가 좀 있어서 고민하다가 상담만 먼저 받아보려고 방문했습니다! 그러나 깔끔한 시설도 마음에 들었고 쌤들도 친절하셔서 좋았습니다! 쌤들 한분한분이 다들 친절하시지만 이성진쌤하고 운동을 같이하게되었는데 엄청 친절하시고 재미잇고 섬세하십니다!! 운동하고나면 자극도 엄청 잘 오고 못하는 자세나 궁금증에도 잘 알려주시고 제 몸에 대해서도 먼저 많이 공부하시고 그거에 맞게 케어해주시는데 집에서 먼 거리쯤이야 유산소 운동 더 한다고 생각하지라고 마음먹게 만들어주셨습니다!! 앞으로도 잘할수있을거라는 생각이 들게 해주는 곳인거같습니다:-),운동을 생전 처음해봐서..무서움반 걱정반으로 상담을 받으러 갔었습니다..ㄷㄷ 상상했던 걱정과달리 운동보다는 생활개선으로? 상담이 진행이 되고 내가 필요한 운동이 무엇인지 하나하나 꼬집어 주셨습니다! 그리고 상담이 엄~청 친절하고 부담스럽지 않아 평소 지인들에게 하지않았던 이야기들 까지 줄줄이 해버리고 왔습니다;;ㅋ 인바디같은거 하고 체형 분석하고 자세랑 몸상태 체크후 본격적인 상담에 들어갔었습니다 체형교정을 목적으로 플랜을 짜주셨고 PT 선생님도 저와 맞게 정해주었습니다! 원래는 운동상담을 받으러 갔지만 뭔가..건강에관한 수업을듣고온? 느낌이었습니다ㅋㅋ 바로 등록! 무조건 추천입니다!!!!,"상담 너무너무 친절하게 잘 도와주시고, 식습관부터 운동 계획까지 꼼꼼하게 잘 체크해 주셨어요, 이렇게 상담부터 열정적이고 진심이 느껴지는 곳은 처음이었던것 같아요. 너무 친절하게 상담도와주셔서 감사합니다!! 오랫동안 건강하게 운동하겠습니다!","대인쌤께 2년정도 PT받았어요!
처음 운동 시작할 땐 헬스가 재밌다는 생각이 들 수도 있다는 걸 상상도 못했었는데 재밌습니다! 헬스! 물론 운동하기 싫은 날도 정말 많았지만 막상 와서 대인쌤과 운동하면 늘 즐거웠던것같아요??
쌤이 진짜 공부도 많이 하시고 본인이 배운 것들을 전달해주고자하는 의지가 강하셔서 저도 많이 배웠고, 쌤보며 자극도 많이 받았어요.
원모어핏에서 무게치는 재미, 몸에 근육이 붙는 재미를 느껴보시기 바랍니다!",요즘 여름준비를위해 다이어트결심!! 아무곳에서나 받을수없기에 꼼꼼히 따져보았어요!! 상담부터 너무 친절하고 꼼꼼하게 진행해주셔서 믿고 제몸을 맞겨도 될거같은 느낌이 팍팍?? 트레이너선생님께서도 이해가 잘 되게 설명해주시고 필라테스로 스트레칭까지 해주셔서 시원함까지!! 앞으로도 잘 부탁드립니다~??,처음 pt상담을 받으러가는데 친절하게 상담해주셔서 좋았습니다.,"다른 곳에서도 PT 받아봤는데 원모어핏 최고예요???? 저같은 경우에는 PT 받는 목적이 1) 운동 방법 터득 2) 다이어트인데 각 운동 마다 자세, 자극점, 효과 등등을 정말 자세하게 잘 알려주세요! 이해하면서 운동하니까 운동이 점점 재미있어지는 게 신기해요 ㅋㅋ 다이어트 식단도 극단적이지 않고 지속 가능하면서도 효과적인 방향으로 지도해주십니당 원모어핏에서 열심히 운동해서 여름 목표 이루려구요 원모어핏 짱 ???? 성진쌤 짱 ????",약손명가 대니쌤! 누구보다 열심히 운동 빼먹고 열심히 안했지만 그래도 끝까지 가르쳐주셔서 감사합니다ㅋㅋㅋㅋㅋ 저는 나름대로..뿌듯한 마음으로 많은 거 배워간다고 생각해요! 운동뿐만 아니라 다른 부분에서도요! 감사합니다 고생하셨어요!!,"또다시 재등록! 1:1 PT샵 중에 믿고 운동할 수 있는 곳 최고최고????????????
원모어핏에서 운동시작한지 1년!
1년 다니면서 느낀건데.. 정말 늘 뭔가 업그레이드 하려고 노력하는 곳이예요~ 그게 운동하러 다니는 사람으로서는 센터와 쌤들에 대해 신뢰가 생기는 부분이더라구요. 운동갈때마다 쌤들 모두 너무 다정하고 친절하셔서 기분도 좋고요:D
늘 제 몸상태에 맞춘 꼼꼼하고 체계적인 운동처방과 트레이닝을 꾸준히 받을 수 있어 좋았어요. 정신적 피로감 없이 즐겁게 운동하는 방법도 알게되어 운동에 대한 의지도 자연스럽게 생기게 해준 곳????"
50,집앞에 이렇게 좋은 헬스장이 있는지 몰랐어요. 시설도 크고 기구도 많아서 하고싶은 운동을 마음껏 할 수 있어서 너무 좋은것 같아요! 오티때 선생님들도 친절하고 꼼꼼하고 자세하게 알려주셔서 너무 좋은것 같습니다. 또 바디챌린지라는 이벤트를 따로 운영하고 있어서 열심히 운동해서 나중에 꼭 도전해보도록 하겠습니다!,현재 승완 선생님 한테 PT 받고 있는데 하루하루 빠르게 성장하는 제 모습 보면서 감탄 중이에요! 멸치였던 내가 승완 선생님을 만나서 고등어가 되어가고 있습니다?? 외모까지 겸비한 승완쌤 추천 드려요!!??,"찾아오는 길이 쉽지는 않았지만 오는 길을 알고만 있으면 위치가 좋아서 찾아오기 좋고 주차도 무료라 정말 좋은 것 같아요!!!! 오늘은 일일권 끊어서 이용했지만 센터 시설,서비스등 너무 만족스러워서 장기권으로 끊어볼까 고민즁,, 대체적으로 넘 만족????????",어디갈까 고민하던 중 내 눈에 “확” 들어온 파워렉 3대는 나의 궁댕이에 신선함을 주었다. 무엇보다 하체 엉덩이 자극이 없었는데 내 자세를 보더니 트레이너 선생님이 다가와서 설명을 해주셔서 너무 좋았습니다?? 헬스보이짐 흥하세용??,"건강관리를 시작하려고 집근처 헬스장을 찾아보다 등록하게됬습니다. 건물자체가 커서 주차시설도 넉넉하고 헬스장도 엄청커서 쾌적하게 운동할 수 있는것 같아요. 거기다 첫등록시 트레이너 선생님들이 무료 ot를 해주셔서 운동에 대해 모르더라도 부담가지지 않고 시작할수 있는게 좋은것 같아요! 게다가 사우나도 운영해서 운동후 휴식까지 챙겨갈수 있는것 같아 너무 좋습니다???????? 헬스 뿐만 아니라 스크린 골프, 필라테스, gx등 다양한 프로그램도 존재해서 만약 운동을 고민중이라면 건대 헬스보이짐 강추입니다!","하루 운동해보려고 일일권 끊어서 이용해봤는데 시설도 깔끔하고 운동기구도 없는 거 없고 게다가 자판기,,진짜 굳,,, 헬스장에 자판기 있는 거 처음보네여 동네 헬스장만 다녔어서 그런가,,, 헬보짐????????????",일일권으로 주말에 이용하다가 오늘 등록했는데 역시나 깔끔하고 넓은 시설이 제일 맘에 들어요! 퇴근시간이후에 운동을 해서 어디 헬스장을 가나 사람이 많아 유산소 기구 이용이 힘들었는데 유산소존에 기구들이 많아서 웨이팅 없이 바로바로 이용 가능한게 너무 맘에 듭니다!!!,하체 운동을 좋아하는데 프리웨이트존에 파워렉3개 스미스머신2개 브이스퀏 핵스퀏 레그프레스 프리웨이트존에 다양하게 있어서 너무 좋아요 전 센터에선 스쿼트 할려고 자리 눈치싸움 하기 힘들었었는데ㅠㅠ 여기선 편히 사용 하고 있어요 :) 아!! 무엇보다 주차자리가 넓고 주차4시간 무료가 너무너무좋습니다^^,진호쌤이랑 수업하고 있어용! 제가 물음표 살인마라 이것저것 다 물어보는데 항상 친절하게 잘 알려주시는 진호쌤???? 통합으로 이용 가능해서 건대점에서도 운동하고 잠실점에서도 운동할 수 있어서 진짜 좋은 것 같아요!!??,요즘 수지선생님 한테 필라테스 배우는 중인데 고질병이던 허리가 정말 많이 좋아졌어요!! 주차도 4시간까지 무료라서 너무 좋아요!! 필라테스는 수지쌤한테!!??
51,"겨울부터 꾸준히 운동하러 오는데 바디케어짐 덕분에 운동에 흥미를 가질 수 있게 되었어요! 선생님들도 너무 친절하시고, 운동 목적에 맞게 체계적인 수업을 받을 수 있었어요! 
웨이트를 할 수 있는 칭과 유산소 운동을 주로 할 수 있는 공간이 분리되어 있어서 쾌적하게 운동할 수 있어요! 5층 유산소존에는 테라스도 있어서 운동 끝나고, 또는 운동 중간에 힐링할 수 있었습니다!","피티 등록하기 전에 3곳 상담 받았었구요
통유리창으로 4,5층에 있어 개방감이 좋고
특히 5층에서 보는 뷰가 좋아요 ㅎㅎ
실내 청결하고 좋은 향기들이 많이 나요 운동복도 각잡아서 잘 접어 뒀어요
15회 정도 피티 진행 했는데 단순히 근력 위주의 운동이 아닌 가동성, 통증, 타게팅에 신경써서 개인에
맞게 잘 지도해 주셔서 만족 해요","윗몸일으키기를 하면 허리가 아팠고 덤벨을 들면 어깨가 아팠었는데 이제 통증없이 다 잘할 수 있게 되었어요. 트레이너분들 모두 다 친절하시고 운동에만 집중할 수 있게 해 주십니다. 저는 김길환 트레이너님이 코칭해 주시는데 하루의 스트레스가 다 풀립니다. 

아무것도 모르고 운동했었는데 안전하고 건강하게 운동을 할 수 있어서 너무 좋습니다!","이렇게 체계적으로 운동한 적이 없었는데 이번에 ??이승현 선생님??을 잘 만나서 체지방률 3% 감소했어요 ㅠㅠ 근력운동에 맛들린게 제일 좋아요..

바디케어짐의 장점을 2개만 꼽자면,

1. 분위기가 너무 좋고 항상 밝게 맞아주시는 천사 선생님들! 특히 이승현 선생님과 수업을 할 때면 저녁수업이라 지칠법도 한데 파이팅넘치셔서 덕분에 즐겁게 운동했어요. 친구들의 PT경험담에서 들은 사담이 많거나 부담스러운 선생님은 전혀 없어요.

2. 깔끔하고 청결한 시설! 비치되어있는 소품(머리끈, 소독스프레이, 수건 등)만 봐도 얼마나 신경쓰는지 알수있어요. 특히 1인샤워실이 완전깔끔해서 멀리서 와도 좋을거같아요.

올해 잘한 선택 중 하나에요 ??","이곳에서 운동한지도 2달이 넘었네요 
스트레스 받고 온 날 이곳에서 운동하고 나면 스트레스가 풀린다는 ㅎㅎ
오늘도 나름 열심히 운동하고 야경 보며 시원한 냉수 한잔 하고 왔습니다.
이곳은 규모는 크지 않지만, 친절한 쌤들과 깔끔한 시설, 그리고 개인욕실이 갖춰져 있어 참 좋습니다.
궁금해하시는 분들을 위해 루프탑 사진과 욕실 사진 첨부합니다.",루프탑이 있는 멋진 헬스장!! 넘나 유쾌하면서 꼼꼼하신 여자 대표님이 운영하시고 쾌적한 곳이에요. 피티샵 지금껏 여기저기 다녀봤지만 진짜 여기만큼 회원 관리도 잘해주시고 언제든 고객이 편하고 잘 따라올 수 있게 맞춤관리 해주는 곳은 여기밖에 .. 못봤어요 ㅠㅠ 역이랑도 가깝고 무엇보다 시간조정도 아주 자유롭게 해주셔서 야근하고 와도 늘 피티 받을 수 있어서 좋았어요.. 20회 다 채우면 저는 여기서 또 배우면서 더 제껄로 만드려고요!! 선생님들도 다들 친절하시고 시설도 깔꼼하고 뭐 하나 아쉬운게 없습니다 ㅎㅎㅎ 고민하는 시간이 아까우니 여기서 꼭 배우세요 추천추천 대추천 ??????,헬스장이 쾌적하고 선생님분들 모두 친절하십니다. 역에서도 가까워서 접근성이 좋고 개인 PT에 적합해서 헬스를 처음 시작하는분들도 부담 없이 운동하실 수 있습니다. 승현쌤께서 상담도 잘해주시고 친절하게 알려주셔서 좋습니다.,"운동을 책으로 배운 스타일이라 더 늦기전에 전문가분께 제대로 배워보고 싶었는데 역시 생각이 맞았습니다. 상담부터 친절하고 상세하게 알려주시고 정확한 자세와 자극을 느끼면서 운동하니 운동하는 재미가 생겼습니다. 또 부위에 맞는 스트레칭, 마사지를 같이 받으니 통증 없이 정확한 부위 자극으로 효율적으로 운동을 하게 됩니다. 삼개월이 지나니 체형도 개선되고, 굽은 등, 어깨, 목이 확실히 펴지고 고질병이었던 두통도 사라져서 너무 만족하며 다니고 있습니다~","한번도 제대로 된 다이어트를 해본적이 없다가 여기서 처음 접하게 되었어요. 제가 모르는게 많았음에도 불구하고 처음부터 끝까지 너무나도 자세하게 잘 알려주셨고, 운동도 다른 헬스장 가면 대충 봐주고 그런곳도 있는데 여기는 정말 꼼꼼하게 잘 봐주셔서 많이 만족스러운 곳입니다 ?? 저같은 헬린이 분이라면 완전 강추합니다~~ 시설도 깔끔해요 특히 여기 테라스 야경 너무 예뻐요 운동하고 테라스 나가서 바람쐬면 그만한 힐링도 없네요 ????",운동의 필요성을 느끼고 피티를 시작했는데 우선 피티샵의 분위기나 시설들이 너무 편안하고 좋아요! 샤워실도 1인샤워실이라 매우만족?? 피티수업도 트레이너쌤이 열심히 성심성의껏 가르쳐주는 느낌을 받아서 운동도 잘되고 피티받는 시간이 재밌어요! 길환쌤 감사합니다?? 다른 선생님들도 친절하셔서 좋아요!
52,"타 센터에서 레이쌤한테 PT를 배우다가
따라서 광나루 아레나피트니스로 왔어요~~~

레이쌤이 되게 꼼꼼하게 부위별로 하나하나 다 나눠서 자극점이랑 그에맞는 운동들도 알려주시고 질문에 답변도 잘해주셔서 운동지식도 차곡차곡 쌓이고 있어요!!??
헬린이에 한발짝 다가가고 있습니다!!??

센터도 넓고 기구들도 되게 다양하고
유산소 종류도 다양해서 운동하기에
너무 좋은거같아요????
다른 선생님분들도 되게 친절하신거같고 아주 좋은 곳 입니다~~????

청소도 매일매일 하셔서 샤워실과 센터도 아주. 깔끔하고 좋아서 운동할 맛이 납니다!!!!????","리뷰 보고 상담하러 갔다가 등록하게 됐어요! 일단 접근성이 진짜 중요한데, 광나루역에서 1분도 안 걸리는 곳에 있어서 진짜 가기 편했던 것 같아요. pt 등록 후 윤관장님 수업을 통해서 살이 왜 안 빠지는지에 대해 근본적인 원인에 대해 알 수 있었던 수업 시간이었고, 무조건 단백질 많이 먹고, 유산소 하고, 근력운동 해라는 뻔한 수업이 아닌 내 몸에 맞게끔 운동법을 알려주시고, 기능적 운동을 병행하며 수업을 진행함으로써 단순히 근력의 증가만이 아닌 체형을 고려한 트레이닝을 하고 있기에 요즘 시대에 맞는 운동법이 아닌가 싶었습니다. ㅠㅠ 살 빼려고 왔다가 관장님 덕분에 어깨나 허리 그리고 고관절까지 치료받고 있는 중이랍니다~ 통증으로 고통받고 있는 분들은 병원 말구 아레나 윤관장님을 찾으세요~!~!","한 달 정도 이용했는데요, 이 근방 헬스장 중에서 가장 괜찮은 헬스장 아닌가 싶어요!
일단 주차가 정말 편해요! 가끔 다른 곳 들렀다 운동하러갈 때 부담없이 방문할 수 있어서 좋아요??
운동하시는 분들 인원수도 적당한 것 같아요. 저렴한 헬스장, 최저가에 가까운 헬스장에는 그만큼 사람이 많더라구요ㅠㅠ 기구 기다리고, 복잡해서 운동하기 힘든데 여기는 기구 바로 사용하거나, 차있으면 다른 기구 사용하다 자리 나면 가서 할 수 있는 정도의 회전율을 보입니다.
모든 기구와 시설이 깔끔하게 관리되고있고, 기구 다양해서 좋구요, 사물함도 넉넉해서 좋고, 선생님들 모두 운동 가면 친절하게 맞아주시고, 지나가는 소리로 운동하기 싫다 한마디 했는데 제 담당 쌤이 아니신데도 옆에서 들으시고 상처받으시고 그래욬ㅋㅋㅋㅋ좋아요!","웨이트트레이닝 시작한지 2년차
타 센터에서 레이샘 PT 받다가 따라 왔어요~
레이샘 만나기 전에도 PT를 받았는데 하고 나면 내가 무슨 운동을 했었지… 뭔가 답답함이 있었는데 샘 만나고 부터 몸이 변화되는게 느껴지고 
이해가 쏙쏙 개인운동 할 때도 자연스럽게 할 수 있게 되었어요.
정확한 기구 사용법, 자세, 이론이랑 운동 지식도 알려주셔서 굉장히 이해하기 쉬웠어요.
레이샘은 질문하면 웃으시고ㅋㅋ하나라도 더 알려주셔서 너무 감사해요.
그리고 PT 일지 보고 감동??
.
자차 이동이라 주차 걱정했는데 공간도 넓고 주차할인 되서 좋아요.
기구 시설도 많고 다양하고 청결히 유지가 잘되고 샤워실 깔끔하고 마음에 들어요.
즐겁게 운동하고 있습니다.
다들 매너도 좋으신것 같고 헬스장 전체적인 분위기가 좋네요~??",사진보다 체육관이 넓고 기구가 다양합니다. 청결히 관리도 잘 되어있습니다. 혼자서 살살 운동해보려 시작했는데 어느새 PT를 받고 있네요. 관장님께 지도받고 있는데 굉장히 친절하고 성의가 넘치십니다. 아주 만족스럽게 다니고 있습니다.,"제 기준 광장동에서 가장 좋은 센터예요! 트레이너쌤,관장님,직원분들 모두 친절하세요! 현재 에릭쌤께 PT 받고있는데, 완전 꼼꼼하게 티칭해주셔서 운동에 재미를 느끼고있습니다:) 그리고 센터에 새로운 기구도 계속들어오고 환경이 점점 더 좋아지고있어서 넘 좋습니다:) 아레나??!!","동네에서 운동 기구 많고 깨끗한 핼스장 찾다가 아레나광나루점 등록했어여!!!동네에 다른 헬스장이랑 비교하면서 알아봤는데 여기가 제일 관리가 잘되어있는 느낌을 받았고 기구들이 다 있어요 진짜 ㅎㅎ그 비싸다는 천국의계단 기구도 두개나 있고 넓어서 좋고 선생님들이 부담스럽지 않게 친절해서 조아유 제가 등운동하는 기구 사용법도 물어봤는데 디테일하게 알려주셨어요
그리고 상담해주는 언니도 친절하고 일년치 끊어서 서비스로 한달더 추가로 받았어요??열심히 다녀볼게용","친구따라 방문했다가 시설 너무좋고 친절해서 헬스 바로 끊어버림ㅋㄷ거기에 PT 까지!!!

데이빗 트레이너쌤에게 상담받고 내 인생 첫 다요트를 하기로 맘먹었!!!??

현실적인 조언은 물론 운동을 체계적으로 세부적으로 가르쳐주시는 모습에 믿음이 딱!!!????
운동이 이렇게 즐거운거였나요^^?

헬스장 시설도 쾌적하고 운동기구도 다양하게 요즘껄로 구비되어 있어서 힙하게 운동가능해요 :)

피트니스아레나 강추강추??","피트니스 아레나 운동하기에 너무 좋은곳
지하철하고도 가깝고 주차도 편리하고무엇보다 기구나센터가 깨끗 깔끔 친절 캐비넷도 엄청많쿠요
샤워시설도 아주잘되어 있어요 저는 운동에 운자도관심없던 사람이었으나 크게 아프고나서 여러단계를 걸쳐 지금에 쌤을 만났습니다 임성?으로시작하는쌤인데 일단 회원하나 잘분석하여 개인 레슨을 너무잘하시고 몸이 엄청 좋아지고체력도 많이 올라갔어요
집에서 무려 50분이나지하철로 센터까지 걸리지만 저만한 쌤을 못찾았기에 아레나광나루까지다닙니다쌤을만나서 병원정기검진 에도 체지방이나 근력이 눈에뜨게 숫자가나타났구요특히 수술후 피검사에서는 많이 좋아졌어요 저는 이쌤이 어딜가든 따라갈거예요 운동에 진심인 이런사람 다시만나기 쉽지않을거같아서요 그래서 건강을 많이 찾았다는게 최고~","체육관도 넓고 운동기구도 좋아요
혼자서 하니까 운동이 잘 안되어서 피티를 받고 있어요
관장님께 지도받고 있는데 운동자세도 정확히 봐주시고 궁금한거 여쭈어봐도 친절하게 알려주셔요
운동전후로 뭉친곳이랑 여기저기 풀어주셔서 좋아요"
53,좋아요,,,,,,,,,
54,"지하가 아닌 지상에 있어서 좋아요
냄새 안나고 깔끔해요
윤아pt원장님 인스타 비포에프터 보고 바로달려왓습니다 역시 유명한이유가 잇어요

트레이너쌤들이 친절하고 꼼꼼히 봐주셔서 좋아요
- 내 몸상태 내 컨디션 상태확인해가면서 운동을 이끌어주셔요 ?? 
- 운동 시 올바른 자세로 교정시켜줘요
- 식단관리, 필요한 부위의 운동 등 운동목적에 부합하게 내게 적절하게 트레이닝 시켜줘요 ( 골반 비대칭으로 체형 틀어진 거 확인하고, 인체학적으로 운동시키는데 다여트도 하는 거라 전문적으로 맞춰주는게 좋았어요 (돈값함ㅋㅋ ??)",3갤전 내몸무게68 코끼리 29년살면서 다여트가 이렇게 재밋는줄첨알앗다 맨날 약먹고 굶고 반복하는게 넘지겨워서 지인살빠진것보고 왓다 요즘은 새인생사는것 같고 세상이아름다우!!이슨샌님 사람 만들어주셔서 감사함다 덕분에 연애도함다 쌤 저 오늘도 피티받으러 갑니다요,요긴 유튜버하시는분들 예비신부님들이 정말많음 유명한만큼 효과짱..ㅜㅜ저도 유명유튜버님 요기서 피티받는대서 왓어욥.. 3갤피티하면서 18키로 건강하게 감량ㅜㅜ먹어도 안찌는 됑지만들어주셔서 감사합니다 웨딩촬영 너무 잘햇어요샘ㅋㅋㅋㅋㅋㄱㄱㄱㅋㄱ개인 운동안간날은 귀신같이아시고 담날4배로 운동시킴..본식까지 쇄골라인 예쁘게만들어주실꼬죠?,"한재희 트레이너님 자세 진짜 잘 잡아주시고 진짜 3D모션처럼 정확한 근육사용 시범 잘 보여주세요! 운동에 이해도가 없어서 힘들어하면 바로 맞춤형 설명으로 딱 자세 잡아주셔서, 혼자운동할때 많이 도움됩니다! 트레이너분때문에 계속 운동끊는 중!!","운동을 어떻게 시작해서 다이어트해야할 지 모르겠어서 근처 동네에서 헬스장 발품해보고 상담해보구 등록했어요.
 우선 여기가 지상이라서 마음에 들더라구요!
 내부환경도 다른데 비해 운동기구들도 많이 있고 쾌적한 환경이라 좋아보였어요.
그리고 운동 자칫 잘못하면 오히려 몸에 무리가고 그런대서ㅠㅠ 무섭기도 했었는데, 상담해본 후에 피티등록하니 트레이너쌤이 넘 친절하셨어요. 물어보면 자세히 알려주시고, 식단관리하구 운동동기부여 계속 시켜주니까 힘났어요! 디테일하게 운동 자세도 교정해주시니까 신뢰도 잇었고용
ㅠㅠ 트레이너쌤 잘 만나는게 중헌데 성생님 잘 만나서 돠주셔서 넘 감사합니다!
 서비스굳! 몸상태 컨디션체크하면서 나에게 맞게끔 맞춤식 운동으로 해줘서 꾸준히 다니게 될 거 같다!!
재등록의사 완전잇음!",사는곳 강남인데 여기까지 오는거면 말다햇쮸? 호텔에서 하루죙일 서서 일하다보니 매일다리가 코키리처럼 부어잇엇는데 운동하고 나니 하지정맥류도 없어지고 1달도 안되서 자세가 달라지다니..윤아피티 나만알고픈곳인데..주변에서 자꾸물봄.....,저는 임신준비 7년째 햇던 사람입니다.. 하도 시험관 실패해서 병원에서 다이어트권유하길래 이번이마지막이다 하고 광진구에서 젤유명하다 하길래 마지막 희망으로찾아갓어요 6개월안에 임신성공 시켜주시겟다는 샘말에 장난같이 받아들엿지만 2개월만에 77키로에서17키로 감량성공후 자연으로 쌍둥이 임신햇습니다.. 진짜 남편이랑 같이와서 감사인사드렷는데 말로는설명안되고 꿈만같아요ㅠㅠ여태임신안된게 살때문 이엇다니..ㅠㅠ 12월말 출산예정인데 ㅋㅋ매일 피티받음서 날짜셉니다..ㅋㅋ운동 넘 힘든데 하고나면 기분째져요..ㅋㅋㅋ,다이어트 목적으로 헬스 등록 . 10회만 했다가 추가등록 했어욤 ?? 한달정도 지나니 몸이 가벼워지고 자세가 좋아진게 보이네요 신기 . 강추드림 ????????,"저는 예비신랑신부님들 촬영해주는 사람임.,앨범촬영때 오신신부님이 본식때 완전 다른사람이되서ㅜㅜ어케 살뺏냐고 창피햇지만물어봄요, 거의 3개월만에 20키로 넘게 빠지신거 같더라구요 물어보기 너무챙피햇지만 여기서피티받고 24키로째 감량성공하셧다하셔서 저도등록햇슴다 2달째운동중13키로 감량중입니다ㅋㅋㄱㄱ저는집도 부천인데 아차산까지 다녀요 너무멀지만 효과톡톡히 보고잇어서 멀어도 넘행복합니다 옷이 커지고잇다니ㅠㅠ안믿김ㅠㅠㅋㄱㄱ오늘도1시간 걸려 운동감",항상 설연휴나때 가족모이면 왤케살쪗냐 다리가 무랑비슷하다ㅜㅜ 장난스럽게 툭툭던지는 가족들말에 마음에상처받고 올해는 절대 저딴소리 안들어야지하고 작년11월부터 피티끊어서 운동시작햇어요 3개월째에 16키로 감량하고 이번설엔 성형햇냐 엄청예뻐졋다 새다리됫다 음식더먹어라 소리들음서 명절스트레스1도 없엇음ㅜㅜ다여트만이 살길입니다..세상이 아름다워보임ㅠㅠㅠㅠ절 포기하지않아주신 울트쌤께 이 영광을ㅠㅠㅠㅠ기념으로 오늘 스콰트 200개 하고가요샘
55,쌤들 너무 친절하고 자세히 알려주셔서 좋아요 혼자서도 부담없이 운동할수 있게 도와주셔서 너무 좋아요 !,3개월째 운동 중입니다! 체력이 점점 떨어짐을 느껴 시작한 운동인데 근육량도 늘고 체지방도 많이 줄었습니다! 기구 운동을 하는 동안 자세로 친절하게 잘 잡아 주시고 기구 운동 외에 부분적인 운동도 친절하게 알려주셔서 운동하는데 재미를 느껴가는 중입니다!,"친구 소개로 커브스를 알게되서 집근처라서 위치상으로도 너무 맘에 들어서 바로 상담예약하고 당일 방문해서 상담받았습니다 
선생님께서 상담을 진짜 자세하게 해주셨어요 
인바디 측정후 저같은 경우는 전에 인바디한 자료가 있어서 그거랑 현재 상태랑 비교해서 진짜 세심하게 분석해주시고 향후 운동방법과 기간 식단까지 알려주셔서 더 믿고 운동할 마음이 생기더라구요 ????
당일 간단하게 운동 코칭 몇가지 알려주시고 내일부터 본격적으로 운동할 예정이예요 
그리고 여성 전용이라는게 너무 좋아요~~!!",시설이 깔끔하고 선생님이 친절하게 잘 봐주세요 안전하게 운동할 수 있어서 맘에 들어요,2015년부터 커브스 운동으로 나의 젊은 시절을 불태우고 있어요^^ 예쁨과 건강까지 얻고 있습니다^^ 강추!! 출산맘들에게도 강추해요~,대표님됴 샘도 힝상.친잘히시고 건강도 좋아지고 앞으로 쭈윽 함께해야겠어요~~,"앞으로 다가올 여름을 위해 커브스
자양에서 열심히 근육도 만들고 건강하게 지내고 싶어 등록했어요!
선생님께서도 너무 친절하시고 체계적으로 알려주셔서 운동못한다고 걱정이신분들 서둘러 등록하세요~ 정말올들어 제일잘한일이라는 생각이 들정도로 너무
만족스럽습니다~최고입니다^^",친절하고 자세히 자세봐주셔서 너무 좋아요,강사님들 친절하시고 잘 가르쳐주셔서 좋아요. 운동에 대한 부담감이 없어졌어요.,굿
56,"회사근처에서 운동을 하려고 알아보다가 
곧 여름이기도해서 큰맘먹고 피티샵 등록했어요 ! 
헬스장피티만해보구 피티샵은 처음인데 트레이너쌤이 지금 제 상태를 꼼꼼하게 설명해주고 최대한 제 생활패턴에 맞춰서 목표나 계획을 세워주셨는데 벌써부터 만족스러웠던..!! 
그리고 센터가 통창에 하늘도 보이고 바로옆에 스벅도 있어서 더 좋았어욯ㅎㅎ 올해는 피티쌤 믿고 가보려구합니다 ????","네번째 재등록 합니다 ㅎㅎ 운동배우는 것을 
주변사람들한테 추천 해 주고 싶을 정도로 
선생님들께서 꼼꼼히 지도해주십니다 ..!! 
항상 저애게 시선고정해주시는 울쌤 감사드립니다 ^^~","운동 처음 등록했는데, pt샵인데도 시설도 넓고 깔끔하고 기구도 많아서 좋은것같아요~ 상담도 너무 친절하게 잘 해주셔서 운동 열심히해서 올해는 다이어트 꼭 성공..!","벌써 세번째 재등록입니다 ..
일단 다른헬스장 가보려다 쾌적한 환경이랑 
PT쌤 지도를 포기할 수가 없어서 
계속 지니짐에 정착중입니다 ㅋㅋ 
몸이 많이 변화되고있어서 
너무 만족스럽고 
선생님이 한결같이 좋으셔서 앞으로도 우리 쌤과 쭈우욱 같이 하고싶습니다 감사해요 ㅠㅠ",지인 추천으로 등록하게 되었는데 너무 좋네요! 첫 방문때 선생님께서 친절하게 상담해주시고 수업때도 잘 모르고 처음하는 동작들도 친절하게 세세히 하나하나 설명해주셔서 운동 열심히 배우는 중입니다! pt샵인데 시설도 깔끔하고 넓어서 운동하기도 편리하네요 ??,"집 근처로 피티샵을 알아보다가 동네 친구한테 물어보니 지니짐 추천해주더라구요.
피티는 처음 해보는데, 이해하기 쉽게 가르쳐주셔서 운동을 재밌게 배우고 있습니다. 그리고 제가 물어보기 편한(?) 환경도 좋구요 ㅎㅎㅎ꼼꼼한 지도랑 1대1케어에 만족하며 다니고 있어요. 
일단 끊어놓은 횟수 이후에 추가할 의사 100프로 + 주변에 저도 추천 날리고 다닙니당.",얼마전 등록하고 수업받는데 트레이너쌤이 저한테맞게 잘가르쳐주세요! 지상이라 탁트이고 시설도 너무 깨끗해서 코로나시기에도 걱정이 덜되어 좋습니다!,"생각보다 구조가 넓고 시설이 매우 깨끗합니다 ! 
첨에 상담해주시는 선생님이 엄청 자세하게
설명해주셔서 홀린듯 등록해보렸는데 ㅋㅋㅋ
선생님들이 수업하실때
엄청 열정적으로 가르쳐주시는 것 같습니다 ! 
그래도 우리쌤 최고 …>3< ~~!!",선생님들께서 친절하시고 수업하시는동안 저에게만 집중해주시고 수업시간도 늦으시지않고 원하는목적에맞게 케어해주시고 알려주십니다???? 처음하는사람이더라도 잘하실수있게 도와주셔서 감사합니다??,"운동 처음 배우려고 등록했던건데
벌써 끝나고 또 재등록 했습니다...
 운동을 체계적으로 잘 알려주셔서 감사합니다 ~
센터가 늘 쾌적하고 깔끔해서 좋아요 ^^"
57,"지상에 있어서 운동할 때 답답하거나 습하지 않고 좋아요! 유산소도 많이 있어서 피크 타임에도 눈치싸움없이 바로 탈 수 있어요 ㅎㅎ

저는 4월에 PT 상담을 하고 5월부터 다니기 시작했는데 첫 상담때부터 열심히 알려주셔서 믿음이 갔습니다 ㅎㅎ 정체기였는데 일반적인 식단이 아닌 제 몸에 맞는 식단, 운동으로 구성해주신대로 따라가니까 근손실없이 체지방이 다시 빠지기 시작해서 앞으로 더 열심히 하려구요??????????","pt20회를 다 마치고 더 하고 싶어 20회를 추가로 하고 있는데 항상 선생님이 친절하고 다양한 방법으로 운동을 지도해 주셔셔 지루하지 않고 체력, 근력들이 너무 좋아졌습니다??

개인 운동 시에도 자세들을 봐주시면서 운동에 더욱집중 있게 할 수 있어 매우 만족합니다!!

또 운동 기구들이 다양하게 있고 더 늘어나고 있어서 운동을 더욱 재미있게 할 수 있어 정말 만족스럽습니다!

운동하시는는 분들도 다친절하셔서셔 항상기분 좋게 운동하고 갑니다??",집 앞에 이렇게 깔끔한 헬스장이 생겨서 너무 좋아요. 트레드밀도 수량이 많아서 퇴근 후 제일 혼잡한 시간에도 큰 기다림 없이 할 수 있어 좋아요.무엇보다 기구 알차게 다 있고 매우 깔끔하게 관리되고 있는 것 같아요! 번창하세요~~!,집앞에 헬스장이라 피티 등록했는데 전보다 훨씬 상담도 친절하고 자세하게 해주시고 프로그램도 다양해져서 너무 좋네요! 시설도 깔끔하고 늦게까지 하고 좋습니당,"시설도 깔끔하고 친절하게 알려주세요
5월부터 지금까지 다니구 생각보다 많이 감량했어요
pt도 꼼꼼하게 봐주시구 전문적인거 같아요",여기 너무 좋아요! 자양동에 이정도 시설 갖춘데 없눈데.. 가격도 착하구 맘에들어용,시설도 깔끔하고 직원분들이 친절하세요 항상 잘 이용하고있습니다 :),너무 친절하고 기구도 좋아서 거의 매일 와서 운동해요. 집앞에 헬스 생겨서 너무 좋아요~~~^^,시설이 깔끔하고 운동하기 쾌적해서 좋아요 친절히 잘 알려주셔서 잘배우고 있습니다 추천드려요 ^^,"작지만 알차요! 
PT 꼼꼼하게 잘 봐주세요 
피드백이 빠르세요 
건강해지는 너낌!!"
58,화이팅 fa,잘 가르쳐주셔요,최고에요!,사랑해요 사랑해요 정말 사랑해요,선생님들도 친절하시고 수업을 엄청 자세하게 설명해주십니다 !,선생님들이 친절하게 알려주세요,개개인에 맞는 수업을 열정있게 지도해주십니다,재밌어요,체대입시 에프에이 사랑합니다~,운동을 잘 가르쳐주십니다
59,"다이어트 실패를 반복하다 몸무게 최정점을 찍었을 때 큰일나겠다 싶어 찾았습니다. 이왕 등록할거 제대로 된 곳에서 운동을 배우고자 절박한 마음으로 상담을 받았습니다. 이후 3월부터 지금껏 운동하며 열정적인 동우쌤을 전적으로 믿고 따를 수 있게 되었습니다. 잘 모르는 것에 대해 늘 자세하게 설명해주시고 제게 맞는 운동 방식을 찾아주십니다.
제대로 운동을 배우며 체중감량이 잘 이루어지고 있는 것도 맞지만, 무엇보다 신기한 건 정말 제 인생 처음으로 다이어트 도중 음식에 대한 집착이 없습니다. 무작정 굶는 게 답이 아니라는 걸 단순 이론만이 아닌 몸소 느끼게 해주셨어요! 제가 스스로 잘못된 줄 몰랐던 자세에 대한 교정도 받게 되어 기쁘게 다니고 있습니다.
고민하시는 분께 고민은 시간만 늦춘다고 말씀드리고 싶어요 ㅎ","2022년 들어서 제일 후회한 일.
스포니스 가볼까 말까 고민하다 겨울 방학 다 보내고 새 학기부터 다닌 일.. 차일피일 미루다 왜 이제 등록했을까요? 우석쌤처럼 훌륭한 선생님이 계시다는걸 미리 알았다면 운동을 더 빨리 시작했을텐데 말이죠. 
물론 피티가 이번은 처음이 아닙니다. 피티에 400만원 썼었습니다. 하지만 우석쌤처럼 자세하고 전문적으로 친절하게 가르쳐 주시는 선생님은 없었습니다. 우석쌤 덕분에 헬스장 다니는게 즐겁습니다. 피티는 물론이고 개인 운동 하러 갈까 말까 고민했던적이 없어요. 쉬는게 아까움.

피티 전문샵이다보니 다른 동네 헬스장보다 더 쾌적하게 운동 가능합니다. 파워렉 기다려본 적 한 번도 없어요. 샤워실도 분리되어 있고 기다려본 적 없습니다. 

오티라도 받아보세요. 진짜로.",황희선 트레이너님께 운동을 배우고 있습니다.운동은 처음이라 몸쓰는 방법조차 몰랐던 저에게 무리하지않고 제 몸상태에 맞게 운동을 알려주십니다!!또한 저의 상황에 맞게 식단도 알려주시고 의지박약인 저에게 계속 의지가 생기도록 옆에서 잘 챙겨주셔서 운동을 포기하지 않고 다니고있습니다ㅎㅎ 다른 트레이너 분들도 매우 친절하십니다!!,황희선선생님께 피티를 받았습니다 정말 체계적이고 저에게 맞는 운동을 이해하기 쉽게 알려주셨습니다 덕분에 혼자 운동할 수있는 능률도 많이 올랐고 재미와 의지도 함께 주셔서 운동다운 운동했습니다! 인간성도 너무 좋으셔서 강추합니다!!!!,"시작 전에는 분명 길다고 느껴졌던 횟수가 순식간에 끝나서 바로 연장 했어요! 빨리 지나갔다는건 그만큼 운동하는게 재밌다는 것! 다이어트를 떠나서 운동이 재밌다는걸 느끼게 해준 황희선쌤 덕분에 즐겁게 운동하고 수업합니당ㅎㅅㅎ
시간만 때우는 그런 수업이 아니라, 시간이 간 줄 모를 정도로 운동하고 싶다면 바로 스포니스로!! 
(+ 황희선쌤 스스로도 운동에 진심이라 자세, 운동법 알려주시는데 찐 진심임????)","피티는 생전 처음 해보는데 너무 재밌어요! ??
이우석 선생님께 배운지 벌써 한달이 넘어가는데 잘 안되는 부분은 왜 그런지 자세하게 설명도 해주시고 그에 맞춰서 운동시켜주시니까 자세도 잘 나오는것 같고 더 잘하고 싶어집니다. 그리고 칭찬은 고래도 춤추게 한다는데 잘한다고 많이 북돋아주셔서 더 재밌게 수업 받을 수 있었던 것 같아요. 
식단도 제 상황에 맞춰서 짜주시고, 피드백도 자세하게 잘 해주셔서 갈수록 건강한 식습관을 갖게 되는 중이에요. 
처음 배우는 피티라 고민도 많이 했고 걱정도 많이 했었는데 괜히 시간낭비 한 느낌이에요 ! 더 빨리 등록 했으면 좋았을텐데!!! 
그리고 피티샵도 매일같이 깨끗하게 청소하셔서 정말 쾌적한 환경에서 운동 할 수 있어요!
상담받으러 오세요 다들?????♀??????♀?",수업이 항상 체계적이고 친절하십니당 ㅋㅋ 설렁설렁 하시는거 1도없구 하나하나 꼼꼼히 봐주셔서 운동에 재미를 느끼게 해주시는 것 같아요! 그동안 운동 헛한 것 같은 느낌이 들정도로 저한테 맞는 자세와 프로그램으로 진행해주시는 것 같습니다. 동우쌤 덕분에 운동하는 시간이 너무 알차고 즐거워요!!,"다른 헬스장과는 달리 전문적이고 퀄리티 높은 수업을 받을수 있어요.
황희선 코치님께 수업받고 있는데,
제 몸상태에 맞는 자세가 뭔지 고민하고 정해주셔서 안전하게 운동할수 있구요. 
적극적이고 꼼꼼하셔서 운동하는 중에 지속적으로 자세를 평가하고 교정이 될 때 까지 지적해주시는데, 
수업에 매우 집중해주신다는 느낌을 받았어요. 
그리고 운동/몸/식단상황과 관련된 의견 개진에 자신감 넘치셔서 무한신뢰하게 됩니다.","인생 최고치 몸무게를 갱신하고 건강과 다이어트를 위해서 선택한 스포니스 군자점(탁월한 선택!!) . PT를 전문으로 하는 헬스장은 처음이었지만 첫상담부터 신뢰를 준 곳. 전문가 트레이너 쌤은 믿었지만 , 정작 스스로를 믿지 못해 할 수 있을까!!하는 의문부호만 가득안고 시작한 운동은 시간이 지날수록 흥미와 다이어트 의지가 확고해졌다. 운동과 식단 힘들다고 투덜거릴때마다 끝까지 포기하지 않고 응원해 준 김동우쌤 덕분에 지금의 결과에 도달했다. 지난 4개월 그리고, 최종 목표 (52~54kg)를 이루기 위해 김동우쌤의 활력 넘치는 응원과 유쾌한 수업(가끔 너무 힘들어 나도 모르게 눈으로 욕한다^^) 은 현재진행형이다~~",다이어트 목적 보다는 통증 때문에 알아 보다가 찾게 된 곳 이예요! 피티는 처음이라 걱정도 좀 됐는데 우영쌤 너무 친절 하시구 설명도 디테일하게 해주시고 평소에 어떻게 해야 좋은지도 알려 주셔서 도움 진짜 많이 됐어요 웃음도 호탕 하시고 ㅋㅋㅋ통증도 많이 좋아 졌어요 센터도 청결 하고 트쌤 분들도 친절하셔요
60,1:1로 붙어서 제 문제점을 진단하고 바로 보완 운동 알려주시고!!! 운동초보자도 뿌듯함을 느끼게 해주는 시간이었습니다ㅠㅠ 처음엔 집이랑 가까워서 갔는데ㅋㅋㅋ 운동 커리큘럼도 맘에 들고 자세교정도 도와주시고 시간이 너무 빨리가서 아쉬워여...(이 맘 변치 말길ㅎㅎ) EMS까지 있어서 시세에 비해 가격이 너무 착해요! 쌤들도 진짜 최고최고??,PT받는 친구가 몇 년간 계속 자신있게 추천해줘서 고민도 없이 왔습니다. 몸이 안좋아져서 정말 운동해야겠다고 마음 먹었지만 생애 첫 운동이라 좀 걱정도 되고 긴장도 했었는데 PT쌤이 저보다 말도 많으시고 재밌어서 힘들지만 시간가는 줄 몰랐어요ㅋㅋ 자세도 꼼꼼히 봐주시고 소위 수준 별 맞춤형 과외여서 더 좋습니다ㅎㅎㅎ,"척추교정과 신체 밸런스가 많이 무너져 왔는데, 몸의 상태부터 운동 동작까지 세세하게 알려주셨습니다 :D",트레이너선생님 너무 좋으세요:) 제가 스쿼트를 정말 못하는데 2년 동안 못잡은 자세를 잡았어요 ㅋㅋㅋ 추천해요!!,"대표님이 직접 제 체형, 운동방법 응 문제점도 짚어주시고 운동방향도 알려주시고 체험이었는데도 친절하게 알려주셨어요",30분 운동하고 3시간 운동한 효과가 나온다해서 속는셈치고 체험해봤는데 진짜 30분동안 숨차고 난리난리 대난리.. 그리고 운동하는데 선생님이 넘 재밌게 얘기해주셔서 시간가는줄몰라써영ㅎ 끝나고 이엠에스로 몸도 풀어주셔서 넘 알찬 시간이었습니다~ ems로 한달권도 고고하께요 ㅎㅎ,"1회 체험권이기 때문에 제대로 봐주시지 않을까 걱정했었는데 처음부터 끝까지 신경써주시고 운동할때 힘들지만 알아가는 재미가 있어서 좋은거같아요:) 건대에 피티샵,헬스장 여러군대 가봐도 가격이 너무 비싸서 엄두가 안났는데 여기는 운동끝나구 닭가슴살도 챙겨주고 가격도 합리적인거 같아요ㅎㅎ",건대입구역에서 도보 5분거리로 가까워 대중교통으로도 편하게 다닐 수 있고 쌤들도 착하시고 1회 예약임에도 불구하고 매우 친절하게 상담도 해주셨습니다. 물론 운동도 개인에 맞춰 진행해주시면서 내가 했던 운동은 운동이 아니였다는 걸 깨닫고 돌아온 하루였습니다.,EMS가 전기로하는운동 방식이라고해서 좀 무섭기도하고 찌릿찌릿할것 같아서 좀 무서웠는데 뭔가 근육이 움직이는게 느껴지는게 신기했고 운동시간도 짧은데 땀도많이나고 운동 진짜 열심히한 기분이 들어서 너무 신기했어요!! 다음주에 재방문해서 등록하려구요 추천해요??,친철함과 섬세함으로 좋은 운동! 운동다운 운동을 했습니다! 세분의 트레이너님 중 대표님과 운동을 하였습니다. 다리를 다쳐서 재활트레이닝을 했는데 제 몸 상태부터 파악후 가능한 동작부터 서서히 난이도를 올리며 한시간동안 아주 만족스러운 운동을 하였습니다. 재방문하여 pt를 끊을 예정입니다!
61,오늘 체험도 할겸 운동 루틴이나 식단 지식도 쌓고 싶어서 에이투짐에 방문하였습니다 그런데 이게 무슨일이죠? 유튜브에서만 보던 몸짱 헬게이 헐크가 외모가 엄청 스케뤼 하였는데 그거와 다르게 친절하게 상담 해주시구 제 운동법에 문제점과 식단 조절을 디케일하게 알려주셨습니다 좋은 경험을 쌓은거 같고 시간되면 다시 한번 꼭 가려구요 ^^*,분위기 좋고 깔끔하고 시설도 좋아요?? 트레이너님들도 너무 친절하시고 자세 하나하나 꼼꼼하게 잘 알려주세요~식단도 잘 봐주십니당 지금 살이 쭉쭉빠지고있어용??,"신동현트레이너님과 피티진행하고 있습니다. 장점1. 자세 엄청 꼼꼼히 봐주세요.10회 이상진행했는데, 다른 헬스장 피티가면 자세잡을때 폰보면서 횟수구호만 넣어줬는데 트레이너님 자세 자극 제대로 가나 디테일하게 봐줍니다. 장점2. 친절하게 말씀주십니다. 운동하다가 생기는 궁금한점여쭤보면 친절히 말씀주세요. 장점3. 체계적이시다. 아이패드에 핕수업할 내용 적고 하나하나 체크하면서 진도 나갑니다. 다른 선생님들도 옆에서보면 자세 꼼꼼히 봐주시는 편인거같았어요.",처음으로 하게된 pt였어서 고민 많이 하고 등록했었는데 정말 만족스러알어요~ 30회 pt 진행하는 동안 자세도 자세히 알려주시고 개인 운동 시에도 모르는 거 물어보면 친절히 도와주셔서 감사했어요!,"시설이 깔끔해요!! 분위기도 딱딱하지 않고 친구같은 모먼트!! 트레이너쌤께서 항상 회원들 시간을 잘 맞춰주시고, 모르는거나 궁금한것들을 자세히 알려주세욥!! 굿국!","저는 유산소를 좋아하고 근육운동을 극혐하는 사람이었습니다. 코로나때 내내 재택근무를 하다보니 살이 13키로나 뿔어있었구요, 거울만봐도 화가나서 이참에 근육도 늘릴겸 피티를 하자했습니다. 아침 피티로 가격도 저렴해서 사실 큰 기대를 하지않았었는데요, 운동을 할때마다 이 운동이 왜 필요한지, 어떤 곳을 자극시켜주는지 꼼꼼하게 말해주는 선생님을 보며 어느내 근육운동의 손톱만큼의 재미를 느끼고있습니다. 제 건강과 운동목표 식습관에 맞추어서 프로그램을 짜주시구요, (저는 채식주의자라 식물성음식으로 벌크업 중입니다!) 운동이 끝나고 어떤운동을 했는지도 보내주셔서 혼자 근육운동을 할 수 있게끔 해주십니다. 신동현 코치님 감사합니다 :)",차주용 선생님한테 수업 받고 있습니다. 정말 친절하시고 자세하게 수업부터 식단까지 신경써주셔서 운동하는데 많은 도움받고 있습니다!,"손세하트레이너님과 함께 PT진행했는데
넘 꼼꼼하게 지도해 주셔서 많은 도움을 받았습니다.
아픈곳이 있었는데 무리없이 도움 받아서 좋았습니다.
시간이 되면 다시 함께 운동 진행하고 싶습니다~~
조만간 또 뵈어요~","신동현 선생님께 pt받고 있습니다! 
제가 운동을 처음하는거라 걱정이 많았는데
걱정과 달리 친절하게 알려주시고 자세도 꼼꼼히 
알려주십니다! 그리고 pt없는날에 개인운동 하러올때도 따로 알려주시고 친절하십니다! 헬스장에 기구도 다양해서 여러운동 을 할 수 도 있어 개인 운동하기에도 안성맞춤이예요~ 다들 한번씩 오셔서 상담이라도 받아보세요","운동을 처음배워보는데, 자세히 맞춰서 알려주시고
꾸준히 운동을 할 수 있게 재미도 붙여주셔서 너무 감사합니다.
몸상태가 안좋다고 생각해서 시작한 운동이었는데
많이 괜찮아지고 점점 더 건강해지는 것같습니다
손세하 선생님 너무 편안하고, 운동을 잘 할수있게 해주십니다 다음에 또 피티 받고싶습니다
추천합니다~~~!!!"
62,"선생님들 모두 친절하시고, 시설도 깔끔하고 쾌적합니다.

1년 넘게 대표님께 PT 받고 있는데, 수업하는 날 제 몸 상태에 맞춰 수업 내용과 난이도를 조절해 주셔요. 
저는 평소 두통을 달고 사는 거북이였는데, 수업 듣고 난 후로 사람이 되었습니다! (거북목이 개선되고 어깨도 많이 펴지면서 두통이 없어져서 너무 신기해요.)","트레이너쌤들 모두 친절하시고,
다들 개그케릭입니다!
운동도 잘 가르쳐주시고,
몸 컨디션도 잘 챙겨주십니다!
구의동 pt는 First FIT??",확장이전 전부터 다니고 있습니다 피티쌤도 너무 잘 알려주시고 기구도 좋고 다른데로 옮길 수가 없어요~~~~~??,사람되어가는 재미로 재등록 또 재등록 쌤들 친절하고 너무 좋아요 이전하고 기구도 많아지고 시설도 깔끔해요 천국의 계단 2대ㄷㄷ,오늘 처음 상담하고 수업한번 들어봤는데요. 저질체력인 저를 이끌고 하나하나 잘 알려주시고 어떻게 하면 더 좋을지 꼼꼼하게 봐주셔서 참 좋았습니다. 대충 시간때우기용이 아니라 선생님들께서 현재자세의 문제점같은걸 바로 파악하시고 알기쉽게 고쳐주시는게 좋습니다. 그리고 시간대에 너무 많은 사람이 있는게 아니라서 북적북적한 느낌없이 오로지 저에게만 집중할 수 있는점이 굉장한 메리트입니다! 시설도 깨끗하고 소홀해지기 쉬운 샤워실도 관리가 잘 되어있는 점이 좋습니다 앞으로 오래다닐 수 있을거같습니다^^,기구도 다양하고 운동하기 좋아요~ 강추~,친구의 추천으로 저도 등록했어요!!,상담 친절하고 꼼꼼히 잘해주시고 자세 하나하나 바르게 고쳐주셔서 잘못된 자세 교정해서 운동할수 있었습니다. 시설도 아주 깔끔해요^^,PT 체험권이 있어서 오늘 방문했었는데 친절하게 잘 가르쳐 주셔서 감사했습니다. 운동하러 재방문 의사 무조건입니다 !!!,언제가도 친절하고 깔끔해요
63,"다른 박스에서 2달 정도 경험 해보고 오늘 일일 체험했습니다. 
첫 방문인데 새벽반으로 체험 했구요. 
밖에서 봤을때는 눈에 잘 띄지 않아 몰랐는데 지인분 추천 통해 알게 되었어요.
새벽반인데도 불구하고 오신분들 되게 많이 계시고 코치님이 코칭 세세하게 해주셔서 너무 좋았습니다. 
안 되는 동작 있으면 한번 보시고 원인 바로 짚어주시니까 제대로 연습만 하면 금방 늘것 같은 느낌이 듭니다.
다른 박스에서는 역도 피드백이 적어서 처음 배울때 어렵게만 느껴지고 부상도 잦아서 역도 와드 있으면 기피했었는데 오늘 어디에 힘을 어떻게 운동 할 수 있는지 느낌 자체를 제대로 알게된 것 같아요. 너무 좋았습니다.","오늘은 일일 체험으로
크로스핏을 알아보자
.
.
충분히 알아본 것 같다",코치님들이 실력도 실력이지만 외모도 출중하십니다! 매일 가고싶은 마음 꾹참고 일주일에 3일만 나가는중^__^,어렸을 따 크로스핏을 하다가 다친적이 있어서 할까말까 고민하다 일일체험을 왔는데 너무 친절하게 잘 알려주셨습니다???? 정확한 자세를 알려주셔서 부상없이 너무 재밌게 운동하고 갑니다!! 다음에 또 올게요!!,엄청 힘든 운동이라고 들었는데 제 역량에 맞춰서 지도해주셔서 재밌게했어요. 시설도 깔끔하고 코치님이 재밌게 잘 가르쳐 주시네요.,너무 즐겁게 운동했어요. 크로스핏 잼있네요~ 크로스핏 운동하는 곳은 다 이렇게 깨끗하고 인테리어가 특이한가요? 운동잘했습니다~^^,크로스핏라온2 코치님들 친절하고 운동 동작에 대한 설명을 이해하기 쉽게 해주시네요^^ 공간도 넓고 쾌적해서 운동하기 딱 좋은 곳 입니다.,"체험비는 비싸고 수업의 퀄리티는 잘 모르겠어요,,",굿굿,
64,,,,,,,,,,
65,"여성전용이라 부담없이 운동하기 너무 좋구요, 기구들도 다양하고 전체적으로 깔끔하고 좋아요?? 지혜쌤한테 피티받고있는데 자세도 잘 잡아주시고 아픈곳은 없는지 체크해주면서 잘 가르쳐주셔서 운동하곤 1도 안친했던 제가 재미붙이고 다니고 있어요?? 지혜쌤 짱이에여??",여러곳에서 피티를 받아보았지만 여기처럼 꼼꼼하고 자세를 하나하나 정확하게 알려주고 식단피드백도 잘 해주는곳은 처음이라 돈이 아깝지않습니다 살도 많이 빠졌고 체형도 많이 개선이 되었네요,"최고의 피티샵입니다~! 라운드 숄더, 승모근을 고민으로 피티를 시작했는데 지혜쌤께서 고민부위 위주로 수업해주시고 관리해주셔서 놀랍도록 달라졌어요ㅠㅠ일주일에 두번하는 피티에도 이렇게 변하다니 정성스럽게 수업해주시는 지혜쌤 정말 감사합니다????????????","운동하면서 전에 불편했던 곳이 괜찮아지고 , 자세교정도 바로바로 해주셔서 많은 도움이 되는거같아요 ??","인생 최대 몸무게를 찍고 진짜 더 이상은 안되겠다 생각하고 찾아간 토니짐!! 피티는 식단과 운동은 무조건 빡세게 해야 한다는 생각에 겁부터 먹었지만 지혜쌤이 이끌어주신 덕분에 정상인으로 되돌아가고 있는 중입니다! 먼저 쌤 덕분에 운동하는 재미를 느껴보는 신기한 경험?을 하게 되었고 예전에 식단 할 때마다 서러워서 펑펑 울었던 저의 마인드 자체를 건강하고 긍정적으로 바꿀 수 있도록 많이 이끌어주셨어요!!ㅠㅠ 또한, 항상 소통하시면서 저의 건강을 체크해 주셔서 수업 때마다 최고의 컨디션으로 운동에 임할 수 있었답니다. 멋진 지도자를 만난 덕분에, 저는 인생에서 처음으로 날씬하고 건강한 몸을 만들어보고 싶다는 목표도 세웠어요 저 열심히 노력해서 진짜 원하는 목표 이루고 싶어요 토니짐 짱",벌써 이도균트레이너님과 같이 피티 40회째 하고있는중이에요! 전문피티샵이라 딱 피티만 받기 넘 좋구 자세나 설명도 맞춤형으로 해주셔서 넘넘 좋습니다! 무리한 운동과 식단보다는 저한테 맞는 방법을 알려주셔서 좋아요!,"나이가 들 수록 체력도 밑바닥이고 살만 쪄서 동네에 있는 피티샵 상담을 다녔는데 꼼꼼하고 친절하게 상담 해주셔서 그날 바로 등록 했어요! 지금 이규쌤한테 수업 받고 있는데 운동도 다양하고 체계적으로 알려주시고 자세가 이상하면 바로 짚어주셔서 자극이 잘와요! 여태 내가 했던 운동들은 그냥 삐그덕 삐그덕 움직이기만 했구나할 정도로 전문적으로 알려주셔서 너무좋아요!! 선생님 열정 덕분에 수업 다음 날 근육통이 가득하지만 뿌듯해요.. 운동뿐만 아니라 식단도 같이 지도해주셔서 예전에는 무조건 소식, 저염식이었다면 이제는 건강하고 클린하게 먹는 습관도 생겼답니다! 이규쌤 덕분에 운동에 재미붙여서 30회 끝나면 또 등록할거에요 돼지가 미니피그 될 때까지!! 다 칭찬뿐인데 그만큼 만족하는 피티샵과 피티쌤이랍니다!!!!",운동 처음해보시는 분들 시작하기 좋아요. 저 저질체력인데도 맞춰서 잘 해주세요!,항상 너무 자세하게 제몸에 맞게 운동을 해주셔서 너무 좋아요 처음엔 집이랑 가까우면 열심히 다니겠지 하고 다닌건데 진짜 열심히 다니게 됩니다! 식단도 잘 관리해주시고 너무 다 좋아요^^????,"집근처 PT알아보다가 일반 헬스장이랑은 다르게 훨씬 전문적이고 체계적으로 보여서 일단20회등록했는데 몇회 받아보고 바로 30회로추가 등록했습니당
이규쌤 덕분에 점점 체형이 바뀌는게 눈에보여서 운동하는 재미가 생겼어용
다른곳에서도 많이 배워봤지만 옆에서 갯수만 세주고 무작정 힘들고 빡쎈 운동만 시키는게 아닌 이론적인부분도 설명해주시면서 하나하나 자세잡아주셔서 너무감사합니다~!!
개인PT전문샵이라 규모는 크지않지만 오히려 너무 많은사람들이랑 한공간에서 운동하는게 아니라 요즘같은 시국에는 딱좋은것같아요~!"
66,,,,,,,,,,
67,"일단 시설이 너무 깔끔해서 좋아요! 저는 혼자 운동하는거 엄두 안나서 엠마쌤??한테 피티 받았는데 7kg빠지고 광명 찾았습니다?? 혼자하는 홈트는,,너무 힘들었는데 깨끗한데서 쌤이랑 같이 운동하니까 너무 재밌었어요!?? 자세도 꼼꼼히 봐주시고, 동기부여 해주셔서 다이어트 성공한거같아요 진짜 강추입니닷!????????????",일단 시설 너무 깔끔하고 깨끗합니다 기구도 엄청 많고 퀄리티도 좋구요 특히 트레이너님들이 너무 친절하게 알려주셔서 좋습니다!,"고민하시지 마시고,
방문해서 꼭 상담받아보세요~
금년 1월부터 다니기 시작해서,
이번달에 바디프로필성공 했습니다~!
쾌적한 시설과 친절한 강사님까지 완벽한 휘트니스입니다! 적극 추천입니다????",브라운스톤 아파트 안에 있어서 편해요 깨끗한데 가격이 비싸요 ㅠㅠㅠㅠ,"편하게 혼자 운동할 수 있는 곳이에요 
운동하다 문제생기면 직원분이 바로 와서 도와주세요
근데 스트레칭룸 바닥 너무 드러워요 
청소 좀 잘 해주세요","건대 근처 헬스장 중에 제일 깔끔하고, 시설 관리가 잘 되는 곳이에요! 그리고 기본적으로 시설이 깨끗해서 그런지 다니는 회원분들도 기구 험하게 쓰지 않고 배려하면서 킵고잉하는 느낌입니다. 피티 수업은 제이쌤 만나서 운동에 재미 들려서 50회하고 추가로 30회 더 끊었네요 ?? 피티 수업할 때 친절하고, 동기부여 팍팍되게 잘 알려주셔서 운동할 맛 납니다!! 제이쌤 만나서 다이어트 성공하고 바프까지 찍었어요. 다들 여름 준비 브라운에서 하세요",우선 헬스장 시설이 너무 깔끔해서 운동할 맛이 나요 ! 엠마쌤께 pt 20회 등록하고 한달만에 체중 감량도 많이 해서 추가로 20회 결제했습니당 운동하면서 식습관도 바뀌고 건강해진 것 같아 좋아요 :-),지상에 있다는 것과 관리가 잘되어 있어서 운동 하기 좋아요. 회원권 상담 받고 엠마쌤 피티 등록해서 운동 시작했어요. 열심히 해서 다른 회원들처럼 멋진 몸 만들고 싶네요 :D,"Jay 쌤한테 수업받았고 40회 진행햇슴다.
진짜 열심히 해주시고 수업 외에도 스트레칭이나 몸 관리하는 방법에 대해서 옴총 자세히 알려주셧슴다.
운동하기 전에 불편했던 어깨나 허리가 점차 개선되고 뭔가 정상적으로 회복되는 경험은 안겪어보시면 모를거에요.
시설 깔끔해서 그런지 운동오시는분들도 거의 직장인같고 쪼끔 가격대가 있는거 빼고는 주변에서는 제일 나은것같슴다",넓고 운동기구 많고 깔끔해요!쌤들도 다들친절해요????
68,근육이 자꾸 빠져서 고민하다가 르와짐에서 피티를 시작했습니다. 과연 제가 피티랑 잘 맞을까 고민도 했었지만 상담하면서부터 신뢰가 확- 갔어요. 제가 평소에 불편했던 무릎이나 목어깨 등 상세히 물어봐주시고 저에게 딱 알맞는 선생님을 매칭시켜주셨어요. 수업때도 제 몸에 부족한 부분에 맞춰서 서서히 힘을 쓸 수 있도록 레슨해주시고 또 제가 중간중간 물어보는 근육이나 몸의 움직임에 친절하게 설명해주셔서 더욱 이해가 콕콕 박혀 더 열심히 운동하고 있습니당! 또 무작정 무게를 늘리는게 아니라 항상 제 컨디션을 봐주고 제 한계치를 끌어올려주시니 안 다치고 안전하게 운동할 수 있어서 너무 좋아요 ㅎㅎ 식단이나 체지방 감량에 대해 고민되면 그 부분까지 상담해주셔서 너무 도움이 됩니다. 김민규쌤 감사합니다~!,"동네 다른 헬스장 이용하다가 체계적인 pt가 받고 싶어 르와짐 상담 신청했어요~
처음 가서 상담을 받는데, 원장 선생님이 너무 친절하시고 체계적으로 상담해주셔서 신뢰가 확 가서 바로 계약했어요! 저는 체중감량이 목표였는데 체중감량에 앞서서 틀어진 자세 먼저 자세히 교정해주신다고 하더라구요! PT선생님들도 다 5년 경력 이상인 분들이라고 하시고, 제 성향과 목표에 따라서 맞는 선생님을 배정해주신다고해요! 일반 헬스장이 아니라 PT샵이라 그런지 훨씬더 체계적이고ㅎㅎ 더 기대가 됩니다! PT 30회 신청했는데 4달후에 변화될 제 모습이 기대돼요~!!! 잘부탁드립니당!!!",김민규 쌤과 6달간 운동하며 출산 후 약해졌던 몸을 다시 돌리는데 많은 도움 받았어요!! pt가 처음이었는데 혼자서도 운동할 수 있도록 자세하고 꼼꼼히 가르쳐주시고 항상 몸 컨디션 체크해주시며 알려주셔서 넘 좋았습니다! 중간에 몸에 무리가 되어 병원 다닐 때도 병원 같이 알아봐주시고 다시 운동 재개할 때도 아팠던 부분 항상 신경써주셨어요! 철저하게 식단 지키는건 못하는 편이라 제 생활 패턴 안에서 지킬 수 있는 다이어트 방법도 같이 고민하고 알려주셔서 앞으로도 배운 방법대로 식단 지키고 운동도 잘 할 수 있을 것 같아요!,"pt는 처음인데 하다보니 너무 괜찮아서 30회째 하고 있습니다. 
체력이 너무 떨어져서 운동 시작했는데 조금씩 체력도 올라오고 있고 민정 트레이너님이 맞춤 운동으로 워낙 잘 케어해주셔서 효과 많이 보고 있네요.
직장인의 필수품인 거북목과 출산,육아로 추가된 굽은 등, 나쁜 자세로 틀어진 골반을 골고루 갖추다보니 여기저기 안아픈 곳이 없었는데 근육케어도 해주시고 올바른 자세와 생활습관 가질 수 있게 도와주셔서 정말 많이 나아지고 있어요. 
근처에서 가장 깔끔한 일대일 pt샵이고 트레이너쌤들도 다들 너무 친절하시고 만족스러워서 꾸준히 애용할 예정입니다.","원래 운동을 좋아하지도 않고 관심도 없었지만, 코로나 동안 몸은 더 굳고 건강은 더 안 좋아져서 시작하였습니다. 올해 2월부터 4개월 동안 30회 PT 받고, 이제는 "" Gym 에서 혼자 프리웨이트 zone 에서 (바른 자세로) 운동할 줄 아는 사람""이 되었습니다. 몸이 천천히 운동에 익숙해 지도록 초기에는 저에 맞춰서 이끌어 주시고, 계속 한 단계씩 끌어 올려주시며, 바른 자세로 다치지 않게, 하지만 증량의 성취(?)를 느끼게 해 주시며, 궁극적으로 이 후 혼자서 프리웨이트를 꾸준히 즐기며 할 수 있는 상태로 인간개조를 해 주신 르와짐과 김황래 선생님께 감사드리고, 강력 추천 드립니다.",선생님께서 수업 설명을 이해하기 쉽게 설명을 잘 해주시고 자신에게 맞는 운동법을 알려주셔서 너무 좋아욥????,"샘이랑 하니까 저 혼자 막연히 운동하려고 했을 때보다 체계적이고, 그때 그때 상황에 맞춰 필요한 운동을 할 수 있는 점이 좋았어요. 다음에도 기회가 된다면 또 하고 싶습니다. 시설도 깔끔하고 인테리어도 이쁜 것 같아요:)","여자선생님께 3개월차 pt받고있는데, 항상 몸 상태 진단 꼼꼼하게 해주시고, 근력이나 유연성이 부족한 부분 위주로 잘 코치 해주세요. pt 끝나면 이제 셀프로도 운동 잘 할 수 있으면 좋겠네요~ 시설도 깔끔하고 쾌적합니다.","근력강화 및 건강을 위해 예원쌤께 총 40회의 수업을 받았습니다. 처음에는 자세도 모르고 힘을 쓰지도 못하고 너무 힘들어했었는데 시간이 지날수록 힘이 생기는게 느껴지며 어떻게 운동을 해야하는지 깨달아갔습니다.
질문을 드려도 항상 너무 친절하게 잘 알려주셔서 운동도 배우고, 운동에 새로운 흥미도 느끼고 가는것같습니다! PT는 끝이 났지만 추후에 혼자 운동하다가 다시 더 배우고싶은 부분이 있으면 꼭 다시 예원쌤께 연락드리려고합니다ㅎㅎ 항상 친절하게 알려주시고 꼼꼼하게 알려주셔서 너무 감사했습니다????","건강을 지키고 싶어서, 혹은 멋진 몸을 갖고 싶어서. 어떤 동기로 운동을 시작하든, 르와짐과 함께할 이유는 충분합니다. 
첫째, 진심을 다하시는 가족같은 트레이너분들. 어떤 트레이너 선생님도 예외없이 진심으로 회원들을 대하는 모습에서 감동받은 적이 한두번이 아닙니다. 운동이 처음이었던 저도 르와짐 선생님들 덕분에 운동과 빨리 친해질 수 있었습니다.
둘째, 확실한 변화. 80kg에서 10주만에 63kg의 목표를 달성했습니다. 물론 개인의 노력도 중요하겠지만, 그것마저 가득 채울 수 있게 최선을 다해 이끌어주신 박제민 선생님이 없었다면 변화는 일어나지 않았을 것입니다.
운동을 시작하고 저는 많이 변했습니다. 운동을 시작하고 변하고 싶지만 두려우시다면, 그 시작을 르와짐과 함께하셔도 좋을 것 같습니다."
69,살면서 피티 첨받아보는데 넘넘 좋은쌤 만나서 운동의지가 활활타오르네용~ 센터 쾌적하고 기구도 깨끗해용~,리뷰 엥간하면 이런거 안쓰는데 헬스장 오래다녀보면 이렇게 관리 하는곳 없어요 반년만에 돌아왔는데 더 새거처럼 됐네요,깔끔하고 좋아요,잘가르켜요,"자양, 구의주변에 깔끔하고 쾌적한 헬스장을 찾던 중 ‘몸가짐휘트니스’를 검색해서 알게되었고, 직접 방문해서 시설 등도 확인하고 등록해서 다니게 되었습니다. 대표님 및 트레이너 분들이 친절하게 운동방법도 알려주시고, 코로나 시국에 맞춰 기구 및 시설을 매일 소독하고 관리해주십니다. 무엇보다 쾌적하게 운동 할 수 있어서 좋네요!",헬스장 관리가 잘되어있고 깔끔해서 놀랐습니다! 저녁시간에도 개인운동하기에 좋습니다!,시설이 깨끗해서 너무 좋아요.,"몸가짐을 제가 등록하는 이유
1. 청결 ( 깨끗 )
2. 인포 랑 트레이너 선생님들 모두 친절함
3. 최근 확장후 좀더 넓고 쾌적하게 운동가능",확장해서 너무 좋아졌지만 사람 많아질까 걱정임…낮엔 전세내고 잘 쓰고 있슴돠ㅋㅋ,쏘쏘
70,오늘 체험도 할겸 운동 루틴이나 식단 지식도 쌓고 싶어서 에이투짐에 방문하였습니다 그런데 이게 무슨일이죠? 유튜브에서만 보던 몸짱 헬게이 헐크가 외모가 엄청 스케뤼 하였는데 그거와 다르게 친절하게 상담 해주시구 제 운동법에 문제점과 식단 조절을 디케일하게 알려주셨습니다 좋은 경험을 쌓은거 같고 시간되면 다시 한번 꼭 가려구요 ^^*,분위기 좋고 깔끔하고 시설도 좋아요?? 트레이너님들도 너무 친절하시고 자세 하나하나 꼼꼼하게 잘 알려주세요~식단도 잘 봐주십니당 지금 살이 쭉쭉빠지고있어용??,"신동현트레이너님과 피티진행하고 있습니다. 장점1. 자세 엄청 꼼꼼히 봐주세요.10회 이상진행했는데, 다른 헬스장 피티가면 자세잡을때 폰보면서 횟수구호만 넣어줬는데 트레이너님 자세 자극 제대로 가나 디테일하게 봐줍니다. 장점2. 친절하게 말씀주십니다. 운동하다가 생기는 궁금한점여쭤보면 친절히 말씀주세요. 장점3. 체계적이시다. 아이패드에 핕수업할 내용 적고 하나하나 체크하면서 진도 나갑니다. 다른 선생님들도 옆에서보면 자세 꼼꼼히 봐주시는 편인거같았어요.",처음으로 하게된 pt였어서 고민 많이 하고 등록했었는데 정말 만족스러알어요~ 30회 pt 진행하는 동안 자세도 자세히 알려주시고 개인 운동 시에도 모르는 거 물어보면 친절히 도와주셔서 감사했어요!,"시설이 깔끔해요!! 분위기도 딱딱하지 않고 친구같은 모먼트!! 트레이너쌤께서 항상 회원들 시간을 잘 맞춰주시고, 모르는거나 궁금한것들을 자세히 알려주세욥!! 굿국!","저는 유산소를 좋아하고 근육운동을 극혐하는 사람이었습니다. 코로나때 내내 재택근무를 하다보니 살이 13키로나 뿔어있었구요, 거울만봐도 화가나서 이참에 근육도 늘릴겸 피티를 하자했습니다. 아침 피티로 가격도 저렴해서 사실 큰 기대를 하지않았었는데요, 운동을 할때마다 이 운동이 왜 필요한지, 어떤 곳을 자극시켜주는지 꼼꼼하게 말해주는 선생님을 보며 어느내 근육운동의 손톱만큼의 재미를 느끼고있습니다. 제 건강과 운동목표 식습관에 맞추어서 프로그램을 짜주시구요, (저는 채식주의자라 식물성음식으로 벌크업 중입니다!) 운동이 끝나고 어떤운동을 했는지도 보내주셔서 혼자 근육운동을 할 수 있게끔 해주십니다. 신동현 코치님 감사합니다 :)",차주용 선생님한테 수업 받고 있습니다. 정말 친절하시고 자세하게 수업부터 식단까지 신경써주셔서 운동하는데 많은 도움받고 있습니다!,"손세하트레이너님과 함께 PT진행했는데
넘 꼼꼼하게 지도해 주셔서 많은 도움을 받았습니다.
아픈곳이 있었는데 무리없이 도움 받아서 좋았습니다.
시간이 되면 다시 함께 운동 진행하고 싶습니다~~
조만간 또 뵈어요~","신동현 선생님께 pt받고 있습니다! 
제가 운동을 처음하는거라 걱정이 많았는데
걱정과 달리 친절하게 알려주시고 자세도 꼼꼼히 
알려주십니다! 그리고 pt없는날에 개인운동 하러올때도 따로 알려주시고 친절하십니다! 헬스장에 기구도 다양해서 여러운동 을 할 수 도 있어 개인 운동하기에도 안성맞춤이예요~ 다들 한번씩 오셔서 상담이라도 받아보세요","운동을 처음배워보는데, 자세히 맞춰서 알려주시고
꾸준히 운동을 할 수 있게 재미도 붙여주셔서 너무 감사합니다.
몸상태가 안좋다고 생각해서 시작한 운동이었는데
많이 괜찮아지고 점점 더 건강해지는 것같습니다
손세하 선생님 너무 편안하고, 운동을 잘 할수있게 해주십니다 다음에 또 피티 받고싶습니다
추천합니다~~~!!!"
71,군자역 피티는 스포애니 김규정!!! 바프 찍고싶어서 무작정 찾아가서 상담받았었는데 피티 등록 전 상담임에도 인바디 측정 후 세세하게 잘 알려주셨습니다. 운동 플랜도 주기적으로 몸 상태에 맞춰 체계적으로 진행해주시고 식단 관리와 멘탈 케어까지 완전 잘 해주십니다. 덕분에 몸 상하는 일 없이 건강한 운동 잘 했습니다. 스포애니 군자점 김규정 팀장님 완전 물건입니다 ㅎㅎ 강력 추천이요!!!,"항상 헬스장 가면 기구사용법도 모르겠고, 런닝머신만 뛰다 집에 왔는데,
제대로 확실하게 운동을 배워보자 싶어서, 군자역 인근 헬스장을 여러군데 알아보다가, 스포애니 군자역점에서 헬스장 등록과 PT 등록을 하였습니다.
그렇게 스포애니 군자역점을 다닌지 곧 1년이 되어가네요.
김태성 트레이너님께서 저를 지도해 주셨습니다.
저에게 맞춰서 체계적으로 정확하게 알려주셨습니다.
작년에 비해 몸이 많이 좋아진 것이 느껴집니다.
몸이 좋아지니 전보다 자신감과 활기가 생겼습니다.
헬스장은 스포애니 군자역점, 트레이너는 김태성 트레이너!
추천 드립니다.",이재석 트레이너님이 운동도 잘 알려주시고 유쾌하게 가르쳐주셔서 헬응애인 저에게 재밌게 배웠습니다. 3층으로 되있어서 좋아요 시설도 넓고 깔끔해서 좋아요오오 단점이라면 사람이 많다는점?,"저는 살면서 운동의 “ㅇ”도 모르고 살다가 이번 연도에 헬스장을 다녀 보겠다는 마음을 다 잡고 여러 헬스장을 찾던 중에 스포애니 군자점 문성인 트레이너님께 제 고민과 희망 사항을 말씀드렸는데 친절한 상담과 구체적인 커리큘럼을 알려주셔서 스포애니 군자점을 선택하게 되었습니다. 운동이 처음인 저에게 각 부위 별 운동 정보, 자세를 자세하게 알려주시고 옆에서 항상 응원을 해주셔서 현재는 몸무게도 늘고 운동에 대한 재미가 생겼습니다.?? 그리고 항상 제가 쳐지지 않게끔 옆에서 많이 도와주시고 힘을 주십니다!?? 항상 감사드리고 여러분!! 운동을 즐겁게! 활기차게! 하시려면 스포애니 군자점 “문성인 트레이너”를 강추합니다!!! (근데 이거 비밀인데.. 문성인 트레이너님.. 스포애니 군자점 미모 원!탑! 입니다.??)","홈트만 하다가 처음으로 헬스를 해봤어요. 상담후에 김태성 트레이너님과 함께 하게되었는데 자세도 잘 봐주시고 틈틈이 이론이랑 운동 지식도 알려주셔서 굉장히 이해하기 쉬웠습니다!! 
어릴때부터 무릎이랑 팔꿈치가 많이 약했는데 운동하면서 트레이너님이 교정도 해주시고 특정 부위에 자극이 잘 갈수 있게 세세히 알려주셔서 나중에 개인 운동할때도 편했습니다 ^^ 모르는거 물어보면 항상 이해하기 쉽게 알려주시고 친절하십니다!! 처음하는데도 불구하고 재밌게 계속 할수 있어 최곱니다 ?????? 운동 처음하시는분들도 재밌게 할수 있게 김태성 트레이너님 추천합니다!! ^^",이번에 처음 받아본 PT였는데 인터넷이나 유튜브에 나오는 흔한 운동법이 아닌 저에게 딱 맞는 운동방법과 호흡법을 유경수 트레이너 선생님께 배워 처음으로 꾸준히 운동하고 있습니다. 저처럼 헬스 끊어놓고 며칠 나가고 안나가시는 분들께 저를 끝까지 끌어주신 유경수 트레이너님을 추천합니다!!,"퇴근하면 열심히 술병만 들던 제가 덤벨/바벨을 들게 된 과정까지 함께 해주신 김태성 트레이너님??

요즘 Youtube나 미디어를 통해 운동을 쉽게 접할 수 있는 건 사실이지만 내가 갖고태어난 체형과 고착된 습관은 개인마다 천차만별이기에 영상시청만으로 운동을 배우는건 분명 한계점이 있죠.. 김태성 트레이너님은 이런 저의 고민을 완벽하게 해결해주셨습니다. 충분한 상담과 체형 분석을 통해 시간과 노력을 투자하면 결과로 나타나는 저만의 운동요령을 알려주셨고, 열심히 따라준 저의 몸은 거짓말하지 않았습니다. 작년 말부터 시작해서 이제는 옆에 서있으면 누가 트레이너인지 모를정도입니다?(너빼고 다알아) 운동 시작하는게 고민되시거나 운동을 하고있지만 결과로 나타나지않는다면 꼭 태성트레이너님께 상담 받아보시기 바랍니다??",우리 보미 헬스트레이너 선생님 ㅜㅜ 덕분에 제가 몸너무 탄탄해지고 건강미를 찾게되었어요..항상 개인 운동하면 유심히봐주시고 카톡으로 피드백해주시공ㅜㅜ pt받을때 세심하게 알려주셔서 운동 배우려는 목적으로 pt를 끊은 저에게 정말 도움이되었어요 선생님 과 함께하는 운동에 재미붙여서 10회만 하자고 끊었는데 어느새 30회를 끊고 운동에 대해 자세하게 알게되 혼자서도 잘 할수있게 되었어요! 그리고 저의 잘못된 생활습관으로 몸이 불균형이 왔는데 그거까지 케어를..이 리뷰 보시는 분들 pt생각하시면 보미선생님께 꼭 꼭 꼭 받으세요 ㅜㅜ 정말 짱이예요??????,사람 많아요. 기구 싸움 장난아닙니다. 그만큼 관리 잘되어 있어요.,"혼자 개인운동으로 몇 년 하다가 이번에 유경수 트레이너님께 지도를 받게 되었습니다. 자세 교정부터 식단관리, 여러면으로 디테일하게 알려주셨고, 트레이너님 특유의 긍정적인 마인드를 많이 주셔서 운동이 귀찮은데 해야 하는 것이 아니라 재미있는 시간을 보내는 것으로 바뀌게 되었습니다! 운동은 해야 하는데 금방 질리거나 지루하신 분들은 유경수 트레이너님 추천드려요!"
72,"12개월 부가세까지해서 495,000원입니다. 화장실 샤워실은 청소 안 해서 냄새나고, 기구가 많기는 한데 좁습니다. 24시간이라고 나오긴하는데 직원 없다고 안 합니다. 작년에는 39만원이었는데 10만원이나 올랐네요^^","1. 전날 등록하고 운동 신청을 오늘로 요청해서 오늘운동하려했으나 인원부족에 있는 트레이너들은 피티수업하느라 첫 회원 안내없이 우선 운동부터하라고함.
2. 지금 야간직원 못구해서 운영시간 24시간이 아니라 밤 10시까지라고합니다. 참고하세요
3. 남자탈의실 자동문에 중간 커튼으로 되어 있어서있문열리면 탈의실 내부 다 노출됨
4. 스쿼트렉에 혹해서 등록했는데 스쿼트렉과 프리웨이트존에있는 벤치들 사이에 이동동선 상 공간이 좁음...
5. 위 사항들땜에 운동첫날 운동아예 안하고 바로 환불신청했는데 그래도 위약금 10%뗀다고함
운동도안했고 시설을 이용한게 아예없이 바로 환불을 요청한건데 위약금을 떼는게 말이되긴하는건가요?",기구도 좋고 가격도 저렴해요!,시설이 아주 깔끔하고 기구들이 짱짱합니다!,건대역 2-3분거리 24시가 헬스장 등운동 해머스트렝스 MTS 싸이벡스 핵스쿼트 파워레그 프레스,시설이 너무 괜찮고 여러가지 기구들을 쓸수 있어서 괜찮은것 같아요 시설에비해 금액도 저렴하네요,근처 헬스장 알아보다가 등록하게 됐는데 가격도 저렴하고 다들 너무 친절하세요 !! 재등록 의사 100% 에요 ~~,,,
73,모든 직원분들이 친절해요^^,여직원분 상담도 친절하게 해주시고 가격도 착해요~~!!,접근성도 좋고 편리하고 좋아요!,시설도 좋고 다들 너무 친절해요~~ 계속 재등록 해서 다니는데 정말 정말 좋아요~,3년째 이용중입니다. 편리하고 좋아요!,"비스코 토탈 휘트니스 너무 만족하며 다닙니다! 1년 다녔고 다시 1년 재등록했어요!! 친절한 데스크와 능력좋은 pt,골프선생님들 덕분에 기분좋게 운동 다니며 건강챙기고 있어요~!!",시설 깔끔해서 이용하기 편해요,웨이트와 골프를 함께 즐길 수 있어 좋아요!,상담을 너무 잘해주시고 집근처라 열심히 잘 다닐수 있을거같아요~! 시설도 깨끗하고 목욕시설에도 만족이에요!!!,위치가 좋고 이용할게 많아서 좋습니다
74,오늘 체험도 할겸 운동 루틴이나 식단 지식도 쌓고 싶어서 에이투짐에 방문하였습니다 그런데 이게 무슨일이죠? 유튜브에서만 보던 몸짱 헬게이 헐크가 외모가 엄청 스케뤼 하였는데 그거와 다르게 친절하게 상담 해주시구 제 운동법에 문제점과 식단 조절을 디케일하게 알려주셨습니다 좋은 경험을 쌓은거 같고 시간되면 다시 한번 꼭 가려구요 ^^*,분위기 좋고 깔끔하고 시설도 좋아요?? 트레이너님들도 너무 친절하시고 자세 하나하나 꼼꼼하게 잘 알려주세요~식단도 잘 봐주십니당 지금 살이 쭉쭉빠지고있어용??,"신동현트레이너님과 피티진행하고 있습니다. 장점1. 자세 엄청 꼼꼼히 봐주세요.10회 이상진행했는데, 다른 헬스장 피티가면 자세잡을때 폰보면서 횟수구호만 넣어줬는데 트레이너님 자세 자극 제대로 가나 디테일하게 봐줍니다. 장점2. 친절하게 말씀주십니다. 운동하다가 생기는 궁금한점여쭤보면 친절히 말씀주세요. 장점3. 체계적이시다. 아이패드에 핕수업할 내용 적고 하나하나 체크하면서 진도 나갑니다. 다른 선생님들도 옆에서보면 자세 꼼꼼히 봐주시는 편인거같았어요.",처음으로 하게된 pt였어서 고민 많이 하고 등록했었는데 정말 만족스러알어요~ 30회 pt 진행하는 동안 자세도 자세히 알려주시고 개인 운동 시에도 모르는 거 물어보면 친절히 도와주셔서 감사했어요!,"시설이 깔끔해요!! 분위기도 딱딱하지 않고 친구같은 모먼트!! 트레이너쌤께서 항상 회원들 시간을 잘 맞춰주시고, 모르는거나 궁금한것들을 자세히 알려주세욥!! 굿국!","저는 유산소를 좋아하고 근육운동을 극혐하는 사람이었습니다. 코로나때 내내 재택근무를 하다보니 살이 13키로나 뿔어있었구요, 거울만봐도 화가나서 이참에 근육도 늘릴겸 피티를 하자했습니다. 아침 피티로 가격도 저렴해서 사실 큰 기대를 하지않았었는데요, 운동을 할때마다 이 운동이 왜 필요한지, 어떤 곳을 자극시켜주는지 꼼꼼하게 말해주는 선생님을 보며 어느내 근육운동의 손톱만큼의 재미를 느끼고있습니다. 제 건강과 운동목표 식습관에 맞추어서 프로그램을 짜주시구요, (저는 채식주의자라 식물성음식으로 벌크업 중입니다!) 운동이 끝나고 어떤운동을 했는지도 보내주셔서 혼자 근육운동을 할 수 있게끔 해주십니다. 신동현 코치님 감사합니다 :)",차주용 선생님한테 수업 받고 있습니다. 정말 친절하시고 자세하게 수업부터 식단까지 신경써주셔서 운동하는데 많은 도움받고 있습니다!,"손세하트레이너님과 함께 PT진행했는데
넘 꼼꼼하게 지도해 주셔서 많은 도움을 받았습니다.
아픈곳이 있었는데 무리없이 도움 받아서 좋았습니다.
시간이 되면 다시 함께 운동 진행하고 싶습니다~~
조만간 또 뵈어요~","신동현 선생님께 pt받고 있습니다! 
제가 운동을 처음하는거라 걱정이 많았는데
걱정과 달리 친절하게 알려주시고 자세도 꼼꼼히 
알려주십니다! 그리고 pt없는날에 개인운동 하러올때도 따로 알려주시고 친절하십니다! 헬스장에 기구도 다양해서 여러운동 을 할 수 도 있어 개인 운동하기에도 안성맞춤이예요~ 다들 한번씩 오셔서 상담이라도 받아보세요","운동을 처음배워보는데, 자세히 맞춰서 알려주시고
꾸준히 운동을 할 수 있게 재미도 붙여주셔서 너무 감사합니다.
몸상태가 안좋다고 생각해서 시작한 운동이었는데
많이 괜찮아지고 점점 더 건강해지는 것같습니다
손세하 선생님 너무 편안하고, 운동을 잘 할수있게 해주십니다 다음에 또 피티 받고싶습니다
추천합니다~~~!!!"
75,"n번째 피티받앗던 유목민 드디어 여기 정착할게요ㅡㅡ 엄준용 트레이너님 !! 진짜 쌤한테 꼭 다들 수업 들어보셨으면 좋겠어요! 저 진짜 여러번 피티 받아봤는데 이렇게 만족도 높았던 적이 처음이에요. 시간만 보내는 단순한 수업이 아니라 기구나 운동 방법 진짜 자세히 알려주시구요, 개인운동갈때도 틈틈히 신경 많이 써주세용 ! ㅎㅎ 수업할때 타겟으로 했던 부위는 다음날 기가막히게~~ 그 부위만 근육통 생기고 점점 라인이 변하는게 느껴져용 ㅎㅎ (글고 쌤 본인이 관리를 엄청하셔서 같이 운동하면 무조건 성공해요 ^^,,!) 리뷰 잘 안남기는데 연장한 기념으루 끄적여봅니닷 >0<",피티 처음받아보는데 너무 만족도가 높습니다. 수업이 체계적이고 개인별 맞춤식 운동 루틴도 짜주셔서 혼자 운동할때도 큰 도움이 됩니다. 인바디도 주기적으로 재니 내 몸의 변화를 눈으로 확인할 수 있고 운동에 재미도 붙어서 꾸준히 나오게 되네요. 운동을 처음하시는 분이라면 이렇게 수업을 통해 체계적으로 배워나가시면 큰 도움이 되리라 생각합니다! 운동이 저처럼 처음이신분들은 이준오트레이너쌤을 적극 추천드립니다!!,모두 친절하시고 트레이너 분들도 운동 잘봐주시고 저렴하고 역하고도 가까워서 좋습니다.,"피티가 제 값을 할까?
본인만의 운동방식에 정체기와 요요를 반복하는 분
부상입을까 자신의 한계를 못 겪어본 분

이런 고민을 하는 분들에게 이승재 트레이너 추천합니다.

위 고민들은 제 고민이었습니다.

늘 같은 운동 스타일에 더 발전이 없는걸 아쉬워하면서도 피티가 제 값을 할까하는 생각이 많았죠.

근데 빨간모자 출신(군 조교)의 이트레이너님과 피티를 통해 위 고민들은 해결됐습니다 

정확한 자세로 하는 운동은 이전에 못 겪어본 근육 자극을 줬고

부상을 방지하는 선에서 한계로 몰아부치는 피티(제 요청사항이기도 했음)는 제 몸에 플러스였습니다.

물론 트레이너님 요청사항(식단과 개별운동)을 꼭 지켰구요

한계를 겪고 더 건강한 몸을 갖고싶은
의지가 강한분들.
미더운 트레이너들이 있는 스포애니 방문해보세요",에어컨도 시원하고 시설이 이 근방에서 가장 깔끔해요,1년째 PT중인데 트레이너 샘들이 열정적이고 친절하세요^^,시설이 깨끗하고 넓어서 좋아요,기구가 다양하고 시설이 깔끔해서 운동하기 좋아요,??,운동시작~~~
76,선생님이 매우 섬세하시고 전문적이세요. 올 초 부터 계속 함께하고 있는데 변화된 제 모습이 무척 만족스럽습니다!~ 감사해요 앞으로도 잘 부탁드릴게요.,"허리가 아파서 등록했는데
운동하면서 교정이 많이 되서 그런지 
정말 많이 좋아졌습니다 

그리고 운동기구도 너무 좋고 
샤워실이 특히 깨끗해서 끝나고 나왔을때
너무 좋았습니다. 

재등록하겠습니다??","인테리어 너무 깔끔한데다가 
선생님의 디테일한 설명까지 
만족도 백점만점에 백점입니다 ! 

주위에 많이 홍보 드리고 싶긴하지만 
저만 운동하고싶은 욕심도 생길정도 입니다 ! 

그래도 너무 만족하면서 운동배우고 있습니다??
 감사합니다","운동은 해야하는데 시작이 너무어려웠던 저같은분들께 정말 강력추천해드리고싶어요!!!

저는 평소에 운동너무싫어하고 힘들어했었는데
당연한결과지만 몸상태가 너무 루져였습니당ㅜㅜ

짐에잇에 방문하고 선생님께서 이런 저의 성향과 건강상태를 정말 세심하게 상담해주시고 저에게 맞는 운동방법을 알려주셔서 운동 극혐이던 제가! 어느새 운동을 재밌어하고 즐거워하고있더라구요!! 
다른피티를 받았을때는 뭔가 저에겐 맞지않았던..스퐈르타!! 이런느낌이라서 흥미가 떨어졌었는데 진짜..짐에잇 선생님 저의 구세주이십니다????

저같은분들 꼭꼭 짐에잇에서 운동시작해보세용!!
진짜진짜 강추!(선생님도 훈남이세용..ㅋㅋ)",제대로 운동하고 있다고 생각이 들게해주십니다! 진짜 제 몸이 강화되고 있는 것 같아요. 계속해서 응원해주시고 포기 하지 않게 잘 이끌어주십니다. 너도나도 똑같은 운동이 아닌 저에게 맞는 트레이닝을 해주셔요!! 감사합니다!!,"저의 경우에 허리디스크가 있어서 운동이 필수인데, 고객 맞춤형 티칭이 섬세한 곳입니다. 다른곳에서도 운동해봤지만 제일 중요한것은 강사님과의 소통이라고 생각합니다! 이 부분에서는 별 백만개 드리고 싶을 정도로 섬세하세요!! 그리고 내부 인테리어도 고급 호텔처럼 잘 해놓으셔서 시각적 만족도도 좋습니다 :)",섬세한 티칭이 아주 인상적이었습니다. 친절하시고 실력자 선생님이예요 믿고 운동하러 오세요:),즐겁게 운동하고 있어요. 프라이빗해서 코로나에도 안심이예요^^ 덕분에 건강해지고 있습니다.,"허리가 너무 아파서 운동 할곳 찾아보다가
집앞에 새로 생긴것 같아서 상담만 받으러 갔는데 
선생님도 너무 친절하시고 공부도 많이 하신분 같고,,해서 고민 하고있엇는데
아픈데를 바로 바로 알아채시더라구요;; 
바로 30회 끊어버렷습니다 2회 했는데
후회없습니다 28회 남았지만 재등록할 생각입니다 괜찮은 센터 찾으신다면 여기 진짜 추천이요..
눈알운동만 하다가 진짜 몸뚱이 운동하니까 넘 조아요 ㅋㅋㅋㅋㅋㅋ",처음 방문했을때 깔끔하고 정돈된 인테리어가 너무 좋았어요. 상담하고 오티받으면서 현재 제 체력 수준도 알 수 있었는데 특히 수치화되서 보여주시니 눈에 더 잘 들어오고 운동을 해야겠다는 목표가 더 생겼어요. 상담부터 운동까지 세심하고 친절하게 알려주셔서 감사해요.
77,체중감량 및 체력을 기르고 싶어서 20회 등록했어요. 저는 채린쌤이 담당해주셨는데 운동할때 힘든것도 힘든거지만... 맘처럼 잘 안되서 속상할 때 덤덤히 옆에서 실질적인 조언이랑 지금 제 상황에서 최대한으로 끌어낼 수 있게끔 방향을 코칭해주셔서 좋았어요. 운동하고 식단하는데 힘들고 포기하고 싶다가도 쌤이 잘 잡아주셔서 다시 힘내봅니당ㅋㅋㅋ 아 샤워실도 별도로 있어서 좋고 여성 전용이라 신경쓸 필요없이 맘껏 땀 흘려서 좋습니다.,여성전용이라 편하고 시설이 깔끔해요 좋은뷰에서 열심운동하면 살이 빠지...기를 강사님들도 많고 친절하십니다,이번이 4번째 재등록이예요~ 재등록하면서 새롭게 채린쌤이랑 같이 운동하게 되었어요! 자세도 꼼꼼히 봐주시고 수업하는것도 너무 재미있어요~ 혹시 등록 고민하고 계신 분 계시면 클레어&채린쌤 너뮤 추천합니다!! ????????????,여성 전용이고 새 건물에 있길래 예약해서 상담받고 왔는데 선생님들도 정말 친절하시고 시설도 정말 깨끗해요! 사물함도 여유 있게 비치되어 있고 개인 샤워실인게 가장 좋은 것 같아요 ㅎㅎ 개인 피티 수업도 시간 넉넉하게 봐주시고 개인 체형이나 몸 상태 맞추어 진행해주셔서 넘넘 좋습니당!!!!! 근력 하나도 없는 저한테도 으쌰으쌰 응원해주시는 지희쌤 최고 ㅎㅎ,"루디쌤께 pt 등록하고 수업을 듣고있어요 체중이 많이- 나가서 걱정을 했는데 여성전용이라 편하게 운동하고 선생님께서도 친절하게 잘 알려주세요 선생님만 믿고!! 말씀하신데로만 하기로 했습니다 확실히 운동 하고싶다는 의지가 생길수있게 잘!! 도와주시네요 사실 운동은 내 의지가 제일 중요!한 부분이지만 이번엔 효과를 확실히 보고있네요 직업병으로 거북목도 오고 해서 자세 교정이랑 건강을 먼저 생각하고 등록했는데 다이어트까지 덤으로 하고 있네요 뭔가 생활에 활력도 생기고 무기력하던게 좋아지고,,다른데서 많이 해봤는데 확실하게 다른 곳과 다름이 느껴지네요 감사한 마음에 글이라도 써봐요! 루디쌤 감사합니다 ??","혜인쌤 PT 30회 끝나고, 다시 30회 연장했어요.
.
 수업할 때 동작 확인하면서 제 몸 상태를 체크해주시고 (어떤 동작이 잘 안되는지, 골반이 조금 안 좋은지, 양쪽 균형 상태 등등) 그에 따라 운동도 제 몸에 맞게 진행해주시는게 좋아요.
.
 궁금한 사항 질문할 때마다 잘 답변해주시고, 칭찬도 많이 해주셔요.
.
 운동 시작을 혜인쌤이랑 같이 한게 정말 잘한 것 같아요 ~~",시설이 깔끔하고 공용이 아니라 개인 샤워룸이 있어서 이용하기 편리합니다! 루디쌤과 운동하고 있는데 그날의 컨디션에 맞춰서 적당한 강도로 운동시켜주시고 자세 하나하나 힘이 잘들어갈 수 있게 꼼꼼히 알려주세요! 저는 어깨에 힘이 많이들어가는 편인데 어깨에 힘이 많이 들어간 날이면 운동하고 풀어주셔서 정말 좋아요!,"저는 채린선생님한테 배우고있는데요, 운동 완전히 초보인데 잘 가르쳐주셔서 너무좋아요ㅜㅠ 맨날 산책만하다가 본격적인 운동하려니까 자세도안잡히고 제몸이 제몸이아닌거같아서 우울할때도 있는데 잘한다고 격려해주시고 자신감도 챙길수있게 해주시고 감사합니다ㅎㅎ","다이어트와 체력향상을 목표로 PT 20회 결심하고 등록했습니다! 저는 채린쌤이 맡아주시는데, 제게 맞는 운동 알려주시고, 그날그날 상황에 맞게 난이도 조절해주시면서 진행해주시고 계세요?? 식단도 꼼꼼하게 봐주시고 질문도 잘 받아주셔서 즐겁게 하고 있습니다!
+ 서연매니저님도 처음 갔을 때 상담 친절하게 해주시고, 운동 갈 때마다 밝게 인사해주셔서 너무 감사해요ㅎㅎ
다음주, 다음달의 제 모습이 궁금하고 기대되요??","뷰가 정말 예쁜 곳에서 재밌게 운동할 수 있어서 재등록하게 되었습니다~
거리두기도 해제되고 수많은 위기가 있었지만 하나하나 꼼꼼하게 잘 봐주셔서 꾸준히 운동할 수 있었어요ㅎㅎ
제 몸 특성에 맞는 운동 알려주셔서 미세하지만 근육량도 늘고 체지방은 줄어서 정말 좋아요??
앞으로도 잘 부탁드립니다~~??"
78,,,,,,,,,,
79,"시설이 굉장히 깔끔하게 관리되고 선생님이 매우 친절하십니다. 컨디션이나 몸 상태를 매번 체크해서 진행하시고, 동작도 옆에서 자세히 봐주시기 때문에 다칠 위험도 적고 집중도 잘됩니다. 1:1로 수업이 진행되기때문에 다른 헬스장 pt보다 제대로 케어받을 수 있어서 좋습니다 :) 헬스장 여러군데 다녀보고 저는 여기에 정착했습니다 !!","1년동안 jay쌤에게 운동을 배워왔습니다.

Jay쌤을 만나기전에는, 똑같은 운동만 반복해서 하느라 오랫동안 지속적으로 운동하지 못 했습니다. 1년동안 체계적으로 배우니, 꾸준히 헬스장을 갈수있게 되었습니다.

아직 부족한 것이 많아서, 더 배울 예정입니다.
수강생과 소통하면서, 운동을 진행해주셔서 고맙습니다. 매번 같은 질문을 반복하는 것 같은데, 매번 한결같이 답변도 잘 해주십니다.","건강해지고싶으신가요? JAY에게로 오세요!

1.운동 시 잘 안되는 동작이 있으면, 같이 고민하면서, 취약한부위를 개선해나갑니다

2. 주먹구구식으로 운동만 시키지지는 않습니다. 유쾌하시고, 동기부여도 잘 시켜주십니다. 

3. 저는 체형교정 목적으로 왔습니다. 1년동안 하는데, 평발 등 통증 개선 되었습니다.

4. 저한테 왜 이 운동해야되는지 설명해주십니다. 과거에는 팔굽혀펴기할때 팔힘만으로 했는데, 이제 가슴 등도 분산해가며 합니다.
이래서, 나만의 운동. 커리큘럼이 중요한가봅니다

5. 이제 턱걸이만 잘 하면 좋겠습니다
열심히 해볼게요ㅜㅜ","근 1년째 수업을 받고있습니다. 한번 시험삼아 처음으로 PT를 받아봤는데 역시 전문가는 전문가입니다. 나날히 변해가는 몸을 바라보면 뿌듯하기도 하고 아침에 일어날 때부터 컨디션이 다르다는것을 느낍니다. 선생님이 너무나 친절하고 초보자들도 잘 알 수 있도록 자세하게 운동을 알려주시는 점이 좋습니다. 초보자분들, 처음 피티를 해보시는 분들에게 추천드립니다.",상담이 무료였는데 몸 상태를 상세하게 봐주셨던 점 너무 친절하고 감사했습니다 PT 가 처음이라 가격적인 측면에서 그리고 지갑 사정도 걱정하게 되었는데 편하게 고민하고 연락주셔도 된다고 하시고 너무 감사했습니다.,저에게 딱 맞춤운동입니다~~너무 지치지않게 그렇다고 운동안되게도 아닌 제가 할수있는 만큼 최대한의 운동으로 항상 꼼꼼하게 체크해서 알려주세요 ~~,체계적으로 잘알려주세요!,코치님이 아주 친절하시고 꼼꼼히 상담해주십니다. 완전 프라이빗 레슨식이라 맘에 들어요,항상 친절하게 제 몸에 맞게 가르쳐 주세요! 운동하기 싫어도 할 수있게 해주십니당 ㅎㅎ 솔직히 여기 다니고난 전후로 나뉨 ㅠㅠ,진짜 섬세하게 잘가르쳐주세요! 후기원래잘안남기는데^-^감사합니당항상
80,"9월에 바디프로필 준비중인 회원입니다!
4월부터 현재(진행형)까지 권혁근 트레이너께 p.t를 받고 있습니다. 제가 트레이너 4분정도 (혁근쌤 포함) 트레이닝을 받아봤는데, 권혁근 트레이너님이 운동을 정말 잘 알려주시고, 회원님들에 맞춰서 티칭해주십니다 ! 평소에 등근육 수축을 잘 못했던 제가 혁근쌤에게 pt 등운동을 받고 나서부터 등운동에도 재미가 붙었어요 ! 식단도 막 무조건 닭가슴살이랑 밥 조금 야채 많이가 아닌 현재 몸상태와 기간을 생각하면서 천천히 식단 구성을 짜줍니다! 
이너라인 오시면 꼭 권혁근 트레이너님께 ot or 1회 체험을 한 번 받아보세요! 받고나선 만족하시며 귀가하실겁니다 !","생전 운동이라고는 숨쉬기 밖에 안해봤고 
헬스진짜 재미없어서 안했던 1인 입니다,,
운동이 재밌어야 하죠,,
무슨 햄스터도 아니고 백날천날 런닝머신ㅜ
but,,,그거슨 착각,,제가 운동 방법을 몰랐던 거였어요..그래 한번 배워보자 하고 시작한게 벌써 피티22회차,,수업하고 오는 길에 손가락은 움직일수 있어서 이 리뷰를 써봅니다..오늘 하체하는 날이였거든요..다행히 신재웅쌤이 손가락은 움직일수 있게 해주셨어요..
필라테스 요가 어쩌고 다해도 결국 운동의 끝은 웨이트라는거..해보시면 알꺼예여
재웅쌤한테 피티5번째 받고 인바디 잰건데 근육최고 체중 최저 찍었어요ㅜ 여기 선샌님들 무슨 단체교육을 받으시는지 그 인터넷에 있는 양ㅇㅊ피티쌤 한명도 없고 수업하는거 보면 일분도 낭비안하고 짱친절ㅜ군자에선 여기가 최고예여ㅜ","PT60회 58회차 입니다
99kg >> 84kg 까지 체지방만 
17kg 감량에 성공했습니다!
혁근쌤 친절하고 배울게 많아서 좋아요!
다음에도 또 등록 하겠습니다! 가자고!!","1년 넘게 신재웅쌤에게 PT받고 있어요.
맨몸운동도 버거워 하던 나였는데...재웅쌤의꼼꼼하고 체계적인 지도덕분에 이제 무거운무게도 척척!!??
근육을 어떻게 사용해야 하는지 너무 쉽게 잘알려주셔서 근력은 물론 자세 교정까지 
일석이조의 효과^^
아직 미흡한 부분이 많지만 바프에도 도전해봤구요~ 쌤 덕분에 운동에 재미를 보고 있는 1인^^
너무 감사해요~♡
트레이너선생님들 모두 너무 친절하시고 시설도 깨끗! 완전완벽!! 대박만족!!!",첫 PT 등록하고 어느덧 30회차가 끝나갑니다! 몸이 점점 변해가는게 스스로도 느껴지고 있고 또 그만큼 더 열심히 하려고 노력 중이에요! 준성 트레이너님께 수업 받으면서 꼼꼼한 설명 덕에 계속 의지 가지고 갈 수 있을 것 같습니다! 수업이 아닐 때도 가끔씩 지나가다 자세도 봐주시고 파이팅도 해주셔서 감사하게 생각하고 있습니다!,오늘 떨리는 마음으로 pt첫수업 하러 출발 .. 일단 상업적이지 않아서 너무 좋았구 재웅쌤이 이운동은 왜 해야하고 왜 필요로 한지 어떻게 근육을 사용해야하는지 어렵지 않고 쉽게 설명을 잘 해주셔서 너무 만족스러웠습니다 ㅎㅎ 인바디보고 충격을 먹었지만 ㅋㅋ 쌤만 믿고 열심히 달리는걸로! 사람이 많지 않아서 개인운동 하기에도 너무 좋아요 ㅎㅎ 이너라인짐 강추 ????,바디프로필을 찍어보고 싶어 헬스장을 알아보다가 집에서 가깝기도하고 첫 상담 때 분위기가 좋아서 바로 등록했습니다!! 처음에는 헬스장을 무섭게만 생각했는데 트레이너분들 모두 너무 밝게 인사해주셔서 이제 극복했어요 ㅎㅎ 그리고 준혁쌤이랑 100일정도 준비해서바디프로필도 만족스럽게 마무리 했습니다!!?? 지금은 바디프로필이 끝이 아니라 재등록까지해서 더 건강하게 운동하고 있어요!! 항상 아침부터 텐션 높은 준혁쌤 최고에요!! ???? 제 첫 헬스를 이너라인짐에서 준혁쌤과 함께해서 너무너무 다행입니당??,"라운드숄더도 심하고, 등도 맨날 뻐근한 느낌으로 지냈는데 재웅쌤이랑 운동하고 자세도 많이 좋아지고 힘이 생겼어요 :) 힘들지만 체력도 좋아지고 있고 몸도 조금씩 변하고 있어서 만족합니다. 바프도 잘 찍게 도와주셔서 감사합니다! 재웅쌤 최고","준혁쌤한테 피티 받고있어요.

제가 자주 꾀부리고 빠지는데도 화 한번 안내고 잘 이끌어 주십니다.

덕분에 아침에 운동하는 습관도 들이고 이제는 목표도 잡고 꾸준히 운동 중이에요.

감사합니다.","헬스초보 이너라인짐 PT후기(김준혁트레이너)

1. 트레이너님이 친절하시고, 운동 목적에 맞춰 다채롭고 충격적인 프로그램을 짜주시고, 수업시간에 저한테 온전히 집중해주시기 때문에 자극이 와야하는 부위를 정확히 알려주심
2. 다른 트레이너 분들도 반갑게 인사 해주심
3. 적당히 합리적인 가격
4. 군자역 인근이라 접근성이 좋음
5. 힘들고 무거운척하는걸 트레이너님이 잘 알아채기 때문에 꾀부리기가 들통남
6. 칭찬을 많이 해서 더 열심히 운동하게 함
7. 웨이트가 재미있어져서 집순이를 헬스장에 오도록 만듦

[꿀팁]
수업 중간 중간 운동 관련 질문을 많이 하면 트레이너님이 진심을 다해 답변을 해주시기 때문에 휴식 시간을 잠깐이라도 더 확보할 수 있음"
81,오랜만에 다시 PT를 받으려고 등록했는데 상담도 친절하게 잘 해주시고 수업도 많이 알려주시고 잘 알려주셔서 너무 좋네요 ^^ 인바디도 재고 체형 틀어진거 사진찍으면서 어디가 잘못 됐는지 분석해서 알려주시고 자세교정에도 많은 도움이 되네요! 매우 만족합니다!,"그룹운동을 듣고 싶어서 알아보던중에 이벤트로 가격이 합리적이어서 바로 등록했습니다. 그룹운동은 한시간동안 했는데 그 한시간 사이에 정말 준비운동, 근력운동, 유산소까지 알차게 하고 엄청 재미있었어요 ㅋㅋㅋ 코치님께서 웃기셔가지고 운동하는동안 분위기 좋게 할 수 있었고 운동효과는 살이 안빠지면 이상하겠다 싶을만큼 제대로 굴렀습니다 ㅋㅋㅋ 이벤트 가격이 아니었어도 등록했을 것 같아요 그만큼 좋았어요!!",아직 운동 시작 안해봤지만 상담 꼼꼼하게 해주시고 친절하셔서 좋았습니다??!! 상담만 받는데도 얼마나 하나 하나 세심히 봐주시는지..! 바로 등록까지 했습니다 ㅎㅎ,"코로나 때문에 살이 너무쪄가지고 다이어트 고민중이라 상담받으러 갔다왔어요... 그냥 말로만 상담만 하는줄 알았는데 인바디 재고, 어깨 높이랑 골반 틀어진거 사진으로 찍어주시면서 세세하게 분석하고 운동부터 식단까지 상담해주는 거 보면서 믿음직스러워서 바로 등록해버렸습니다ㅋㅋㅋㅋ 살도 살인데 진짜 자세 틀어진거 보고 충격받았어요ㅠㅠ.. 등록하니까 물통도 주셨는데 감사히 잘쓰겠습니다!",친절하게 상담해주시고 체계적으로 운동 계획 잡아주셔서 좋아요! ++ 바닥 잔디라 폭신하고 운동하기 좋은 것 같아요!,"숨쉬기 운동만 하다가 안되겠다 싶어 상담받고 등록했습니다. 
운동이란걸 해본적이 없어 뭐든 해보려다 다치기만 했던 지난날이 떠오르네요 ㅠㅠ 
근육 푸는법부터 천천히 가르쳐주시고 혼자 운동할 수 있는 방법들도 알려주셔서 좋아요.
번창하세요.",운동을 너무 오래 안하다가 이번 체험pt 받아봤는데 너무 잘 알려주셔서 등록했습니다! 운동전에 스트레칭도 알려주시고 제 체형에 맞는 운동방법을 알려주셔서 너무 도움됐습니다!!,제 사진이라 조금 부끄럽.. 원래 혼자 운동하다가 자꾸 다쳐서 피티받았어요. 오른쪽 사진에 엉덩이 늘어난거 보이시나요ㅋㅋ 피티 받기 전에 그만큼 할 수 있는거 제대로 못하고 있었다는거겠죠? 저는 대만족입니다,마일로 짐 2번 체험받구 빠이팅 해보려고 결제했어요! 꼼꼼히 잘 봐주시는 거 같고 신경 많이 써주시는거 같아서 좋아용 확장한다구 하는데 기대됩니다??,
82,태현쌤한테 pt를 받는 중인데 정말 친절하고 꼼꼼하게 봐주십니다. 근육의 형태나 성질들에 대해서 자세하게 설명을 해주시기 때문에 수행 동작에 대해서 납득이 되고 동기부여도 더 되는 것 같습니다ㅎㅎ 체육관이 엄청 넓진 않지만 소수인원으로 돌아가기때문에 좁게 느껴지지 않고 깔끔합니다!,"다른데서 피티 받아봤는데 여기 pt샵 최고장점은 티칭을 정말 잘해주세요! 어떤 근육을 어떻게 사용해야하는지 알려주셔서 운동 효과 제대로 보고왔어용 ㅎㅎ 알아들을 수 있게 끔하게 설명해주시고, 근육 사용법도 제대로 배웠습니다~
 관리 안된 샵들도 많은데 시설도 깔끔해요! 
 사실 피티 잘하시는 분들이 많지는 않아서 피티에 대한 선입견이 조금 있었는데 만족스럽게 하고 받고 갑니다!~ 
전 좀 효율 중요시 하는 편이라 가격 많이보는 편인데 가격이 합리적인 편이에요. 일단 가시면 돈 안깝게 운동 하실 수있어요! 그리고 체형 교정 효과 진짜 좋아요 ! 필라테스도 해었는데, 지금은 굳이 필테안하고 피티만 받아요 괜찮을거같아요 ㅋㅋ피티 안 받을 때도 와서 운동하라고 하시긴했는데..ㅎㅎ.. 오는날 하는걸로도 충분해요.",우리동네 PT샵 오전 도영쌤한테 받았습니다. 다이어트 목적시에도 너무 극단적인 식단 보다는 일상에서 먹는 음식들로 양 조절을 통해 맞춰 나가는 연습들을 시켜주셔서 실용성이 좋았습니다. 운동도 안전성이 확보된 자세를 중요시하셔서 통증이 생기지 않도록 계속 신경써주시는게 좋았어요!!,"충호쌤이랑 6개월 넘게 운동하고 있고, 또 재등록 했습니다! 이전에 다른 헬스장, 피티샵에서 개인피티 여러 번 받아봤는데 전 이제 여기 정착했어요:) 체중 진짜 많이 나갈 때 운동 시작했는데 관절에 무리 안 가게 운동 기본부터 알려주셨어요. 현재는 10kg 가까이 감량 했습니다!! 그리고 쌤이 해부학이랑 영양학에 해박하셔서 뭐 여쭤보면 항상 시원하게 답해주세요 ㅎㅎ 혼자 할때는 힘들면 꾀 부리게 되고 안 익숙한 자세는 이게맞나 어려운데 쌤이랑 같이 하면 기합도 들어가고 마지막 하나까지 꼼꼼히 보조 해주셔서 땀 한 바가지 흘리고 나옵니다. 운동 고민 있으신 분들 그냥 여기서 운동하세요! 제가 효과를 너무 봐서 진심 추천합니다????",오픈때부터 너무 친절하시고 잘 가르쳐주셔서 9개월째 다니고있어요 이번여름은 해운대 가즈아ㅏㅏㅏㅏㅏㅏㅏ,"거의 70kg였을때 선생님 만났는데 저 바디프로필까지 찍었습니다! 뚱뚱할때, 그래서 오직 살빼는 것만이 목적일땐 이게 절대 불가능하단걸 제 스스로도 알아서 열정이 생기지 않았어요. 근데 선생님이랑 운동하면서 제 스스로도 놀랐던건 제가 어느새 몸이 예뻐져가는건 부차적으로 여기고 있고 그냥 정말 운동이 재밌어서 하루에 3시간씩 땡기고 있더라구요. 심지어 수험생이었어서 진짜 체력 잃지않고 공부 많이하려고 운동했던 것도 컸는데 운동이 활력을 주니까 체력은 당연하고 세상 바라보는 눈도 밝아지고 주위에서도 다 변화를 알아챌정도로 운동이 주는 효과는 선명하더라구요. 전엔 주변에서 운동찬양하면 진짜 듣기싫고 허세부린다 생각했었는데 제가 몰라서 삐뚤게 본거였습니다 ㅋㅋㅋ뭐하나 이뤘다 생각하니 말이 많아지네요 ㅎㅎ 끝!",근처에 구경만 하다가 용기내서 와봤는데 사람들도 적당히 있고 피티선생님들도 친절하시네여! 괜찮아 보이기도 하고 여름 옷 이쁘게 입고싶어서 피티도 끊었어요ㅎㅎ,큰 헬스장은 부담스러워서 집근처 새로 생긴 피티샵으로 왔는데 기구도 전부 새거네요! 일단 깔끔하고 선생님이 잘알려주셔요! 헬창 첫걸음 시작.!,오늘 피티 등록했습니다~!! 친절하게 해부학적으로 자세하게 잘 설명 해주셔서 감사합니다~ 영업적인 부분 보다 전문적으로 열정있게 진심으로 상담 해주시는 모습이 좋아서 등록했어요,"가격도 다른 곳 보다 저렴하고 충호쌤이 너무 꼼꼼하게 서포트 해주셔서 좋아요! 식단관리 강도도 조절 되고, 개인운동도 챙겨주세요??"
83,운동 싫어해서 시작해본적도 없는데 체력과 근력이 부족하다는걸 최근 많이 느껴서 시작했어요! 걱정했던것과는 달리 제가 감당할 수 있게끔 차근차근 단계별로 진행해주셔서 몸이 아프고 고통이 있지만 즐길 수 있는 변태가 되어 가고 있습니다! ???? 김예준 슨생님 최고???? 채고채고!!,,,,,,,,,
84,"5월 초 부터 지금까지 20회를 향해 꾸준히 수업받고 있는 20대 중반 직장인 입니다!

오양일 트레이너님께 수업을 받고 있으며,
주 2-3회 트레이닝을 받고있습니다!

운동에 운자도 몰랐던 저는 지방밖에 없던 88kg대에서 시작하여 현재는 그래도 은근히 근육이 보이는 81kg 까지 아무런 부상없이 왔어요!

모든건 정스짐과 트레이너님의 체계적인 시스템덕분에 이루어낼 수 있었던것이라 생각하고 있어요!

주기적인 식단체크 및 피드백 그리고 컨디션을 체크 해주시고 최적의 트레이닝을 해주시며,
처음 4kg 덤벨도 낑낑대던 저에게 칭찬도 끊임없이 해주셔서 힘도 낼 수 있었어요!

시설도 깨끗하고 항상 먼저 인사 해주셔서 항상 기분좋게 운동 할 수있고, 초보자도 쉽게 할 수있도록 잘 설명도 해주셔서 정말 좋습니다!","바프 준비 할려고 ! 센터 상담 갔는데 
대표님께서 상담부터 꼼꼼하게 체크해주시고 
은진쌤 연결 해주셨어요 :) 여기 저기 강남에서 pt 많이 받아봤지만 이렇게 꼼꼼하고 완벽한 케어는 처음 받아봐요 !!! 언제나 친절한 정스짐 쌤들도 항상 감사해요 ????????",모든 선생님께서 갈 때마다 먼저 다가와서 인사해주시고 2층에 위치하고 있어서 쾌적하고 밝은 곳이라 맘에 들었어요-! 황근상 트레이너쌤께 수업을 받았는데 수업시간 뿐만 아니라 개인운동을 하고 있을 때도 티칭 해주셨어요?? 이벤트도 가끔 진행해서 더 재밌게 운동한거 같아요! 운동에 재미를 붙이게 해준 정스짐 넘넘 좋아요????,"강사진분들이 항상 친절하게 인사해주십니다. 최초 상담받을때부터 시작해서 쭉 같은 태도로 친절햐게 지도해 주십니다. Pt도 회원이 원하는 방향으로, 부상당하지 않게 잘 지도해 주십니다. 센터도 매일 청소하시는지, 기구 및 샤워실 상태가 매우 청결합니다.",시설 깔끔하고 선생님들 친절해요 샤워실도 1인 샤워실이라 편하고 깔끔해요 수업도 체계적이고 꼼꼼해요 특히 정석균 선생님 추천합니다 살 확실히 빼주십니다..??,"처음 받아보는 피티인데 다들 너무 친절하시고 회원맞춤 운동에 수업때마다 최선을 다해주시는 모습이 너무좋습니다!ㅎㅎ시설은 또 얼마나 깨끗한지.. 내땀이 시설을 더럽히는 느낌ㅠㅠ 헬스장에 들어올때부터의 회원응대부터 상담, 수업들까지 20회 PT를 받는동안 시간과 돈이 아깝지 않은곳이네요. 모든분들에게 자신있게 추천해줄 수 있는 피티샵입니다??","김은진 선생님께 PT받고 있습니다. 
결론부터 말하면 정말 최고입니다!

다른 곳에서 운동할때는 안가고 싶고 결석할때도 많았는데 정스짐은 가서 운동하는게 너무 즐겁고 자꾸 자꾸 가고싶은 PT샵이에요. ?????♀??????♀?

거기에는 첫번째로 항상 모든 선생님께서 친절하게 인사를 해주시는 따뜻함이 있고?? 두번째로 정말로 쾌적한 환경 그리고 무엇보다 저에게 완전히 집중해주시는 트레이너 선생님들이 계시기 때문입니다! 티칭, 식단 관리, 개인 운동까지 신경써주시는데 이렇게 꼼꼼한 곳이 더 있을까 싶을 정도입니다ㅜㅜ 

저는 너무너무 만족하고 감사하면서 운동하고 있고 계속 정스짐에서 운동할거예요^__^ 

항상 신경써주시는 저희 선생님 그리고 다른 선생님들도 모두 감사합니다????",2층에 위치하고 있는 정스짐! 시설이 너무 깔끔하고 환기가 잘되고 있어서 요즘같은 상황에 꼭 필수조건을 잘 충족하고 있는것 같아요!! 특히 저희 선생님께서 저의 몸을 분석 후 지도해주셔서 작심삼일 다이어트가 이제는 평생 다이어트로 습관이 바뀔 수 있게 가르쳐줍니다! 10회정도 한 상황에서 아직 운동을 포기하지 않은게 신기할정도로 수업이 알차고 재미있어요! 기계는 전부 DRAX로 구성되어있고 깔끔한 블랙으로 맞춰져있어서 운동 효과 2배입니다. 지금 혹시나 피티샵을 고민중이라면 구의 정스짐 최고인것 같아요! 다른선생님들도 너무 친절하셔서 운동할 맛 납니당^_^,"인생 헬스장을 찾은 것 같아요??
PT도 여러번 해봣는데 이렇게까지 친절하고 성심성의껏 알려주시는 곳은 처음 ㅠㅠ
증말로다가 너무 감격스럽고 집주변에 요런 헬스장이 있어서 진짜 동네방네 소리치고 자랑하고 다니고 싶을정듀 !!!
시국이 시국인지라 항상 환기는 물론 바로바로 소독하시는 모습보고 더 신뢰가 가더라구요??
시설도 너무 깨끗하고 샤워실도 깔끔 그자체!!
무엇보다도 운동하러 올 때마다 쌤들이 반갑게 맞이해주시는게 감사할 따름.. 
이제 5회차인데 비포애프터 보니까 변화된 모습이 명확하게 보여서 제 멘토인 은진쌤한테 넘넘 감사드려여??",시설도 깔끔하고 다들 친절하세요! 저의 상황에 맞게 꼼꼼하게 체크해주시고 상담해주시는 모습과 다른분들 운동하는걸 봐주시는 모습들이 믿음이 가네요 ㅎㅎ
85,"완전 좋아요!!!
쌤들도 다들 친절하시고 잘 가르쳐주세요??
새로 생겨서 시설도 깨끗하고 군자역에서 조금만 걸어가면 있어서 교통도 편하고 좋아요
지니쌤이랑 꾸준히 운동하면서 운동뿐만아니라 식습관까지도 싹 바뀌고 
살도 많이 빠져서 옷도 다 새로 샀어요ㅎ.ㅎ
운동, 다이어트, 바디프로필 등등 지니쌤 피티 완전 강추입니당????",선생님들이 대회 경력 있는 분들이셔서 그런지 느낌 설명해주시는 것도 잘 와닿고 몸 변하는 것도 확실하게 느껴지네요. 예쁜 몸 만들고 싶으신 분들께 추천드려요!,,,,,,,,
86,헬스장에서 PT받으면서 운동하다가 트레이너 선생님이 구의동에 오픈하셨다셔서 가서 바로 등록했는데 시설도 깨끗하고 기구도 많고 무엇보다 샤워실(탈의실) 완전 좋아요. 저한테 부족한 부분과 단점을 보완 해주셔서 단기간에 효과 많이 봤습니다.,상담받으러 갔다가 선생님도 친절하고 커피도 주셨는데 너어무 맛있어서 저도 모르게 홀린듯 등록했네요 내일부터 화이팅있게 빼보려구요. -10kg 가즈아,,,,,,,,
87,저는 처음 헬스를 시작하는 입장이라 몸이 다칠가 싶어 건대 헬스장 3곳이나 돌아다니며 상담을 받았는데 토니바디가 젤 친절하시고 운동에 관한 지식이 풍부해 보이셔서 믿고 등록 했어요! 현석샘께 PT 받고 있으며 자세도 꼼꼼하게 봐주시고 항상 친절하게 열심히 수업 해주십니다. 수업 없을때는 헬스를 하는데 인클라인 런닝머신 20분만 걸어도 땀이 뻘뻘나서 엄청 힘드네요 몸이 달라지는게 눈에 보이고 주변에서도 많이 변했다는 모습에 더 자신이 생겨 흥미를 느끼며 운동하고 있습니다.,헬린이 입성했습니다 ㅎㅎ 기구종류가 다양하게 많이 있네요 저같이 운동초보에겐 기구 많은게 아무래도 처음에 쉽게 운동하기가 편해서 좋은것 같습니다 등록하니 사용법도 다 알려주시고 언제든지 모르는거 물어보라고 하시네요 ~~! 근처 헬린이 입문예정인 분들에게 추천해용 ㅎ,여기 다들 매너있고 열운하는 분위기라서 넘 좋아요 ! 전에 다닌 곳은 어린친구들 삼삼오오 몰려서 기구 차지하고 짜증났었는데 여긴 뭔가 진짜 각자 할거 열심히 하는 회원들이 많은것 같네요 다음달 기간 끝나는데 재등록 계속하려구요!,"PT를 처음 시작하는 만큼 자신에게 맞는 운동 방법에 대해 잘몰랐지만 체형별로 올바른 운동방법에 대해 코칭해주며 힘들어서 포기할때쯤 위트있는 말로이끌어주시는 센스가 너무 돋보였습니다. 운동이라 하면 땀나고 힘든 이미지가 강했지만. 이곳에서 시작하고 난뒤로 운동하는 재미에 대해 알게되었습니다.
:) 회원을 돈으로 생각함이 아닌 위트있는 말과 동기부여로 끝까지 책임지고 이끌어주시는 코치님 너무 멋있어요. 번창하세요!","몸도 맘도 지쳐있을 때쯤 운동으로 삶의 활력을 찾고 싶어서 피티 시작했어요! 바디 케어는 물론, 마음 케어도 챙겨 주시는 선생님의 섬세함에 넘 감사했고, 운동하면서 몸에 대한 지식도 많이 알 수 있었던 시간이었어요",저는 돈이 하나도 아깝지 않아요. 저를 찐찐헬창으로 만들어주셔서 너무 감사합니다. 나만 아는 피티맛집이지만 전국구 됐으면 좋겠네요 ♥,"저는 지금까지 헬스장 등록하고 3개월도 못가고, 
요가 등록해도 3개월 이상 가본 적 없는 사람이예요 ...????

정말 운동이라는 거에 흥미1도 없이 살았는데 
임현석 코치님 만나서 정말 즐겁게 운동하고 있어요! 

자세도 꼼꼼하게 봐주시고 식단도 수업할 때마다 점검해주셔서 체중도 많이 감량했고요~~ ??

곧 30회째 수업 끝나서 추가로 30회 더 등록하기로 했어요! ㅎㅎ 저처럼 운동에 끈기 1도 없는 사람도 재밌게 운동할 수 있게 해주셔서 감사합니당 ~~ ????",일단 헬스와 피티는 난생처음이고 운동도 제대로배운적이없는데 다 처음이였어요 하나하나 자세히 잘알려주시고요 식단에대한 힘든것도 전혀없이 재미있게 살뺐습니다 3개월동안 정말 하나하나 꼼꼼하게 챙겨주셔서 정말 감사했어요 그래서 이번에 또등록하러가요 뱃살이없어졌고 밖에나가면 다살빠졌다고 난리나요 이번엔 더열심히 배울예정이랍니다 ~!!,처음 운동 배워보는데 추천할만한거 같습니다. 웨이트가 처음이라서 잘 모르긴 하지만 이해잘되게 설명 해주시고 운동에 재미도 붙이고 하고있네요. 추천드립니다,예전에도 pt받아봣었는데 집 근처에 새로 생겨서 pt30회 끊었는데 전에 운동하던곳하고 다르게 운동에 재미를 느꼈고 다음 날 무슨 운동을 해야하는지 가르쳐주셔서 혼자와도 혼자 운동할수 있어서 매우 만족합니다.무엇보다 자세를 잘 잡아주셔서 감사합니다~~????
88,방문했을 때 부터 상담까지 친절하게 해주셔서 너무 좋았어요?? 수업 받구 있는데 역시 유튜브나 형식적인 수업이 아닌 1:1에 맞게 디테일하게 저에게 맞춰 주시는 부분이 너무 감사드립니다 ㅎㅎ 앞으로 저는 더 수업 받을 예정이에요??,처음pt 받고있는중인데 너무 잘고른듯 해요 담당 선생님도 친절하고 자세봐주는것도 꼼꼼하고 케어도 매우잘해줍니다 고민중이시면 상담부터 체험까지 언넝 받아보세요~ 추천드립니다,트레이너님이 너무 친절하고 자세도 하나하나 꼼꼼히 잘 봐주시고 설명도 알아듣기 쉽게잘해주세요~ 운동 1도 안했던 사람인데 1시간이 후딱가요!! 강추합니다~,"혼자 운동 하기 어려워서 피티샵 알아보다가 상담받으러 갔는데 넘 친절하게 잘 설명해주셔서 등록했습니다. 피티쌤이 전문적으로 꼼꼼하게 항상 잘 알려주시고 웨이트 기구 사용도 어떻게 하는지 잘 몰랐는데 잘 알려주셔서 도움 많이 받구있어여 멘탈도 잘 잡아주시구,,시설도 깔꼼하고 기구도 있을거 다있구 운동 하러가기 편하고 좋아요 ~!????????","스케쥴 근무라 시간이 일정하지 않은데도 불구하고 제 시간 다 맞춰주시고, 친절하게 잘 가르쳐주십니다. 동네에서는 여기가 운동하기 제일 좋은거 같습니다 !",기구가 다른데에는 없는 게 많아요!!!!유튜브에서만 봤던거..! 운동하기 진짜 좋아요!!! 트레이너님이 중간에 자세 좀만 흐트러져도 바로 알아차리고 잡아주셔서 너무 힘들어요 근데 그만큼 운동은 제대로 돼요 진짜...!!!! 피티 다른데에서 했을 때는 돈아까운적이 많았는데 여긴 진짜 돈 하나도 안아까워요 ㅋㅋ,다이어트와 근육을 키울라고 토니바디에 등록하게 됬는데 식단관리 운동자세 근력운동을 하는방법을 너무 자세하게 설명해주셔서 정말 도움이 많이 됬습니다 운동기구가 다양해서 정말 만족스러워요ㅎ 수업이 아닌날에도 계속해서 자세를 봐주셔서 더 꼼꼼히 운동하게 된것 같아요ㅎ,꼼꼼하고 자세한 상담 친절하게 도와주시고 실제 수업때에도 한동작 한동작 자세 체크 해주시고 운동 관련하여 궁금한 사항도 잘 알려주셔서 도움이 많이 되었습니다. 몸이 많이 굳고 무기력했었는데 수업동안 유쾌하고 즐겁게 도와주셔서 신체가 많이 개운해짐을 느꼈습니다!,"고민하다가 처음 pt등록 후 운동하는건데 담당선생님이 체계적으로 즐겁게 잘 가르쳐주셔서 즐겁게 운동하고 있습니다 체력도 많이 좋아지고 여러모로
운동하는 습관이 생겨서 만족스럽습니다
배대훈선생님 감사합니다:)","PT있는날마다 컨디션체크해주시고
그에맞게 필요한운동으로 맞춰서해주세요
예약도 시간맞춰서 해주시려하고
답변도 빠르게해주시네요^^
체형이나 필요한운동이
어떤건지 설명도잘해주시구요
목적에맞게 상담잘해주십니다~"
89,,,,,,,,,,
90,"정말 디테일이 세심한 PT 를 맞춤형으로 받을 수 있어서 도움이 되었어요. 퍼스널 PT룸에서 강사와 단둘이 집중해서 받을 수 있어, 신발을 벗고 양말만 신은 상태에서 상의를 벗고 동작시 생기는 미세한 근육의 변화를 전신거울을 보며 동작교정 하는게 특히 도움이 되었어요. 너무 상세히 쓰면 제 부킹이 어려워질까봐...ㅋ 이정도로...후회없는 선택이 될거에요^^","이곳 도움 PT를 다니기전에는
운동이랑은 담을 쌓고 지냈습니다.
처음 이곳에 와서 호흡법 운동자세 저의 체형문제
운전습관문제 등등 일상에서 잘못된 부분들을 바로 잡아주고
교정까지 해주는 모습에 열심히 다니고 있습니다.
선생님의 운동 지식 능력도 뛰어나며 
단순히 운동만 시키는게 아니라
혼자서 운동 할 수 있게끔 알려주고 가르칩니다.
3개월을 다니고 있는 저는 몸이 완전히 변했구요
허리 통증도 사라졌습니다. 이제는 다른곳을 가라 하면
절대 가지 못할거 같구요 
너무너무 좋은 선생님을 만나서 다행이라고 생각합니다.",친절하고 아픈 부위 설명 해주면 무조건 살 빠르고 하는 다른 트레이너나 pt샵이랑은 달라요 문제적을 보완 할 수 있는 쉽고 간편한 운동들 가르쳐주시는 머찐 곳이에요,??무료체험으로 한번 다녀왔어요! 처음부터 저의 운동 목적과 필요를 체크해 주시고 통증이 있는 부위도 물어보시면서 꼼꼼히 체크해 주셔서 저를 잘 파악하신 후에 운동을 진행하는 느낌을 받았고 기본 저의 호흡이나 자세들부터 천천히 한단계씩 지도해 주시는 것이 좋았어요!! ?? 저는 중립이 안되서 운동 후에 통증이 심했는데.. 운동하면서 잘 가르쳐 주셔서 통증도 없었어요! 평소 필요한 스트레칭도 가르쳐 주시고! 감사합니당 ?? 제게 정말 도움이되는 시간이었어요,피티보단 재활때문에 상담예약했는데 어디가 문제고 어떻게 교정해야하는지 알려주셔서 너무 좋았습니다. 상담 예약이였는데도 자세히 알려주시고 어떻게 진행하게 될지 설명해주셔서 바로 수업등록 하고 왔습니다.????,"다른 헬스장에 피티 받으러 가면 다이어트랑 식단 얘기만 잔뜩하고 정작 운동은 머신에 의존해서 대충 알려주는 경우가 많은데,

도움피티에서는 운동 시작 전에 몸상태부터 섬세하게 체크해주시고, 피티를 통해 얻고자 하는 것을 정확히 파악해주셔서 너무 좋았습니다.

수업 중에도 몸을 바르게 쓰면서 제대로 된 운동을 할 수 있도록 신경써주시고 자세히 설명해주셔서 1회 수업인데도 많이 배우고 얻어가는 느낌!","전문성 있는 선생님이 꼼꼼한 상담 해주셔서 운동 목표와 계획 세우는데 큰 도움 받았습니다 재활치료, 통증관리에 운동이 도움이 많이 된다는걸 처음 알 수 있는 유익한 시간이었습니다",이제 다른 헬스장은 못 갈듯해요. 운동 진짜 싫어하는데 운동에 재미붙이게 하신 것도 모자라 원인 불명의 만성두통을 나아지게 해주셨어요ㅋㅋㅋㅋ그리고 뭔가 하면할 수록 몸이 망가지기 전보다 더 나아지는 느낌이에요. 감사합니다 쌤?????♀?,"다른 곳에서 근육만 키우고, 다이어트만 시켜주는 1:1 피티 받아보고 피티에 대한 인식이 진짜 안 좋았는데
도움 피티 오고 인식 싹 바뀌었어요 ????

다이어트 목적 보다는 제 스스로 문제성 몸이라는 걸 알고 있었고, 주변에서 소개받아서 도움 피티로 상담왔습니다. 
인식이 안 좋았던 만큼 기대도 없었는데, 일단 생활습관이나 몸에 문제 있는 부분을 다 캐치해 주시는 능력 최고입니다. 

숨 쉬는 법부터 서있는 자세, 누워있는 자세, 걷는 자세부터 하나하나 알려주시고 체크해 주시고, 재활 마사지까지 해주시는데 신생아가 된 기분이었어요 ????

잘못 알려주신 피티쌤들 다 손절각이에요
재활 목적이나 체형교정으로 생각하시는 분들은 정말 강추입니다 굿굿 ?????","몸이 아픈데, 병원에서는 문제 없다고 들으신 분? 여러 피티를 다녀봤는데 효과 못 보신 분? 도움 피티로 무조건 오세요. 저는 이유모를 병명으로 몸이 아파서 1년을 누워만 있었고, 조금만 움직여도 아파서 운동을 포기하고 살다가 도움 피티를 만났습니다. 도움 피티는 친절합니다. 회원의 이야기를 다 들어주고 현실적인 처방을 내려주세요. 그리고 호흡부터 시작합니다. 뻔한 이야기 같지만 숨쉬는 것부터 다시 배우고, 그 결과는 절대 뻔하지 않아요. 저는 평생 걷기 운동만 하라는 말을 대학 병원에서 들었는데, 지금은 약한 근력운동을 하고 있습니다. 선생님이 언젠가는 스쿼트도 할 수 있을 거라고 해주셨어요. 여기서 1시간 거리에 살지만, 시간이 아깝지 않습니다. 여러분 도움 피티하세요!! 올해 가장 잘한 일이 될테니까요"
91,"센터도 너무 깨끗하고, 다른 선생님들도 다들 친절하셔서 처음 헬스하시는 분들도 어렵지 않게 시작할 수 있을거예요! 다른 헬스장 처럼 기구 사용하는데 눈치보이지않고, 선생님들과 함께 운동하시는 분들이 많아서 더더 편하게 기구 사용할 수 있습니다!!! 제 첫 피티가 스포니스 화양점이라서 행복했어요??

유림선생님! 선생님이랑 함께 PT 30회 받으면서 건강해지는 것은 물론 운동하는게 즐거웠어요!!!?? 제 체형에 맞게 분석하고 공부해주시고, 항상 열정적으로 운동 알려주셔서 너무 감사했습니다~ 항상 행복하시고, 건강하시고 좋은 일들만 있기를 바래요!!! 너무너무 감사했습니다 유림쌤????","마른 체질이지만 혈당이 정상 수치에서 좀 벗어나, 체중·근육량 늘리기 및 혈당 낮추기가 목표였어요! 운동 시작한지 2달만에 당화혈색소 정상 수치로 들어왔습니다! ???? 제 운동 목적에 따라 식단 및 운동 진행 방향성을 꼼꼼하게 봐주셨고, 처음 운동하는 사람들에게 운동 흥미를 갖게 하는게 제일 어려울 거 같은데 소도구·머신을 이용한 다양한 동작들을 매번 열심히 고민해주신 성범쌤 덕분에 지루하지 않게 운동하고 있습니다! 수업받을 때는 힘들어서 자세 교정해주신 것, 동작마다 자극점이 어디인지 까먹기 쉬운데 제 운동 영상 및 써주신 코멘트를 보면서 개인운동 때 제대로 복습할 수 있어서 좋아요! 수업뿐만 아니라 식단, 개인운동 등 다방면에서 항상 열정있게 케어해주시는 스포니스화양점?성범쌤?감사합니다 ???? 강추추",상용코치님! 진심으로 운동을 잘 할 수있게 케어도 잘 해주시고 사소한 것도 놓치지 않고 챙겨주셔서 너무 감사했습니다ㅎㅎ 덕분에 몸에 자신감도 생기고 컨디션도 좋아졌어요!!! 남은 피티도 잘 부탁드려요ㅎㅎ 항상 행복한 날 되세요!!!,"역시나 유림쌤 소문대로 최고 ~~ 

3대운동도 차근차근 잘 알려주셔서 너무 재밌게 측정했어요 ????볼품없는 제 몸이 점점 사람다워지게 도와주시는 유림쌤 .. ??항사 감사합니당 ????","운동은 즐겁다는 인식을 주신 백민종선생님????
매번 나갈때마다 체력도 운동능력도 점점 늘고 있는거 같아서 너무 감사해요
개인운동,식단 까지 섬세하게 신경써주시고 
친절함+자상함+실력 ????
여태껏 만났던 트레이너 선생님들 중에 제일 저랑 잘 맞는거 같아요 ! 
처음에는 영상을 왜찍지 ? 했지만 영상보면서 부족한 부분, 보안 해야할 점 등 을 더 자세히 알 수 있어서 너무 좋았습니다 ! 

 전에는 혼자서 운동을 어떻게 해야하지 막막했었다면 선생님을 만나고 런닝만 하지않고 근력운동을 하고 있는 저를 보며 또 한번 놀랬고 감사했습니다??????
오래오래 선생님이랑 꾸준히 운동해서 체력은 물론
예쁜 몸 만들고 싶어요~~~!!!
백민종 선생님 짱짱 ????????????????????????????","성범쌤한테 배우기 시작한지 2달째 되어가는 헬린이 입니다!

한번도 안해봐서 기구 이름도 알지 못하고, 방법도 모르고 뚠뚠하게 살이 쪄가던 와중에 시작한 운동이었는데 이제는 나가서 조금이라도 자랑할 만한 헬린이가 되었네요 :-)
처음 시작하던 식단도 하나 하나 세세하게 알려주시고, 호흡법, 영양제 등등 좋은거 중에 좋은것은 다알려주신거 같아요ㅋㅋ
식단도 하루하루 다 확인하시고 답글 달아주신것도 으쌰으쌰 해주셔서 스트레스 안 받고 잘 버텨냈습니당!

운동하면서 영상 찍어서 운동법 하나하나 자세히 잘 적어서 매번 보내주시고, 아프거나 안좋은 곳 좋아질수 있게 운동 세심하게 도와주셔서 좋았구요!
처음 했던 PT였는데 좋은 기억으로 재밌게 할 수있었고 다른 분들도 즐겁게 운동하시면 좋겠어서 후기 남깁니다!!??",수업이 힘들지만 재밌고 설명도 자세히 알아듣기 쉽게 해주셔서 좋아요~ 깔끔하고 pt 전용인 것도 장점입니다 ㅎㅎ pt 전용이어도 수업 없는 날에는 개인운동 할 수 있어서 효율적인 것 같아요! 선생님들끼리도 사이 좋아보이시고 회원들한테도 친절하셔서 항상 감사합니다~ 고정시간으로 수업을 듣지만 사전에 말씀드리기만 하면 시간이나 요일 조정도 가능해서 편합니다! 스포니스 화양점 번창하세요~* ????,"저 피티 처음해보는데 체계적으로 잘 가르쳐주셔서 좋았어요! 몰랐던 제 몸도 잘알게 되었어요, 저에게 맞는 운동 방법을 계속 알려주시더라구요. 운동할때마다 어디에 좋다 어느 부위에 좋다 친절하게 설명해주십니다. 무엇보다 군더더기가 없어요. 매번 스케쥴 짜서 운동 시켜주시고, 수업받을때마다 내가 돈낸 게 아깝지 않다는 생각이 들었습니다. 매번 받을때마다 그다음날 근육통 온거면 말 다한거 아닐까요. 상용쌤이 최고에요!!",이제 운동 시작한 지 한 달 조금 안되었는데 성범쌤의 꼼꼼한 피드백과 가르침으로 벌써 변화가 생기기 시작했습니다?? 원래 워낙 먹길 귀찮아하고 먹어도 자극적인 음식만 먹던 저였는데 응원해주시고 의지를 불어넣어주셔서 이제는 무의식적으로 음식 살 때 단백질부터 확인합니다?? 근력 운동이 거의 처음이어도 차근차근 가르쳐주시고 칭찬을 아끼지 않으세요. 열심히 운동하고 싶은 분들께 넘넘 추천 드립니다!! 특히 운동 후에 영상을 보내주셔서 동작을 까먹어도 틈틈이 보며 복습하고 따라할 수 있어 일주일 두 번 pt받는 게 아니라 매일 받는 느낌이 들어 넘 좋아요??,민종쌤께서 제 몸에 맞게 운동 시켜주셔서 확실히 몸이 탄탄해 졌어요! 더 열심히 하려고 또 등록했어요! 열심히 운동하겠습니다:-)
92,"진짜 깔끔하고 프라이빗해서 좋아요!! 
환경이 중요한 저에겐 운동하는 곳에 손씻는곳도 있고 공기청정기, 가습기 다 있어 엄청 쾌적해요..
아 ㅠ 수업에 집중하느라 사진을 못 찍었네요..ㅎㅎ

무엇보다 선생님께서 너무 친절하셔서 마음편히 피티 받을 수 있어 좋습니다!
앞으로 갈 방향에 대해서도 진지하게 이끌어주시니 그냥 운동을 배우는 그 이상인것 같습니다.

운동이 처음이시거나 그동안의 PT에 대한 선입견이 있으신 분들께 강추드려요~!!!!!!!!!
쌤 감사해요~!!ㅎㅎ","진짜 너무 좋아요! 선생님께서 친절하시고 시설도 완전 신식이라 운동하는 내내 쾌적합니다.
무엇보다 완전히 1:1 레슨이라 남의 눈치를 안봐서 좋아요
이제 운동 시작한지 두달 정도 되어가는데 체지방량도 줄고 근량도 조금(ㅋㅋ) 늘었네요.!
힘들지만 그 값어치는 확실한거 같습니다~
저보다 스케쥴도 잘 챙겨주시고 항상 잊을만하면 인바디로 긴장감을 주시는 쌤.. ㅋㅋ
감사합니다 ㅋㅋ",친절하십니다! 친절만한게 아니고 전문적 지식을 가지고 계세요 여러군데 피티샵 다녀서 전문가와 비전문가(?)인게 대충 감이 오거든요 ㅋㅋ무엇보다 기구도 새거!!!! 얼른 몸짱되어서 바디프로필 고고할께요>_<,"일단 인테리어가 너무 예쁘고 정말 깔끔합니다. 무엇보다 헬린이인 저한테는 프라이빗해서 더 좋은것 같아요. 트레이너분이 너무 친절하시고 기본자세부터 배울 수 있도록 천천히 도와주셔서 1시간이 어떻게 지나갔는지도 모르겠어요 ??

집중할 수 있고 재밌게 피티 받을 수 있어서 너무 좋았어요^^ 혹시 걱정하고 고민하고 계신다면 체험 꼭 한번 해보세요!! 적극 강추입니다. 아마 체험해보시면 다른곳과 차별화된 맞춤 트레이닝이라는것에 매우 만족하실거에요. 여기말고는 다른곳에서는 못할것 같아요 ??",시설도 좋고 깨끗해요! 운동하는데 도움이 많이 됐습니다!!,새로 오픈한 곳이라 시설 너무 깨끗하고 좋아요 선생님두 너무 친절해요~^^,"쌤 너무 친절하시고 맞춤운동으로 잘알려주셔서 너무만족하면서 다니고있어요 ^^ 인테리어도 깔끔하고 기구도 다 새거라 너무좋아요!! 자세도 집중적으로 봐주시고 어느부분이 잘못되었는지 바로 캐치하세용 매의눈 ㅋㅋㅋ피티도 거의끝났는데 오늘 바로 재등록 완료!!! 했네요~ 
완전 강추강추예용!!!!!",프라이빗해서 좋았고 재방문의사 뿜뿜입니다~~,굿,
93,,,,,,,,,,
94,,,,,,,,,,
95,체중감량 및 체력을 기르고 싶어서 20회 등록했어요. 저는 채린쌤이 담당해주셨는데 운동할때 힘든것도 힘든거지만... 맘처럼 잘 안되서 속상할 때 덤덤히 옆에서 실질적인 조언이랑 지금 제 상황에서 최대한으로 끌어낼 수 있게끔 방향을 코칭해주셔서 좋았어요. 운동하고 식단하는데 힘들고 포기하고 싶다가도 쌤이 잘 잡아주셔서 다시 힘내봅니당ㅋㅋㅋ 아 샤워실도 별도로 있어서 좋고 여성 전용이라 신경쓸 필요없이 맘껏 땀 흘려서 좋습니다.,여성전용이라 편하고 시설이 깔끔해요 좋은뷰에서 열심운동하면 살이 빠지...기를 강사님들도 많고 친절하십니다,이번이 4번째 재등록이예요~ 재등록하면서 새롭게 채린쌤이랑 같이 운동하게 되었어요! 자세도 꼼꼼히 봐주시고 수업하는것도 너무 재미있어요~ 혹시 등록 고민하고 계신 분 계시면 클레어&채린쌤 너뮤 추천합니다!! ????????????,여성 전용이고 새 건물에 있길래 예약해서 상담받고 왔는데 선생님들도 정말 친절하시고 시설도 정말 깨끗해요! 사물함도 여유 있게 비치되어 있고 개인 샤워실인게 가장 좋은 것 같아요 ㅎㅎ 개인 피티 수업도 시간 넉넉하게 봐주시고 개인 체형이나 몸 상태 맞추어 진행해주셔서 넘넘 좋습니당!!!!! 근력 하나도 없는 저한테도 으쌰으쌰 응원해주시는 지희쌤 최고 ㅎㅎ,"루디쌤께 pt 등록하고 수업을 듣고있어요 체중이 많이- 나가서 걱정을 했는데 여성전용이라 편하게 운동하고 선생님께서도 친절하게 잘 알려주세요 선생님만 믿고!! 말씀하신데로만 하기로 했습니다 확실히 운동 하고싶다는 의지가 생길수있게 잘!! 도와주시네요 사실 운동은 내 의지가 제일 중요!한 부분이지만 이번엔 효과를 확실히 보고있네요 직업병으로 거북목도 오고 해서 자세 교정이랑 건강을 먼저 생각하고 등록했는데 다이어트까지 덤으로 하고 있네요 뭔가 생활에 활력도 생기고 무기력하던게 좋아지고,,다른데서 많이 해봤는데 확실하게 다른 곳과 다름이 느껴지네요 감사한 마음에 글이라도 써봐요! 루디쌤 감사합니다 ??","혜인쌤 PT 30회 끝나고, 다시 30회 연장했어요.
.
 수업할 때 동작 확인하면서 제 몸 상태를 체크해주시고 (어떤 동작이 잘 안되는지, 골반이 조금 안 좋은지, 양쪽 균형 상태 등등) 그에 따라 운동도 제 몸에 맞게 진행해주시는게 좋아요.
.
 궁금한 사항 질문할 때마다 잘 답변해주시고, 칭찬도 많이 해주셔요.
.
 운동 시작을 혜인쌤이랑 같이 한게 정말 잘한 것 같아요 ~~",시설이 깔끔하고 공용이 아니라 개인 샤워룸이 있어서 이용하기 편리합니다! 루디쌤과 운동하고 있는데 그날의 컨디션에 맞춰서 적당한 강도로 운동시켜주시고 자세 하나하나 힘이 잘들어갈 수 있게 꼼꼼히 알려주세요! 저는 어깨에 힘이 많이들어가는 편인데 어깨에 힘이 많이 들어간 날이면 운동하고 풀어주셔서 정말 좋아요!,"저는 채린선생님한테 배우고있는데요, 운동 완전히 초보인데 잘 가르쳐주셔서 너무좋아요ㅜㅠ 맨날 산책만하다가 본격적인 운동하려니까 자세도안잡히고 제몸이 제몸이아닌거같아서 우울할때도 있는데 잘한다고 격려해주시고 자신감도 챙길수있게 해주시고 감사합니다ㅎㅎ","다이어트와 체력향상을 목표로 PT 20회 결심하고 등록했습니다! 저는 채린쌤이 맡아주시는데, 제게 맞는 운동 알려주시고, 그날그날 상황에 맞게 난이도 조절해주시면서 진행해주시고 계세요?? 식단도 꼼꼼하게 봐주시고 질문도 잘 받아주셔서 즐겁게 하고 있습니다!
+ 서연매니저님도 처음 갔을 때 상담 친절하게 해주시고, 운동 갈 때마다 밝게 인사해주셔서 너무 감사해요ㅎㅎ
다음주, 다음달의 제 모습이 궁금하고 기대되요??","뷰가 정말 예쁜 곳에서 재밌게 운동할 수 있어서 재등록하게 되었습니다~
거리두기도 해제되고 수많은 위기가 있었지만 하나하나 꼼꼼하게 잘 봐주셔서 꾸준히 운동할 수 있었어요ㅎㅎ
제 몸 특성에 맞는 운동 알려주셔서 미세하지만 근육량도 늘고 체지방은 줄어서 정말 좋아요??
앞으로도 잘 부탁드립니다~~??"
96,저는 처음 헬스를 시작하는 입장이라 몸이 다칠가 싶어 건대 헬스장 3곳이나 돌아다니며 상담을 받았는데 토니바디가 젤 친절하시고 운동에 관한 지식이 풍부해 보이셔서 믿고 등록 했어요! 현석샘께 PT 받고 있으며 자세도 꼼꼼하게 봐주시고 항상 친절하게 열심히 수업 해주십니다. 수업 없을때는 헬스를 하는데 인클라인 런닝머신 20분만 걸어도 땀이 뻘뻘나서 엄청 힘드네요 몸이 달라지는게 눈에 보이고 주변에서도 많이 변했다는 모습에 더 자신이 생겨 흥미를 느끼며 운동하고 있습니다.,헬린이 입성했습니다 ㅎㅎ 기구종류가 다양하게 많이 있네요 저같이 운동초보에겐 기구 많은게 아무래도 처음에 쉽게 운동하기가 편해서 좋은것 같습니다 등록하니 사용법도 다 알려주시고 언제든지 모르는거 물어보라고 하시네요 ~~! 근처 헬린이 입문예정인 분들에게 추천해용 ㅎ,여기 다들 매너있고 열운하는 분위기라서 넘 좋아요 ! 전에 다닌 곳은 어린친구들 삼삼오오 몰려서 기구 차지하고 짜증났었는데 여긴 뭔가 진짜 각자 할거 열심히 하는 회원들이 많은것 같네요 다음달 기간 끝나는데 재등록 계속하려구요!,"PT를 처음 시작하는 만큼 자신에게 맞는 운동 방법에 대해 잘몰랐지만 체형별로 올바른 운동방법에 대해 코칭해주며 힘들어서 포기할때쯤 위트있는 말로이끌어주시는 센스가 너무 돋보였습니다. 운동이라 하면 땀나고 힘든 이미지가 강했지만. 이곳에서 시작하고 난뒤로 운동하는 재미에 대해 알게되었습니다.
:) 회원을 돈으로 생각함이 아닌 위트있는 말과 동기부여로 끝까지 책임지고 이끌어주시는 코치님 너무 멋있어요. 번창하세요!","몸도 맘도 지쳐있을 때쯤 운동으로 삶의 활력을 찾고 싶어서 피티 시작했어요! 바디 케어는 물론, 마음 케어도 챙겨 주시는 선생님의 섬세함에 넘 감사했고, 운동하면서 몸에 대한 지식도 많이 알 수 있었던 시간이었어요",저는 돈이 하나도 아깝지 않아요. 저를 찐찐헬창으로 만들어주셔서 너무 감사합니다. 나만 아는 피티맛집이지만 전국구 됐으면 좋겠네요 ♥,"저는 지금까지 헬스장 등록하고 3개월도 못가고, 
요가 등록해도 3개월 이상 가본 적 없는 사람이예요 ...????

정말 운동이라는 거에 흥미1도 없이 살았는데 
임현석 코치님 만나서 정말 즐겁게 운동하고 있어요! 

자세도 꼼꼼하게 봐주시고 식단도 수업할 때마다 점검해주셔서 체중도 많이 감량했고요~~ ??

곧 30회째 수업 끝나서 추가로 30회 더 등록하기로 했어요! ㅎㅎ 저처럼 운동에 끈기 1도 없는 사람도 재밌게 운동할 수 있게 해주셔서 감사합니당 ~~ ????",일단 헬스와 피티는 난생처음이고 운동도 제대로배운적이없는데 다 처음이였어요 하나하나 자세히 잘알려주시고요 식단에대한 힘든것도 전혀없이 재미있게 살뺐습니다 3개월동안 정말 하나하나 꼼꼼하게 챙겨주셔서 정말 감사했어요 그래서 이번에 또등록하러가요 뱃살이없어졌고 밖에나가면 다살빠졌다고 난리나요 이번엔 더열심히 배울예정이랍니다 ~!!,처음 운동 배워보는데 추천할만한거 같습니다. 웨이트가 처음이라서 잘 모르긴 하지만 이해잘되게 설명 해주시고 운동에 재미도 붙이고 하고있네요. 추천드립니다,예전에도 pt받아봣었는데 집 근처에 새로 생겨서 pt30회 끊었는데 전에 운동하던곳하고 다르게 운동에 재미를 느꼈고 다음 날 무슨 운동을 해야하는지 가르쳐주셔서 혼자와도 혼자 운동할수 있어서 매우 만족합니다.무엇보다 자세를 잘 잡아주셔서 감사합니다~~????
97,"운동도 할 겸 다이어트 겸 근력을 기르고자 헬스장 여러 알아보다 드디어 찾게된 헬스장입니다 처음 반했 던 1. 여성전용헬스장 2. 깔끔하고 쾌적한 환경에 운동기구까지 최신에 깔끔해서 너무 좋았습니다 그리고 PT목적은 아니었는데 이벤트로 PT체험권으로 다른 분께 운동 배우고있는 도중에 제 귀에 열정가득한 목소리가 들려와서 눈여겨 보고있었는데요!! Pt생각 없던 저에게 운동욕구를 불러일으켜준 트레이너가 바로 ??배은희 트레이너??이셨습니다 보통 헬스장이나 다른 곳에서 운동하다 힘 빠지는데 ??배은희 트레이너??분은 열정에너지가 저도 느껴지다보니 다른 분께 pt받다,, 자연스레 이끌림으로 PT신청하였습니다 운동하면서 몸 컨디션과 세세하게 알려주시구 혼자 운동 시 플랜도 알려주셔서 정말 ??배은희 트레이너 강추??","직장 다닌 1~2년 사이 살이 너무 많이 쪄서 건강도 안 좋아지고, 몸도 피곤한 악순환이 반복돼서 피티를 알아보았습니다.
그중에서도 집이랑 제일 가깝고, 또 여성전용이라 부담없이 운동할 수 있는 이곳으로 선택하였습니다! 상담할 때도 디테일한 커리큘럼이나 운동목표에 맞게 디테일하게 상담해주셔서 고민없이 선택할 수 있었습니다.

김진이 선생님께서 운동초짜에 맞는 눈높이로 자세부터 기구 다루는 법까지 자세히 설명해주시고, 식단도 매번 체크해주시고 피드백주셔서 건강히 먹으면서 운동하고 있습니다!!
좋은 가이드를 많이 주시니 체계가 잡혀서, 운동과는 거리가 멀었던 저도 일주일에 5번씩 헬스장 나가서 2시간씩 운동하고 올 만큼 매우 만족하고 있습니다!!
고민하고 계신 분들 강추드립니다!","처음 등록했을때 상담도 너무 친절하셨구요
피티는 경력있는 선생님 추천부탁드렸는데 배은희 선생님과 하게됐어요
항상 빠이팅 넘치게 수업알려주셨고, 꼼꼼하게 자세봐주셨구 가끔 살안빠진다고 투덜될때 어떻게하면 빠질수있을지 진지하게 같이 고민해주셨어영 ㅎㅎ 선생님과 수업하면 한시간 후딱지나가고 자극점 팍팍와서 운동 제대로한 느낌이 항상들었어요
저는 이제 이사가서 더 선생님께 배울수가 없어 아쉬워요 ㅠㅠ 현재는 식이요법까지 해서 -4kg달성했습니다 ㅎㅎ
그리고 센터 항상 청결하게 관리하시고 회원분들 열심히 운동하셔서 오면 자극받고 더 열심히하게돼요
여튼 울 배은희쌤 최고입니다??",식욕이 터져서 역대 최고의 몸무게를 찍고 이대로는 안되겠다 싶어 건대 근처 헬스장을 찾아보기 시작했습니다?? 이곳저곳 많이 찾아봤지만 여성 전용이라는 점과 시설의 깔끔함이 마음에 들어서 바로 그 날 상담을 받고 PT 20회와 헬스장 이용권 5개월을 결제했습니다. PT는 강은지 선생님께 받게 되었습니다! 경력도 많으시고 자세도 꼼꼼히 봐주셔서 교정해야 될 부분이나 운동을 더 해야하는 부분에 대해 알 수 있었습니다?? 선생님께서 재활 관련 지식이 많으셔서 통증이 있었던 어깨와 거북목 부분도 첫날 케어를 해주셨는데 그 이후로 밤에 잠들 때 확실히 통증 없이 편안하게 잘 수 있었습니다??강은지 선생님과 앞으로도 쭉 운동 같이 하면서 건강한 몸 갖고 싶어요! 운동 새로 등록하시는 분들은 강은지 선생님 추천드립니다??,"여태 피티수업을 해봤지만 이번만큼 제대로 운동을 배우고 다닌적은 처음이에요??
??일단 여성전용 휘트니스에요!다른 헬스장가면 남자분들이 거울앞에서 대부분 자리를 차지해서 저는 항상 저어기 구석에서 하거나 기구만 조금 하다 집가는 식이였는데,여기는 여성전용이라 눈치볼 필요도없고 운동할 때 불편함이 없어요!
??배은희트레이너쌤 너무 예뻐요^_^ 그래서 운동할 때마다 의지가 활활 타오른다랄까 그리구 운동할 때 자세를 하나하나 꼼꼼히 체크해줘서,개인운동 하러 나와도 혼자 수월하게 할 수있어서 너무 좋아요?? 그리고 무엇보다 가격이 합리적에용??
운동이나 피티수업 받으려면 한번에 큰돈이 들어서 시작하기가 부담스러웠는데 합리적인 금액으로 잘선택한거 같아용!!:) 휘트니스피플 건대점 짱?? 배은희쌤 최고??","시설도 다 깨끗하구 기구도 제가 잘은 모르지만 필요한건 다 있는거같아요! 
운동할때 보니까 청소도 엄청 자주 하시더라고요 ㅎㅎ
여성전용인 점도 넘 마음에 들었습니다. 머랄까 마음 편하게 운동할 수 있어서 좋아요
저는 다이어트 목적은 아니고 근력키우고 건강해지고싶어서 피티를 받고자 했고 배은희 쌤과 같이 운동하게 되었는데요
동작할때 어디에 힘이 들어가야하는지 자세히 알려주시고 힘들어할 때 할수있다고 북돋아주셔서 힘들어도 끝까지할 수 있는거 같아요! 쌤이 파이팅이 좋으셔서 더 열심히 하게 됩니당
배웠던 운동이 기억이 안날 땐 일지를 보거나 은희쌤에게 카톡으로 물어볼 수 있고 그럼 개인운동할 때에도 많이 도움이 되더라고요 ㅎ
덕분에 운동 더 얄심히 하게됩니당","꾸준하게 찌워 온 살이랑 이제 진짜 작별해야겠다 싶어서 운동할 곳 알아보다가 집 근처에 새로 생긴 것 같아서 상담 예약하고 상담받은 날 바로 결제하고 왔어요:)

상담해 주신 선생님께서 친절하게 상담 잘 해주셔서 상담받는 내내 부담스럽다고 생각 안한 것 같아요.
다른 타 헬스장은 상담할 때 좀 많이 부담스럽거나 그랬는데 전혀 그런 것도 없더라고요!

그 후에 배정받은 김진이 선생님도 피티 처음 하는 저도 정말 이해 잘 할 수 있도록 운동 첫날부터 운동이나 식단 부분에서 너무 친절하게 상담도 해주시고 신경 써주시고 있는 것 같아서 정말 좋아요??

덕분에 요즘 운동 열심히 하고 있습니당 화이팅??","운동을 처음 배우려고 이곳저곳 많이 찾아보고 방문했을때 여긴 들어오자마자 좋다는 생각이 들었어요! ????
시설도 너무 깔끔하고 여성전용이라 신경쓸것도 별로없고 머리끈같은것도 구비해두셔서 너무너무 맘에 들었습니다.??
p.t상담을하고 첫수업때 많이 긴장하고 갔지만 조용우선생님께서 진짜 너무 친절하시고 자세도 잘 봐주셔서 너무 감사했어요 식단도 잘 알려주시고 무엇보다 몸에 무리 안가는만큼만 알려주셔서 너무 좋아요???? 
쌤이랑 피티 하면할수록 체력이 좋아지는게 느껴져서 뿌듯하고 선택잘했다는 생각이 들어요!! 쌤이 최고예요","건대 근처 여성전용 헬스장 찾다가 지상에 시설이 가장 깔끔하고 이뻐서 등록했어요 
상담 해주신 매니저님 너무 친절하게 상담 도와주셨고 김진이 선생님 한테 피티 받게 되었는데 너무 자세하고 친절하게 설명해주셔서 운동에 재미를 붙이게 되었답니다.
이제 운동을 꾸준히 할 것 같아요 ~^^
휘트니스 피플 짱입니다 ㅎㅎ","체력, 다이어트 목적으로 처음엔 방문해서 상담 받았었어요! 처음 왔을 때 여성전용에 시설도 깨끗하고 기구도 많고 샤워실 다 있어서 정말 쾌적했어요 PT랑 필라테스 중에 고민 많이 하다가 둘다 3회씩 체험권이 있어서 필테 먼저 진행하고 PT를 했는데??????배은희 쌤 ??♥????? PT 1회 체험 하고 그 다음날 바로 20회 끊어서 다니기로 했어요!!!!! 사실 피티는 처음 해봤는데 쌤이 식단도 봐주시면서 더 보충할 것들 설명도 많이 해주시고, 제 체형이나 자세 꼼꼼히 보시면서 운동 계획 짜서 개인별 맞춤 운동으로 해주셔요 !!!
그리고 무조건 운동 식단 빡세게! 이게 아니라 운동에 재미 붙일 수 있게 많이 도와주셔서 하길 잘했다고 생각하고 잘 다니고 있어요
고민이신 분 꼭 추천합니다??"
98,,,,,,,,,,
99,상담받으러갔다가 시설보고 놀랬어요 필라테스샵같이 이쁘고 깨끗해서 맘에들었어요 선생님두분? 세분? 계시는데 엄청 친절하시고 꼼꼼해요! 그냥 다들 아는 운동만 가르치는 그런 헬스장이랑 완전 달라요,이번에 오픈했길래 상담받아보고 결제했는데 쌤도 너무 친절하고 꼼꼼하게 잘 가르쳐주시고 공간 크진않은데 운동하기 딱 좋은 분위기여서 저는 만족합니당 피티 다하고 또 후기쓸게요~!!,결혼한 이후로 운동을 소홀하게 하다보니깐 살도찌고 몸도 망가지는거같아서 운동을 시작하려고 다니게됐어요 진짜 시설 너무깔끔하고 상담도 잘해주시고 너무친절하세요~~ 열심히운동할맛이나네요~,오랜만에 마음이 쏙 드는 곳을 발견했네요! 나이도 있고 조심조심 체력정도먼 키우려고 상담받았는데 너무 친절하게 세세한부분까지 알려주시고 운동 알려주시는 쌤도 친절하시고 너무 잘 알려주세요 공간이 아주 넓은곳보다 분위기 좋고 기규 많은데룰 원했눈데 정말 딱입니다!! 회원권 끊었으니 열심히 다닐께요!,여름 되니깐 살이 부대끼면서 더우니깐 너무 힘들더라고요 내년 여름에는 가볍게 다니고 싶어서 다니고 있는데 자세도 잘 알려주셔서 좋아요 화이팅 하겠습니다,살많이찐 직장인입니다. 상담부터 너무 체계적이고 친절하시다는걸 느꼇어요 직장 근처에 좋은 헬스장 찾은거같아서 좋아요 ♡,저렴한 가격에 시설도 좋아서 자주이용중입니다. 특히 통창으로 되어있어서 답답한 느낌이 안들어서 좋고 자세도 잘 알려주셔서 좋아요,"운동 다시 시작해보려고 
여러곳 찾아보다가 선택한곳인데요
체계적으로 잘 알려주시고
저에게 맞는 운동법 등
이해하기쉽게 잘 설명해주셨어요
기구들도 너무 좋고 공간은 쾌적해서
매우 만족스럽습니다 !!","엄청 열심히 pt알려주셔서 땀범벅 오랜만에 운동 제대로 했네요! 이 동네에 제대로된 헬스장없었는데, 너무 만족합니다!!! 감사해요!","지인이다니던중 한달안에빼면가겠다햣는대독한것 빼왓지 뭐예요 그래서 저도 다니기시작햇는댜 이제4일차입니다 수업내용은 정말알차구요 재밌습니다 아주 
시설도 너무깔끔하고 딱좋아하눈호ㅏ이트베이지톤이예요 포근해지는 ㅋㅋㅋ 기구종류도 정말많아서 여러가지로 자극줄수있는운동을 할수있구요 그덕분에 좀....도망도 가고싶네요 제개인적인 생각으론.. 이렇게 체계적이게 운동해본적이없어서 그런지 ㅋㅋㅋ"
100,"예전에 요가를 했었는데 다이어트 효과 많이 못 받았어요.
이번에 체험수업 무료로 신청해서 받았는데 확실히 운동효과가 좋을거같아거 다녀볼까합니다

무엇보다도 항상 섬세하게 알려주시고 신경 많이 써주셔서 믿고 다닐수 있을거같아요.~
앞으로 잘부탁할게요~파이팅이요!!","체중이 너무 많이 나가 운동을 해야할거같아서 방문했어요~과한 중량 으로 운동을 하는것보다 
내몸에 맞는 운동을 잘알려주셔서 너무 만족스럽게 잘했습니다.

몸치라서 가르키기 힘드셨을거같은데 너무 친절하게 잘 알려주세요 정말 감사합니다
수업시간에 뵙겠습니다!!!","자양동pt 검색해보다가 피트니즈라는곳 찾게 되어 체험수업 받았는데 강추 드립니다 
공간도 넓고 좋았어요 내부 인테리어도 깔끔하고 분위기 너무 좋았어요 너무 어두운 분위기가 아니라 더 좋았어요 

인바디 측정했을때 결과가 충격적이라 깜짝 놀랐네요ㅋㅋ
오전타임 회원 등록해서 다니기로 했으니 앞으로 잘 부탁드릴게요 ㅜㅠ 열심히 지도해주세요","운동기구 다양하고 시설도 말끔해서 좋아요
피트니즈라는곳이 이곳저곳에 많이 생기던데 저도 믿고 다닐수 있는곳인거같아요.
생긴지 얼마 안됬는데 같이 수업받는 회원들도 많이 있고 좋은거같네요.","한동안 운동을 안하다가 오랜만에 운동을 제대로 시작할까해서 개인PT받을까 하다가 피트니즈 알게되었습니다. 상담도 친절하게 해주시고 첫수업 받을때 자세와 기구 사용도 꼼꼼하게 잘 알려주세요 만족스럽네요 . 운동할수있는 아침7시에 PT수업을 받을수 있어서 더 좋았습니다.

오전에만 운동할수 있어서 오전 타임으로 3개월 다니기로 했는데 잘 부탁드립니다 .
감사합니다.","우선 상담에서부터 너무 친절하고 자세히 알려주셔서 놀랐습니다.
보통은 헬스장에서 체험수업하면 세일즈를 엄청하는데 피트니즈에서는 그런부분이 없고 수업내용과 가성비로 승부를 하니 지갑을 안열수가 없었어요.
앞으로 잘부탁드리고 혼자 운동하는거보다 수업받는게 효과가 더 좋을거같아서 등록했는데 멋진 몸 같이 만들어주세요. 감사합니다.","체험수업 한다고 해서 방문해서 수업들었는데 만족스러웠어요.
헬스 예전에 잠깐 1:1PT 받다가 금액이 부담되서 혼자 헬스장 다녔는데 효과를 많이 못보고 있는거 같아서 PT받아보려고 체험수업 등록했습니다.
사람이 없는시간에 방문하고 수업들어서인지 체험수업인데도 엄청 빡시게 운동한거같아서 기분좋네요. 바로 회원 등록했는데 앞으로 잘 부탁드립니다.
일주일에2번 수업받고 나머지 요일엔 아파트 헬스장 가서 운동해야겠네요.","친절하고 자세한 상담 해주셔서 감사합니다
소수인원만 pt받을수있는 조용한 센터 찾고있었는데 집근처 피트니즈 생겨서 너무 좋네요 
대박 성공하세요!! 

저도 다이어트 성공할수 있게 도와주세요",체험수업 받았는데 친절하게 잘 알려주시고 개인pt 받는거랑 별반차이없는거 같아서 엄청 만족스러워요. 수업 괜찮게 받아서 너무 좋아요 . 만족스럽고 오픈 할인 받으면서 회원등록 했으니 앞으로 잘 부탁해요 잘지도해주세요~,"방문 하고 1:1로 상담 및 자세 교정, 운동수행 까지 진행 하였습니다
지나치게 과장, 홍보 하시지 않으시고 딱딱 부족한 점 위주로 설명 잘 해 주시고 
호흡법 등도 자세하게 설명해 주셔서 너무 만족스러웠던 시간 이었습니다 :) 
월 이용권도 끊는것을 고려하고 있어요 !! 감사합니다 :>"
101,시설 좋고 트레이너 쌤들도 엄청 전문적이고 친절하세요!,시설 좋고 ㅎㅎ운동도 잘 돼요! 감사합니당,선생님들 모두 너무 친절하고 운동하기 너무 좋은 헬스장이에요,,,,,,,
102,,,,,,,,,,
