company_id,review0,review1,review2,review3,review4,review5,review6,review7,review8,review9
0,"박효렬 쌤한테 pt 받고 복근이 보이기 시작했어요 
가격도 저렴한데 자세도 엄청 자세히 봐주시구 개인 시간 투자하면서 운동 알려주세요 개인 운동 할때도 거의 헬스장에 계셔서 물어보면서 하기도 좋았고 잘못된 자세도 그때그때 잡아주세요 ~~ 관장님도 엄청 재밌고 착하시구 이사만 안갔으면 피티 연장했을텐데 ㅠㅠ 꼭 받아보세요 now PT 최고임당 진짜 👍 서울에 이 가격에 이런 피티 받기 힘들어요.. 최고","관장님, 트레이너 쌤 모두 친절히 잘 지도해주세요! 명일동 터줏대감 헬스클럽이에요😊👍",조아요,친절함,,,,,,
1,굳,"서울시 강동구 길동의 스포힐휘트니스의 관장님 및 코치님 믿고 가보세요. 체중은 물론이거니와 체지방률 대박 잘 빠집니다. 타이트한 식단관리 및 근력,유산소 운동관리 프로그램으로 체계적으로 잘 알려 주십니다. 헬린이들도 꾸준하게 잘하게끔 신경 잘 써주는 정 있는 헬스
장입니다. 또한 운동기구 및 운동공간이 헬스 전용으로 저 뿐만 아니라 학생부터 어르신들까지 다른 회원님들도 이용하는 곳입니다. 다이어트,바디프로필 찍는 몸 만들기 혼자하기 어려우신가요? 스포힐과 함께라면 가능합니다. 단 최소한의 기간 및 저 뿐만 아니라 각자 회
원님들의 매일매일의 노력이 전제가 되어야 합니다. 직장인인 저도 스포힐에서 관장님 코칭에 따라서 다이어트뿐만 아니라 먼저하신 회원님들의 블로그 및 인스타그램에 있는 것처럼 바프 목표입니다.","여기 정말 저만 알고싶은 헬스장인데 바디프로필 버킷리스트 깨부순 기념으로 리뷰남깁니다~ 관장님이랑 코치님이 친절하시고 실력도 있으셔서 집 근처에도 헬스장이 많은데 굳이 무려 30분거리인 스포힐로 운동나가요!
무슨 수업이던지 선생님이 가장 중요하잖아요. 피티 강추합니다!! 가격, 수업퀄리티 빠지는게 없어요 (하.. 쌤들 더 바빠지셔도 제 피티는 꼭 해주셔야해요!!)","길동역이랑 멀지 않은 위치에 있어서 교통 편리하고, 무엇보다 센터 내부가 깔끔하고 기구 관리도 잘 되어 있어서 운동하기 좋아요 선생님들도 전부 몸 좋으시고 이론적인 설명도 잘해주셔서 신뢰가 갑니다! 혼자서도 할 수 있는 방법을 배워서 오래 운동할 생각이신 분들에게 특히 추천드립니다!",집에서 조금 거리가 있지만 그 동안 다녔던 센터와는 확연히 달라서 센터 오픈때부터 꾸준히 다니고 있는 곳이에요~ 시설도 깔끔하고 무엇보다 트레이너 쌤들이 친절하고 열정이 넘치셔서 주변 친구들에게도 마구마구 추천하고 있어요 ^^ 센터 분위기도 운동에 집중할 수 있어서 운동효과도 두배! 운동에 재미를 느끼고 있답니다~,"대표님과 직원분들 모두 친절하시고 기구와 실내가 깔끔해서 운동하기 좋아요! 체계적이고 꼼꼼하게 운동계획, 식단관리 해주신 덕분에 결혼전보다 더 살빼고 건강하게 운동하고 있습니다!",1년째 운동중이에요! 운동하기에 정말 쾌적하고 분위기도 좋아서 강추입니당!! 관장님과 트레이너샘 모두 실력도 좋도 성격도 너무 좋으세요 몸 만들고 싶다면 스포힐고고! 피티맛집 인정입니다요,헬스장 등록전에 일일권 끊고 한번 방문해봤는데 답답하지않게 탁 트여있고 기구도 다양하게 있네요! 시설도 깔끔하고 직원분들도 친절하십니다,피티맛집이라고 들어서 찾아왔고 바디프로필반 참여하고 있어요. 수업하면서 몸이 달라지는게 보이니 운동에 흥미가 생기네요. 감사합니다.,집근처라서 가볍게 왔는데 좋아요!! 쌤들두 항상 밝게 인사해주시구 모르는거 있으면 친절하게 알려주셔서 혼자와도 운동하기 아주 좋습니당:)
2,,,,,,,,,,
3,선생님이 탑입니다,좋음,,,,,,,,
4,공부하면서 목이랑 허리가 너무 아파 운동을 시작했어요. 이성연쌤께 피티도 꾸준히 받고 배운 운동들을 혼자 연습하면서 통증도 줄어들고 자세나 체형도 좋아졌어요ㅎㅎ 글고 피티 때 배운 운동을 쌤이 영상이나 사진으로 남겨 공유해주셔서 자세를 보며 연습하기도 수월했어요!! 피티 선생님들도 다 너무 친절하시고 최근 리모델링하면서 기구도 엄청 다양해지고 공간도 넓어져서 너무 만족스럽습니다!..,"성연쌤한테 작년부터 피티 꾸준히 받으면서 살도 많이 빠졌지만 무엇보다 자세나 체형 자체가 많이 좋아졌어요!! 항상 저한테 맞는 운동 프로그램 짜주시구 상담도 자세히 해주셔서 도움이 어엄청 많이 됐어요💪부족한 부분이나 좀 더 연습해야될 부분들 체크해주시구 영상이나 글로 기록 남겨주셔서 혼자 운동할때 참고하면서 하면 좋더라구요ㅎㅎ 운동의 'ㅇ'도 모르던 사람인데,,,,,쌤 덕분에 운동습관도 들이고 재미 붙이게 됐어용ദ്ദി ˉ͈̀꒳ˉ͈́ )✧ 
 그리구 원래 다니면서도 다 넘 친절하시구 시설이 쾌적하다고 생각했는데 최근에 리모델링 하면서 더 넓어지고 기구도 다양해져서 운동하기 더 좋아졌어요!! ☺️","PT를 몇년 해왔지만 지금처럼 운동이 힘들지만 재미난 적이 없었네요. 이성연샘!!! ^0^ 전문성이 확실히 다르세요!! 오롯이 내몸에 맞추어 프로그램을 짜주시고 꼭 영상으로 남겨 공유해주시니 끝나고 자세 운동부위 등을 확인할수 있어 다음번 운동에 정말 도
움이 됩니다. 운동을 나오지 못할때 조로코롬 운동내용을 짜주세용~~몸이 단시간에 변하는걸 직접 느낄수 있어 신기하고 힘들지만 확실한 동기부여가 되네요. 그리고 기구가 겁나 많아요 ㅎㅎㅎㅎㅎㅎ 다양하게 운동하니 지루할 틈도 없고 정말 운동되게 힘드네요 ^^;
;","다닌지 오래됐는데 리모델링하고나서 요 근방에서 시설 제일 좋아진 것 같아여ㅎㅎ 원래 다들 친절하셨고요... 피티 선생님도 전문적이라 저한테 맞는 운동법으로 수업 진행해주셔서 자세가 많이 좋아졌어요 🥹 혼자서 운동하는 법도 잘 알려주셔서 운동습관에도 많은 도움이 
됐답니다..","고위드피트니스 명일점 이성연트레이너에게 2년넘게 피티 받으면서 모든게 바뀌었습니다. 근육도 없고 무릎도 아프고 승모근하고 다 아팠고 몸이 삐뚤어진 느낌이였는데 보정이 많이 되었습니다. 근육하고 다이어트 뿐만 아니라 체형위주로 피티를 많이 해주셔서 오랫동안 
받게 되었고 확실히 운동을 바르게 하니까 들피곤 하고 의자에 앉거나 걷거나 할때 자세가 똑바로된 느낌이 확실하게 납니다. 앞으로도 꾸준히 피티를 받을예정이며 너무 만족스럽습니다. 성연선생님 화이팅.!","인포쌤들 피티쌤들 모두 친절하시고 심지어 운동하시는 분들도 모두 친절하세요! 그리고 가장 중요한 운동하기에 좋은 환경입니다! 근데 리모델링 하고나면 더 좋아진다는데 아주 두근두근 하군요,,,! 생기신 것과 다르게 친절하시고 운동도 재밌게 잘 알려주시는 송
마루쌤과 거즌 1년을 함께하며 제 인생 최고로 헬스장을 자주 가봤네요^^,,, 감사합니당🫡","고위드 피트니스 리모델링 하고 오픈날 처음 운동하면서 최순호 선생님께 PT수업을 받는 회원입니다. 현재 10회 중 3회째 받았는데 너무 만족스러워서 10회 재연장했습니다. 다른 곳의 PT 트레이너와 다르게 체계적으로 운동하는 방법을 알려주시고 운동할 
때마다 영상으로 남겨 주셔서 밴드에 올려주시고 혼자 운동하는 날에는 어느 부위를 운동해야 할지 루틴도 정해 주셔서 그에 맞게 운동할 수 있어서 좋았습니다. 다른데서 PT를 받아도 이렇게 하는 곳이 많지 않을거라 생각되는데 정확하고 체계적이고 꼼꼼하게 운동할 수
 있는 방법을 알려주셔서 완전 대만족입니다. 그리고 수업 알려주시는 선생님 뿐만 아니라 다른 선생님들도 친절하시고 또한 이번에 리모델링 하면서 최신 운동기구들이 많이 들어왔는데 너무 만족스럽습니다! 강추!!","🌟마루쌤🌟 다른 헬스장과 다르게 피티 받으면서 배운 자세 하나하나 아이패드로 찍어서 블로그에 올려주시는데, 혼자 운동할 때 동영상 보니까 자세도 더 교정되고 너무 좋아요..🤍 피티 배워도 운동 잘 안나가서 맨날 까먹는 저 같은 사람들한텐 최적입니다 혼자 운동 하면 원판 채우기 버거울 때가 많은데 그때마다 헬스장에 계신 다른쌤들도 도와주시고 다들 너무 친절하세요..이런 친절..나 울어.. 맨날 운동 안나온다고 잔소리 하고 닥달해주셔서 감사해요 쌤 저 안그랬으면 더 안나갔을거에요 ㅋ 이제 기구도 우당탕탕 다양하게 들어온다는데 벌써 가슴이 설레네요 주 5일 운동 해볼게요😖","이제는 하기싫어도 운동을 해야할 계절이 돌아왔군요 .. 그동안 돈써서 찌워논 제살을 , 돈내며 뺄 생각에 마음이 아프지만 그래두 항상 돼지라고 자극을 주며 응원해주는 마루쌤 덕분에 이번에두 연장했어요🥺 시설두 리모델링되면서 더 깔끔해지구 운동기구들도 좋아서 운동할 맛이 생기는고 같아용 ㅎㅎ 제 인생에 다신없을 멋진 바프도 생성한 곳이라 더 애착이 가는 피트니스네용 ㅎㅎ 결제는 했지만 아직 몸은 움직일 생각을 안해요🥲 그래도 이번여름 고위드에서 다시한번 겨울잠을 깨볼게용🤝 이번엔 20대 마지막 바프를 찍어보고자 다짐은 했으나.. 이루어진다면 다음 영수증 리뷰로 돌아올게용 번창하세요😆","이번에 리모델링 하고 새로운 머신도 많이 들어온다고 하셔서 완전 기대중입니다 ㅎㅎ
요새 운동 안해서 살쪘다고 놀리는 친절한 마루쌤한테 pt 받고 열심히 운동해서 이전에 바프 찍었을때 몸으로 다시 돌아가보겠습니다!! :)"
5,가성비 좋고 자유롭게 운동 하기 좋아요,네,네,네,,,,,,
6,스피닝이 있는 곳이 이곳 뿐이라 고민 없이 결정했어요. 여기가 좋은게 회원권 끊고 나면 운동기구 어떻게 사용하는지 하루에 5개 정도씩 20분 정도 설명듣는 프로그램이 무료로 있더라구요. 제대로된 헬스는 처음이라 운동기구 사용법을 모르는데 이렇게 알려주시니 잘 할 수 있을 것 같아요. 기구도 다양하고 공간도 꽤 넓습니다. 할인 조금 받아서 3달 회원권 끊었어용. 열심히 다녀야지!,"친절하고 깨끗합니다
찜질방도 있어 좋아요","매번 다니고 있는 곳인데 이번에 또 재등록 하게 되었습니다. 공간도 넓고 쾌적하며 주차자리도 많아 이용하기에 아주 만족스럽습니다
운동기구도 많고 모두들 친절 하십니다 
늘 번창하세요~",내부도 넓고 기구간 간격도 넓은편. 스트레칭 및 레이디 존도 있어서 주위 신경 쓰지 않고 편안하게! 맘껏 운동 할 수 있어서 좋아요 :),친절하게 설명 잘 해주셔서 여자 친구랑 함께 바로 결제했네요 시설도 좋고 깔끔하고 상담을 너무 잘해주셔서 합리적으로 결정 잘한거같습니다,오늘 동네형하고 상담하고 12개월 등록하고오는길입니다 상담해주시는게 정말친절하시고 생각보다 큰 크기에 놀랐네요 ! 이제 열씸히 운동하는 일만남았네요,넓어서 좋긴한데 깨끗하지 않아요..,굿,상담 너무 친절하시고 이해가 쉽도록 설명이 자세해요 시설도 깔끔하고 넓습니다.,시설이 넓고 깨끗해요. 렉이랑 머신들도 종류도 다양하고 관리가 잘 되어있어요. 직원분들도 친절하게 대해주세요!!!
7,"1년회원권 등록해서 다니고 있어요 일단 전창 유리창에 운동할맛 납니다 전층쓰고있어서 운동공간도 넓고 렉도 4개이상 있어서 겹치거나 기다릴 필요도 없고 헤머, 머신도 종류별로 다 있어요. 천국의계단이랑 런닝, 사이클 좋은걸로 다있어서 근력, 유산소 하기 다 만점임. 기구도 다 좋은걸로 바꿔놔서 새거라좋아요. 
헬스장분위기도 다들 점잖고 활력있어 좋아요 민선생님한테 PT받고있는데 여기PT선생님들수상경력도많으시고 수업 자세히친절하게해주셔서좋아요. 백점만점입니다","오랜만에 등록하러 갔더니 젊은 사장님으로바뀌었더라구요 사장님만 바뀐 게 아니라 기구들도 좋은 걸로 싹 바뀌고 시설이 점점 업그레이 되는 것 같아요 여기 최대 장점 중 하나는 고층에서 탁 트인 뷰💕 트레이너쌤들 다들 몸도 좋고 친절해서 누구한테 받을까 고민 많이하다
가 민쌤한테 피티등록했어요😆 운동에 진심인ㅋㅋ항상 열정적으로 가르쳐주셔서 감사합니당 우리 동네에 마이짐이 생겨서 너무 좋아요","원정운동 하기위해 마이짐 방문했을때 친절하게 상담해주셔서 감사했습니다. 창문이 넓어서 경치를 내려다 볼수 있고, 계단 유산소기구가 있어서 고강도 운동을 할 수 있어서 너무 좋았습니다. 또 실력 있으신 선생님들이 지도하시는 헬스장인거같아 바로 결제했습니다.기구 재입고 예정이라고 하셔서 앞으로 더욱 기대되는 헬스장인거 같습니다!! 감사합니다 ☺️",굿,"1일이용권 잘했어요ㅎ기구도 깔끔한 신식에, 머신들 자극이 만족스럽네요
스트레칭존 너무넓어서 짱",전단지보고 놀러갔는데 시설 좋아서 등록했네요 앞으로 잘 다녀보게요^♡^,전망이진짜 최고!!시설도 넘나조아여,엘레베이터 타기 힘든거 빼곤 좋아요ㅠ,잘이용합니다,"헬스장 뷰가 좋아서 답답한 느낌도 없고 쾌적하고 환기 잘돼서 좋아요 특히 고덕동근처 헬스장 다 다녀봤지만 여기 헬스장이 기구가 가장 좋고 운동하기 좋은곳 같아요 최근에 기구를 다 바꿨다고 하더라구요 트레이너분들이 운동 경력도 빵빵해서 잘 알려주고 너무 좋았어요 
고덕동헬스장에선 가장 좋은것 같음"
8,"운동할 때 자세를 어떤식으로 해야 부상이 없는지, 수업이 없는날도 운동루틴을 어떻게 해야하는지 가르쳐주셔서 단순 피티가 아닌 헬스하는 법을 내것으로 배우게 된것같아요.
첨에 헬스의 헬자도 모르는 초보였는데😂
지금은 너무 잘 다니고있어요","헬스 3달 + 피티 10회 + 20회 연장 + 헬스 3달 더 연장했어요 좋아요좋아요 피티 영업 없고 ,가깝고 기구 많아서 좋아요 지상이라 해질 때 오면 길동 뷰 맛집이에요 👏 매번 청소기돌리시고 닦고계시고 청소 엄청 열심히하셔서 깔끔하고 온수도 잘 나와요
 ㅎㅅㅎ 피티도 만족하고 피티쌤도 좋아요 ㅎㅎ 식단도 맛있게 짜주시고 운동도 개개인한테 잘 맞춰주셔요 사장님도 운동 잘 하고있는지 뭐가 중요한지도 지나가면서 확인해주시고, 친절하셔요 올해 목표는 헬린이 탈출 🏋️‍♀️","1. 얼마 없는 강동구 지상 헬스장 중 최고예요! 8층이라 뷰도 좋고, 환기도 잘돼서 운동환경이 지하에 있는 헬스장이랑은 비교불가입니당 2. 태어나서 처음으로 받은 PT라 걱정이 많았는데, 차근차근 알려주셔서 따라가기 쉬웠어요! 하찮은 질문에도 진심으로 답해
주셔서 좋았습니다. 돈이 1도 안아까웠어욤 3. 깨끗.. 말모.. 걍 깨끗.. 사장님이랑 직원분들 청소에 진심인 분들,, 4. 기구가 다양하고 좋아요! 그리고 매번 기구가 업데이트 돼서 신기해요 ㅇ_ㅇ 그리고 효율 미친 유산소 기구 천국의계단이 있어여,, 계단 처
돌이 됐습니당,,ㅎ 트레이너가 회원보다 많은 부담스러운 헬스장이 아니라 운동에 진심인 분들이 모여서 조용히 운동만 하는 곳이라 초보라도 눈치 안보면서 운동 할 수 있어요! 강추함당👍","처음 PT 20회 등록 후 운동하면서 수업도 추가하고 이용권도 연장 했어요! 생애 첫 PT 수업이었는데 기초적인 자세부터 제대로 잡아주시고 운동에 잘 적응 할 수 있게 가르쳐 주시고 매 수업 운동기록과 피드백을 정리해서 보내주시면서 혼자서 운동 목표를 세
워볼 수 있도록 도움도 주십니다 👍🏻👍🏻 그리고 센터가 왜인지 부담스럽지 않은 편안한(?) 분위기가 있어서 조용히 운동에 집중하시면서 다니고 싶으신분들이 오시면 좋을것 같아요! !! 시설관리도 깔끔하게 잘해주셔서 쾌적해서 기분좋게 운동할 수 있어요 : ) 회
원분들 운동에 집중하실 수 있게끔 관리해주시는것 같은게 느껴지는 센터입니다~~! 항상 감사합니다","별점 백만개 주고싶은 헬스장👍👍👍👍👍 10개월째 다니고 있는데 기구 관리 정말 잘 돼있고 항상 꼼꼼히 청소하셔서 시설도 깔끔해요! 기구도 계속 좋은걸로 교체하시려고 해서 시설이 계속 업그레이드되고 있어요 피티샘들 열정적이고 역량도 최고 수준이시라 수행능력 향상은 무조건 따라올 수밖에 없고 피티 안 받으셔도 왔다갔다 하시면서 회원들 자세 코칭 해주세요 운동 열심히 하시는 분들 많아서 자극도 되고 서로 배려하면서 기구 사용해서 좋아요! 그리고 뷰가 진짜 찐입니다,, 탁 트여있어서 갑갑하지 않고 시간가는 줄 모르고 운동할 수 있어요 ㅎㅎ 20대 내내 과체중으로 살았었는데 여기 다니고 다이어트는 물론이고 몸이 계속 발전하는게 보여서 행복해요😆 모자란 부분이 하나도 없어서 믿고 다닐 수 있는 헬스장입니당","여기서 꾸준히 피티 받다가 너무 만족해서 이제 리뷰 써봐요 회원권만 끊고 처음 아무것도 모르고 혼자 깔짝이는 저를 보고 쌤께서 오시더니 자세를 잡아 주시고 운동하는 법을 알려주셔서 정말 감사했어요 이 헬스장 장점은 초보들도 부담 없이 할 수 있는 머신이 정말 다
양해서 좋았어요 특히 힙운동 기구가 잘 되어있습니다 여기서 운동하고 몸이 정말 좋아졌어요 코로나 시국에 기구 청결에 예민한데 대표님이 진짜 하루 종일 청소하세요 이렇게 깔끔한 헬스장은 첨이에요..ㅋㅋㅋㅋ 여러 군데에서 피티 많이 받아봤지만 여기는 수업이 끝나면 
오늘 한 것들을 모두 정리해서 카톡으로 다시 한번 피드백 해주시고 수업 중간에도 모든 것을 기록해 주셔서 좋았습니다 그리고 뷰가 짱 유산소 할 맛 남 몸 멋지게 만들고 싶은 사람들 썸바디강추",독학으로만 운동을 하다가 처음 PT를 받게됐는데 트레이너쌤이 저의 몸상태에 맞게 올바른 운동을 지도해주시고 설명도 잘해주셔서 너무 좋았어요. 돈이 아깝지가 않았습니다. 무조건 강추!!,올려야지 올려야지 하면서 이제 리뷰 올리네요~ 다년간 여러 헬스장을 다니면서 항상 샤워실 포함 청결함을 가장 중요하게 보는데요 이 헬스장은 사장님이 직접 운영하셔서 그런지 매우 청결해서 좋았습니다 덤으로 기구 상태들도 관리가 잘 된편인거 같구요 추천합니다,"진짜 이동네에 여기만한 헬스장이 없어요. 동선 고민하고 운동기구도 이리저리 이동시켜주시고, 기구에도 신경 많이 쓰시는거 보이고 ㅎㅎ 이동네 떠나기 전까진 헬스장은 쭈욱 여기만 다닐거에요.",첨 운동시 운동프로세스 잘알려주심 더욱 좋을것같아요. 예전에는 운동 모모해라 알려주셧는데 샘에따라 다른가봐요
9,,,,,,,,,,
10,"시설도 너무 쾌적하고 운동분위기도 좋고 쌤들이 너무 친절하고 멋지고 예뻐서 운동할 맛 납니다ㅎㅎ
운동할 때 자세도 꼼꼼하게 봐주시고 무엇보다 체계적인 루틴으로 탈탈 털리게끔 해주셔서 참 좋습니다 …..🥹 특히 요정쌤 최고 ♥️♥️♥️♥️
비나이더 둔촌동점 최고 요정쌤 최최고","소중하고 귀여우신 요정쌤이랑 PT 중인 회원입니다! 제가 원체 체력이 하나도 없었는데(ㅠㅠ) 기초체력부터 천천히 키워나갈 수 있게 코칭해주시는게 너무 좋아요...💕 예전에 인대 다친적이 있어서 다칠까봐 걱정 많이 하는 편인데 아프지 않도록 자세 하나하나 잘 짚
어주시구요!! 만약 피티 받으실거면 요정쌤 꼬옥! 추천드립니다! 둔촌동역 근처라 접근성도 좋은데 내부 시설도 꽤 넓고 깔끔해서 다니는 내내 넘 좋아요! 배치된 기구들도 다양할 뿐만 아니라 런닝머신 같은 유산소 기구도 충분한 점도 정말 좋은 것 같아요! 처음 운동하시
는 분 동네주민분들에게 강추! 드리는 헬스장입니다😉","둔촌동이 직장이거나 둔촌동에 사는 데 운동을 시작하려한다면 여기로 가세요!! 역이랑 가까워서 위치도 좋고 무엇보다 트레이너 선생님들이 친절하고 자세도 꼼꼼히 알려주고 엄청 신나게 운동하는 분위기에요! 그리고 내 몸을 잘 몰라서 어떤 자세가 다치는 건지, 뭐가 잘못된 건지도 모르고 무작정 운동하다가 다치잖아요. 여기에서는 다칠 걱정 절대 할 필요가 없어요! 비나이더 요정쌤은 딱 잘못된 자세 잡아주고 다치지 않도록 자세 하나하나 숨쉬는 것까지 세세하고 친절하게 봐줘요! 그렇다고 피티를 살살해주시진 않아요... 진짜 쓴 돈이 아깝지 않게 그 이상으로 제 능력치를 끌어 올려주시니까 고맙기도 하고, 집에 갈 힘이 없어서 힐링존에서 좀 쉬어야 집에 갈 수 있긴 하지만 진짜 내 몸을 생각해주시는 쌤이 있어서 행복해용",요정샘이랑 상담할 때부터 친근하고 따수운 느낌이었는데 오늘 첫 수업 갔다오고 나서 운동 잘 다닐 수 있겠다는 자신감이 생겼어요! I라서 헬스장 갈때마다 어색하고 걱정이 앞섰는데 샘 덕분에 앞으로 운동에 재미붙일 수 있을 거 같아용😎😎 입문자라면 꼭 추천드립니당👍,"요정코치님이랑 하루하루 불태우는중입니다
자세도 잘 알려주시고 제가 원하는 부위를 집중적으로 공략해주세요ㅎㅎㅎ 
관리 필요할때마다 이제 요정 코치님 찾아갈라구요🫶🏻",수업이 너무 재미있고 자세를 정확하게 알려주세요!! ~~~🫶🏻🫶🏻🫶🏻🫶🏻🫶🏻🫶🏻 쌤들이 멋지고 이뻐서 운동할맛 완전 납니다요 !!!♥️ 쌤 최고,"저는 요정🧚‍♀️선생님에게 피티를 받고 있는 회원입니다! 제가 운동을 쉰지 너무 오래 되어서 걱정이 많았지만 어떻게 해야하는지부터 차근차근 다시 설명해주시고, 저의 몸 상태가 어떠한지 매일매일 세세하게 체크해주시고 운동을 알려주시는 부분이 너무 좋았습니다효오오 
🫶 또 지하에 헬스장이 있다고 해서 공기가 좋지 않으면 어쩌지 라는 생각을 하시는 분들이 많을텐데 지하라고 해서 공기가 탁하거나 먼지가 많다는 것은 잘 못 느꼈고, 트레이너 선생님들이 매일 깨끗이 청소 하시고 환기를 시키시는 덕분에 매일매일 쾌적하고 기분 좋게 
운동을 할 수 있다는 점이 너무 좋은 것 같습니다 !! 다들 비나이더 하세요오 💪",,,
11,상담해주시는분이 친절하십니다 기구가너무좋은데 가격도 합리적이네요,기구도 다양하고 주기적으로 다른 기구로 교체되는게 제스트짐의 장점인것같아요! 피티쌤들도 친절하시고 좋아용~ 강남 유명짐들보다 여기가 더 좋다고 생각합니다😀,동네 헬스장 중에서 가장 시설 좋아서 등록했습니다~,"이사하고 수개월동안 근거리에 제스트짐이 있는지 몰랐습니다. 주변 헬스장 검색을 통해 알게되었고, 사실 리뷰를 그닥 찾지 못해 관련한 정보가 많지 않았습니다. 헬스장 내 기구가 많다는 정보가 다수였는데, 기구의 종류와 수를 보니 헬스장 운영에 어느정도 열정이 있으신지 가늠이 되었습니다.
방문 후 여기다싶어 바로 등록하고 오늘 첫 운동일입니다. 기대가 되네요~ PT수업도 관심있습니다. 운동 시작했으니, 상태 봐가면서 상담 요청드리겠습니다.",최실장님이 설명을 잘해주세요. 1년 계약하려고 했는데 초보자는 단기로 하는게 더 좋다고 하셔서 5개월x2명 끊었어요. 꾸준히 운동하고 싶어요,2년만에재방문했는데 너무 좋습니다,"제스트짐 등록완료^^ 
이제 건강하게 운동하자! 나도 오운완 남길수 있는 사람이 되길 ㅋㅋ",친절하시구 시설이 깔끔해서 재등록했습니다~,모든 기구가 해외유명한 머신이며 시설도 넓고 너무 깨끗하고 카운터에 계신분도 항상 친절하세여 ~,다양한 운동기구와 시설이 깨끗해서 좋아요
12,,,,,,,,,,
13,한번씩 방문하기 좋더라구여 ㅎㅎ,좋아,친절하세요,굿,좋아요,,,,,
14,친절하시고 6개월등록햇어요,1달 6개월 1년 프로모션잇고 근력 위주의 순환운동,조아요,조아요,조아요,여성전용좋아요,조아요,좋아요,친절하시고~ 확실히 운동 효과 좋아요~,좋아요
15,"내부시설 및 기구가 깔끔합니다. 
선생님들께서 열심히 하나하나 알려주셔서 좋습니다.^^",좋아요,"둔촌클럽 코치님들 잘봐주시고 기구 외에도 다양하게 가르쳐주세요.
짱입니다",친절하게 잘 알려주시네요,좋아요,,,,,
16,24시간 운영이어서 이용하기 편리하고 깔끔한 편입니다 pt수업중인데 친절하시고 도움이 많이 됩니다 :),트레이너님께서 친절하고 체계적으로 관리해주시니 건강해지는 느낌~~최고에용^^,분위기도 좋고 운동하기 너무 편리해요 !!,"현지쌤 친절하시고 자세 잘 봐주셔서 좋아요. 다이어트용으로 PT 받고 있는데 작심삼일인 제가 동기부여할 수 있게 식단, 공복체중 등 잘 도와주셔서 감사해요.",진짜 좋아요~ 직원들도 다 친절해요,상담도 세심하게 해주시고 헬스장도 넓고~ 무엇보다 gx실같은 공간이 있어서 몸 풀기도 좋아요,날이 더워서 차 끌고 다니는데 주차 되서 무지 편함,넓고 기구도 다양해서 좋긴한데 사람은 더 많아요..,최근에 리모델링하고 깔끔하고 기구도 더 다양해져서 운동하기 지루하지 않아요! 인큐베이터 헬린이인데 상혁쌤이 자세를 꼼꼼히 봐주시고 운동도 빡시게 시켜주셔서^^* 유치원 헬린이 될거같아요! 👍 득근득근💪 카인드짐 강일점 PT 꼭 해보세요!,스트레칭같은거 할떄 쥐엑스룸가면 되니까 디게편해여
17,업투휘트니스 여기 시설이 정말 깔끔하고 직원분들이 설명도 친절하고 자세하게 해주셔서 정말 좋아어요!! 그리고 운동기구들도 깨끗하고 다양하고 좋은것들을 써서 운동할 맛이 나요!!! 에어컨하고 음악도 빵빵하게 틀어줘서 운동할때 심심하지도 않습니다. 또 운동후 땀났을 때 샤워할 수 있는 시설도 너무 깨끗하고 좋아요!! 다음에 ㄸㅎ 재방문하고 싶어요!!,선생님이 식단도 관리 해주시고 자세도 너무 잘 잡아주시고ㅠㅠㅠㅠㅠ 매일 매일 개인운동 했는지 확인두 해주시고 운동 할 때도 재밌는 얘기두 해주시고 해서 헬스 다닐 맛이 납니다… 내 미래 헬스 중독 예약…쌤 보러 헬스 올 것 같은…쌤 사랑….💜,"생애 첫 PT를 민정쌤에게 받았구,, 오늘로 딱 24회차였어요! 헬토콘드리아였던 저를 헬생아까지 업글시켜준 민정쌤,, 운동하는 내내 지치지 않게 너무 웃기게 해줬던 당신,,, (지금 생각하니 웃으면서 복근운동까지 되게 해주려는 그녀의 큰그림은 아니었을지,,,,
(아님)) 쌤 덕에 헬스장에 오는 게 힘들지 않았구 오늘은 또 무슨 얘기하면서 재밌게 운동할까 설렜으요..♡ 마치 라잌 칭구랑 운동하는 넉낌,, 갑자기 생일선물이라며 스트랩(이라고 쓰고 족쇄라고 읽는)까지 선물해주시구,,, 진짜 낸 돈이 아깝지 않게 가르쳐주시는 짱
짱걸!!!! 그대와 하는 운동이 행복했어요..☆ PT를 고민하고 계신 분들께 (특히 동년배의 여성분들..^^) 민정쌤을 강추합니닷..!","지난 번 이용이 만족스러워서 주말에 또 왔어요~
오늘은 사람도 적당해서 좋네요.","기구도 많고 넓어서 좋아요
주차공간도 있어서 차 타고 오기 좋네요
운동 홧팅",시설이 넓어서 너무 좋아요 !! ! 특히 깨끗해서 더 더욱 좋았고요☺️ 그래서 그런지 ! 운동하는 맛이 납니다 😎👍,"시설이 좋고 운동하기 딱 좋네요 !
운동기구도 많아 다양한 부위를 먹을 수 있어요.","친절하고 깔끔하며 시설이 너무 좋아요
기구들도 많고 회원들도 많아서
운동할 맛이 나네요",헬스장은 집앞에서 신호등 건너지 않는 가까운 곳으로 해야한다는 말을 주워듣고 집 주변에서 가장 가까운 헬스장으로 왔는데 생각보다 너무 좋네요:) 이미 다니고 있던 친구도 너무 좋다고 하고. 헬린이도 헬창도 너무너무 사용하기 좋은 시설이네여. 특히 건식 반식욕기 최고네요… 매일 오고싶어요!!,집이랑 가까워서 왔는데 리모델링 해서 그런지 시설이 너무 깨끗하고 직원분들도 너무 친절하세요! 앞으로도 자주 방문 할 것 같아요!
18,굿,,,,,,,,,
19,깔끔해요,굳,,,,,,,,
20,조아요,몇년째 애용중입니다 좋아요 좋아요 추천합니다,삼선짬뽕 맛있어요♡,,,,,,,
21,"직장 근처에 헬스장을 찾다가 발견한 곳! 생긴지 얼마 안되서 시설도 너무 깔끔하고, 러닝머신도 엄청 많고 좋아요! 러닝머신에 각도조절 하는거 막아놓은 헬스장 많은데 여긴 각도조절 가능하고 유산소하기 너무 좋습니다! 운동기구들도 엄청 좋은 브랜드인것 같아요! 운동
이 잘 되서 무슨 브랜드인지 찾아봤더니 뉴텍이라는 상표인데… 엄청 좋은 거더라구요! 근처에 이런 헬스장이 있다니… 박수!!!! 아직 PT는 안받아봤는데… 여기 트레이너선생님들이 키도 엄청 크고 몸도 좋고… 마스크 쓰고 있는데도 뿜어져나오는 훈남기운
~~~ 😊 자꾸 돌아보게 되는 비쥬얼이네요. 😅 곧 PT도 받아보려고 계획중입니다 ㅎㅎㅎ 강추해요! 피트니스클래식!","일단 헬스장이 깔끔하고 시설이 좋아용~~~
여자 피티샘이 계셔서 피티받았는데 동성이다보니 제 몸에 대해 잘 파악해주시고 상담도 친절하게 해주십니당ㅎㅎ체형이 상하체가 불균형이라 살빼기가 쉽지않은 몸인데 세심하게 맞춰서 잘 관리해주셨어요 ㅎㅎ
운동하는 한시간동안 알차고 꽉꽉차게 운동시켜주셔서 많이 배워갑니당!!!운동하는 시간이 즐거워요!!!😍",처음에는 다이어트 겸 체력증진을 위해 pt를 시작하게 됐습니다! 집 근처라서 가봤는데 시설도 너무 깔끔하고 선생님들도 다 친절하셔서 망설임없이 피티 받기로 결정했어요ㅎㅎ 예닮쌤에게 받기 시작했는데 수업시간에 자세도 자세히 알려주시고 궁금한 점도 정성껏 답해주셔서 너무너무 만족하면서 다니고 있습니다☺️ 개인운동이랑 식단도 꼼꼼하게 체크해주셔서 너무 좋았습니다!,"시설 다양하고 넓고 쾌적합니다. 머신들이 뉴텍인데
이런곳 흔치 않죠. 기구맛집 인정합니다. ^^ 늘 헬스장 가는게 즐겁습니다 ㅎㅎ","관장님께 직접 단기간 PT받았습니다. 오늘 마무리하며 리뷰남기네요. 저는 매번 PT를 출근 전에 받느라 오전 6시에 받았는데 새벽마다 피곤한 기색 없이 항상 친절하게 진행해주셨습니다. 세세한 PT지도는 물론이고 개인적인 식단, 운동에 관련한 정보도 꼼
꼼하게 주셔서 흠잡을 데 하나 없는 시간이었습니다. 설비도 모두 신형이라 쾌적한 환경이었습니다. 하나 곁들이자면 관장님께서 성품이 너무 좋으십니다. 영업(?)하려는 분위기 같은 것을 느낄 수 없었구요. 매사 진정성이 많이 느껴졌습니다. 늘 무탈히 잘 되시기를 개인
적으로 응원하겠습니다. 육아의 시간이 얼추 지나가면 다시 뵙겠습니다.","김지모 선생님한테 배우고있습니다! 운동 처음 배워보는데 수업도 알차고 초보자가 알아듣기 쉽고 이해할수있게 설명해주십니다. 부족한 부분은 무엇인지 어떤 근육을 어떻게 사용해야 하는지 자세지도와 식단, 운동 루틴까지 정해주셔서 너무 좋고 잘 가르쳐 주셔서 운동에 재
미를 느끼고있습니다!","피티20회를 하고 다시 재등록하면서 중간 후기를 남겨봅니다. 저는 다이어트를 목적으로 운동을 시작하게 되어예닮쌤께 상담을 받게 되었습니다. 초반부터 저의 목표에 맞게 식단, 운동 방향도 잘 잡아주시고 제가 잘지켜나가는지 매번 체크를 해주십니다. 다이어트를 하다
보면 풀어지기 마련인데, 쌤 덕분에 3개월이 지난 지금도 현재진행형으로 체중감량에 성공해가고 있습니다. 가장 중요한 운동을 가르쳐주실 땐 해부학적인 지식도 많으시고, 경험도 많으셔서 설명을 꼼꼼히 진짜 잘해주십니다. 매수업마다 새롭고 다양한 운동들도 많이 알려
주시고, 어려운 운동자세도 쉽게 설명을 해주십니다. 특히!! 특정 부위의 운동을 하고 나면, 다른 부분의 개입이나 아픔없이 운동이 잘되었음을 느끼는데, 진짜 뿌듯합니다!! 항상 감사해요♥","40회 pt등록하고 절반정도를 받아 온 시점에서 저만 알고있기 아쉬워서 후기를 남깁니다!! 평소 체력도 급격하게 떨어지고 몸도 이곳저곳 삐걱거리는 것을 고쳐보고자 등록하게 되었는데, 개인 컨디션에 맞춰서 몸을 정말 잘봐주십니다!! 눈에띄게 체력도 많이늘어나고 바디라인도 예뻐진것같아서 아주아주 뿌듯하고 꼼꼼하게 잘봐주시는 선생님에게 여러모로 감사드리고있습니다. 사실 난생처음 받아보는 PT라서 걱정도 좀있었는데 걱정이 무색할정도로 눈에띄게 몸이 좋아져서 고민할 시간에 진작와서 할껄 그랬다는 후회가 들정도입니다. 저뿐아니라 봐주시는 회원분들이 많을텐데 수업끝난후에도 그날 운동을 꼼꼼하게 체크해주시면서 앞으로 혼자서도 잘 운동할수있게 이끌어주는 pt의정석입니다. 근데 너무잘봐주셔서 혼자하기싫은게 함정ㅠ",예닮쌤에게 피티받고 후기남겨보아요! 운동을 정말 싫어하는 저로써 처음에는 너무 힘들었지만 점점 근육이 붙어가면서 운동에 흥미를 느끼게 되었고 자세도 쉽게 가르쳐 주시고 회원개개인에게 필요한 운동을 잘 캐치해서 꼼꼼하게 알려주십니다!!!❤️,"내돈내산 후기입니다 :)👍 처음 상담에서부터 PT수업은 물론 시설, 후기까지 너무 만족스러워서 후기 남깁니다. 생애 첫 PT라 지식도 없고, 운동베이스도 0에서 시작하다보니 걱정 반+두려움 반이었는데 이러한 점을 상담 때부터 캐치해주셔서 정말 친절하고 구
체적인 상담을 받을 수 있었습니다. 또한 수업 때는 제 몸상태에 맞게 시작하여 근육량과 체력이 늘 수 있도록 점차 운동부하를 늘린 단계적 커리큘럼과 정확한 자세지도, 영양소를 고려한 식단 덕분에 지침 없이 즐겁게 따라갈 수 있었습니다. 시작한지 한달 정도지만 벌써
 스스로가 체력이 늘었음을 체감하고, 살이 많아 콤플렉스였던 신체부위들이 날씬해지는 과정이 보이니 운동할 맛 납니다 😊👍 고민은 사치입니다 헬린이, 다이어터 여러분..당장 여기서 시작하세요!"
22,체력을 위해,sns에서 보고 갔습니다 트레이너분 경력은 좋아보이시는데 티칭 실력은 쏘쏘네요 ㅠ,,,,,,,,
23,아주 좋았습니다. 꾸준히 다니고 싶을 것 같아요.,"시설도 깔끔하고 선생님들도 친절하시고 때마다 다양한 프로그램으로 운동을 지루하지않게 할 수 있도록 도와주십니다^^
운동방법이나 기본적인 건강 및 체력관리까지 세심하고 꼼꼼히 신경써주셔서 좋습니다!",오늘 상담받고 가입했네요~ 설명도 잘해주시고좋네요. 열심히 하겠습니다,"점주님께서 친절하게 운동을 잘 가르쳐주세요
천호커브스 강력추천♡♡♡","이전부터 해볼까 말까 하고 망설이던 커브스였는데, 시작하고 나니 진작에 할껄 하고 생각했어요~ 예약제도 아니고, 원할 때 언제든 가서 1시간 이내로 서킷 및 스트레칭까지 할 수 있어서 시간 활용도 좋고, 가격도 합리적이고 효율적인 운동이에요. 게다가 집 근처라
서 가게 된 천호점은 왜 우수클럽으로 선정 되었는지 바로 느껴질만큼 센터 관리도 잘 되어 있고, 무엇보다도 세심하게 자세도 체크해주시고, 출석도 신경써주셔서 그 어떤 운동을 할 때보다도 지루하지 않게 꾸준히 잘 할 수 있어요~ 제가 다녀보고 괜찮아서, 엄마도 친구
도 다 데리고 잘 다니고 있어요~ 천호점은 천호역과도 가까워서 교통도 편리하고, 강동구에서 운동 할만한 곳 찾고 있다면 일단 무료체험 해보시고, 생각해보시기를 추천할께요~",장소가 좀 좁고 주차장도 좁고.. 신발장이 없어서 입구가 좀 복잡.부부가 운영하시는 데 친절하고 책임감 있게 잘 해주셔요,"새해 큰망먹고 왔습니다
운동 싫어 하시는 분들도 부담없이 하실수 있어서 좋습니다",언제 다시 가도 친절하시고 꼼꼼하신 코치님이 계셔서 알차게 운동할 수 있어요☺️,"선생님 자세 교정 기구사용법 
친철하게 설명해주셔서 삶의 질이 달라졌네요~^♡♡♡",운동및 식이를 잘 봐줘서 기분좋게 다이어트가 됩니다
24,,,,,,,,,,
25,"본격적인 운동은 처음이다시피한 부부이고, 커플 바디프로필 촬영을 목표로 인근의 거의 모든 PT샵을 알아보고 상담받고 비교한 끝에 다니게 된 곳입니다. 무조건 횟수를 채우고 무게만 늘리는 운동을 시키는 게 아니라 몸에 대한 정확한 이해를 바탕으로 제대로 된 자세로 하는 것을 정말 강조하시기 때문에 처음에는 이게 맞나 싶을 정도로 운동보다 스트레칭, 자세교정 비중이 높았는데 계속 하다보니 정말 그게 맞더라구요. 단기적으로 확 땡겨서 사진만 찍고 말 거라면 몰라도 장기적으로 지속 가능한 운동의 기초를 다지는 게 중요하다고 생각했기 때문에 여기서 운동하게 된 것이 정말 다행이었고 저희와 잘 맞았습니다. 그리고 목표로 했던 몸도 잘 만들어서 멋진 사진 찍을 수 있었습니다! 운동 제대로 하고 싶으시다면 등록 추천입니다","전체적인 몸의 좌우 불균형이 심해서 지인 추천으로 처음 방문했습니다! 무작정 동작하고 무게를 올리기보다는 운동전에 무너진 밸런스를 먼저 맞춰주시고 시작해서웨이트할때도 몸이 편안한 느낌이 들고 기능이 떨어지는 부분들을 많이 케어해주셔서 처음보다 좌우가 비슷해지
고있어서 넘 좋아요!!",거북목이랑 라운드 숄더가 심해서 교정 피티를 알아보다가 스타트라인을 방문했었습니다. 맨 처음 상담부터 꼼꼼하고 자세하게 알려주셔서 등록했고 PT를 시작하니 스트레칭부터 자세히 알려주시고 원리에 대해서 꼼꼼히 설명해주시더라구요. 항상 같은 방식으로 하는게 아니라 그 날마다 제 몸에 맞는 교정 방법을 알려주시고 그 후에 운동을 배웠는데 확실히 교정 후에 하니 운동도 빨리 배울 수 있었습니다. 한 번 할때마다 교정이 되는게 눈에 보이고 근육도 생각보다 붙어서 운동이 재밌어지더라구요. 사실 제가 부탁드리면서도 개강 전 한달 반이라는 짧은 기간에 15회 PT로 교정도 하고 운동 방법도 배우기는 힘들거라 생각했는데 쌤께서 가능하게 해주셨습니다. 덕분에 개강 후 어려움없이 학교 근처 헬스장에서 운동 중입니다. 감사해요!,"운동이 처음이고 체형교정과 다이어트가 시급했는데 잘 따라갈수있게 체계적으로 수업진행해주셨어여~ 인터넷으로 동네 피티 검색하다가 제일 집과 가까웠고 리뷰가 좋아서 등록했는데 잘한 선택이었던거 같아여 ^_^ 다른 핼스장 피티비용 생각하면 비용도 합리적이었고 조
용한 분위기라 편하게 개인운동하기에도 좋았습니당 확실히 운동진행할때마다 체형이 변하는게 보였고 그 재미로 더 열심히 했던거같아요 ㅎ 평상시에도 바른자세로 있으려고 노력하게되고 어디에ㅔ 자극을 줘야하는지 올바른 운동법도 알게 됬습니당 알려주신 것들 다 기억해서 
개인운동때도 열심히 복습한 다음에 건강하고 예쁜 몸 만들어보려구요!ㅎㅎ",운동을 제대로 다녀본건 처음이었는데 다니는동안 몸이 변하는걸 느껴서 신기해 하면서 재미있게 다녔습니다. 선생님도 열심히 가르쳐 주시고 좋았습니다.,"운동을 쉽게 가르쳐주십니다..
자세교정 및 체형변화에 많은 도움이 되었습니다.^^","태어나서 처음쓰는 리뷰입니다. 평생 피티 샵을 5-6곳을 돌아다니며 해봤는데 끈기가 없는 저에게는 아무 의미가 없었습니다. 매번 온몸이 안좋아 마사지를 받으러 다녔는데 스타트라인에 다니고 나서는 온몸이 편하고 몸 컨디션이 너무 좋습니다. 선생님! 늘 자주 빠지는
데도 잘챙겨주셔서 감사합니다. 상황에 맞춰서 몸 컨디션을 봐주셔서 건강하게 일해, 올해 일이 잘풀리나 봅니다. 지금 직원들이 다 같이 가자고 하네요. 스타트라인 흥했으면 좋겠습니다. 화이팅!!","저는 운동이라는 것과 담을 쌓고 살아온 사람이었는데요, 몸이 안좋아지는 걸 느끼면서도 운동에 흥미를 붙이기가 너무 어려웠어요. 그러다 여길 찾게되었고, 그 이후로 저는 정말 많이 달라졌습니다. 일반적인 피티 방식과는 다르지만, 본인만의 운동에 대한 가치관과 철학, 그리고 그에 대한 자신감이 뿜뿜하시는 쌤을 보고 저는 그런 모습이 좋았고, 신뢰가 가더라구요. 쌤의 수업방식은 제가 자연스럽게 운동으로 뿌듯함과 흥미를 느낄 수 있게 도와줬어요. 그렇게 선생님을 따라가다보니, 어느새 몸도 단단해지고 또 그동안 달고살았던 어깨, 목, 허리통증 등등 병원에 자주 갔고 많이 힘들었는데 요샌 병원 전혀..갈 필요도 없구 좋아요. 그래서 저처럼 운동에 흥미를 느끼기 어렵고, 운동이 어렵게 느껴지시는 분들께 추천하고 싶어요!","건강검진에서 근육량이 넘 없다해서 다니기 시작했어요 나름 운동을 하긴했는데 충격;; 그동안 꾸준히 한 운동도 많은데 몸은 큰 변화가 없어서 제대로 배워보자 싶어 생전 첨 PT를 알아보다 집 가까운데 평도 좋은 스타트라인이 있어 다니게 되었어요
전에는 몸 힘들게 운동 함 뿌듯함은 있었는데 크게 달라지는게 없어 재미가 없더라구여 근데 스타트라인을 다니고서는 운동은 크게 힘들지않은데 몸 달라지는게 느껴지니까 넘넘 잼나더라구여ㅎㅎ 수업받으면서 엥 벌써 끝났어 하면서 아쉬울때가 많아써요ㅋㅋ
평소에 어깨피고 다니라는 말을 자주 들었어도 특별히 아픈 곳은 없어서 불편함 없이 지냈는데 운동 다니고 나서는 몸이 알아서 펴져있어서 항상 개운해요 그래서글케 피곤했었나 싶기도 하고;;운동이 기다려지는 새로운 경험을 하게 됐어요ㅎ",관절의 가동범위의 정확한 진단을 통한 맞춤 수업이 인상적이었습니다 근골격 이해도가 상당히 높으셔서 운동을 통한 제 몸의 불균형을 치료하였습니다
26,"오윤철 쌤에게 회원권 이벤트로 O.T 2회 진행했습니다!! 저는 이벤트성이니까 대충하고 끝나겠구나 생각했는데.. 웬걸요.. 실제 PT 시간만큼 꽉꽉 채워서 알차게 해주시는 모습에 감사했습니다!! 시작 전 신체 밸런스 확인부터 몸 부위별 스트레칭 방법, 해부학적 신체구조 등 꼼꼼하게 해주셔서 넘나 감사합니다!! 그치만.. 너무 힘들어서 혼났습니다 ㅜ.ㅜ 역시 혼자 하는 것 보다는 전문 트레이너에게 배우며 같이하니 자극도 훨씬 좋았구요!! 운동 처음 시작하시는 분들은 PT 비싸다 생각마시고 배우며 하는 것을 꼭 추천드립니다!! 저 또한 회사 적응되면 시작하려구요 ㅎㅎ 시설도 많은 헬스장 다녀봤지만 제일 넓고 기구도 많고 좋습니다! 강추!!!!!^^",박효진트레이너님 ! 덕분에 운동이 재밌고 몸도 탄탄+건강해지는것같아요 ❤️ 휴가 다녀온다고 하니까 펌핑될수있게 하는 꿀팁들도 많이 알려주셨어요 ㅎㅎ 두번째 피티연장인데 너무 만족스럽습니다 감사합니다 쌤~!☺️,"박효진 트레이너님께 작년 11월부터 pt받고 있습니다. 운동 배워보려고 10회 끊었다가 너무 잘 가르쳐주셔서 세번이나 연장했습니다. 기구를 어떻게 쓰는지부터 해서 어디에 힘이 들어가야하고, 어떤 부분이 잘못 되었는지 꼼꼼하게 알려주십니다. 효진쌤 덕분에 운동
이 재밌어졌고, 몸도 확실히 좋아졌습니다. 헬스장에서 할 수 있는게 런닝 머신뿐이었는데, 효진쌤이랑 수업하면서 다양한 기구로 운동할 수 있게 되었습니다. 여러번 연장한만큼, 돈이 하~~나도 아깝지 않고 그만한 가치가 충분해서 주위에도 엄청 추천하구 있습니다. 항
상 넘 친절하게 알려주셔서 운동이 이렇게 재밌는건지 이제서야 알았네욤. 효진쌤 최고 👍❤️","오윤철 트레이너님께 ot받았습니다.
오버헤드 스쿼트 배우고 자세지도 및 관절 틀어짐도 봐주셔서 많은 도움이 되었어요. Pt도 등록해서 꾸준히 운동해보려고합니다,감사합니다.","위너바디에서 너무나 효과적인 PT를 받았습니다. PT를 받은지 한달 만에 7kg을 뺄 수 있게 도와주신 박효진 트레이너 님에게 감사 인사 드립니다. 박효진 트레이너 님은 제가 PT를 받기 전부터 제가 운동하는 모습을 봐주시며 여러 조언을 해주셨습니다. 
혼자 운동하는 저에게 여러가지 기구의 사용법과 운동 루틴 등 많은 조언을 해주시며 도움을 받았고 제가 PT를 받기 시작했을 땐 더 많은 관심과 조언을 주셨습니다. 저는 PT 10회로 예상했던 것보다 더 많이 몸무게를 줄일 수 있었고 다시 효진 트레이너 님께
 PT를 받기로 했습니다. 제게 많은 도움을 주신 박효진 트레이너 님에게 다시 한번 감사 드립니다.",박효진 트레이너님께 거의 1년째 pt받고있어요~ pt받기전까지 살에 강박이 심했는데 트레이너님과 운동하면서 전이랑은 다른 관점으로 제 몸을 바라볼 수 있게 된 것 같아요 ㅎㅎ 트레이너님이 무작정 살을 빼라고하지않고 더 건강해질 수 있는 방향으로 트레이닝을 해주셔서 너무 좋았어요!! 제 살을 무조건 깎아내려고하는것과 제 몸과 제가 한 팀이 돼서 무게를 드는 건 완전히 다른 경험이라는 걸 배웠던것같아요 박효진트레이너님을 첫 운동선생님으로 만나서 너무 다행이예요 ㅎㅎ 단순히 운동에 재미만 붙이는 게 아니라 저자신을 좀더 긍정적으로 바라볼 수 있게 되었어요~ 천호근처 사시는 분이면 무조건 박효진트레이너님을 추천하고싶습니당 그럼 제 피티예약이 어려워질까봐 조금 무섭긴한데 그래도 모두 제가 느낀것들을느껴보셨으면좋겠어요,효진쌤한테 OT로 오버헤드 스쿼트를 받고 체형적인 부분이랑 문제점을 잘 알려주셔서 PT등록하고 다시 재등록 할 예정이에요! 제 몸에 맞는 운동법도 잘 알려주시고 수업도 너무 재밌게 해주셔서 운동에 재미를 잘 붙이고 있습니다!! 효진쌤 짱짱!!,"박효진 트레이너님께 OT를 받고 바로 PT까지 등록했습니다!! 3년만에 운동을 다시 시작하려니 걱정 반 근심 반 혼자서 잘할 수 있을지도 걱정이였는데 첫 OT때 인바디체크부터 저에게 필요한 운동과 루틴을 알려주시고 운동별 자세를 직접 보여주시면서 자
세하면서도 이해하기 쉽도록 설명해주시면서 자세도 꼼꼼하게 봐주셨습니다!! PT가 끝나고 달라질 저의 모습이 기대됩니다!!","오세빈쌤께 PT 20회째 받고있슴돠 오랜 회사생활로 몸이 안좋아져서 여러운동을 많이 시도해봤지만,, ㅜㅜ건강이 좋아지진 않고 그냥 이것저것 많이 해본사람이였습니다...... 하지만 세빈쌤을 만나 운동을 시작한 후부터 운동능력도 많이 올라가고 건강을 찾고있습니
다!! 저의 약한부위를 정확하게 아시고 운동을 진행해주시다 보니 빠르게 좋아지는게 느껴지더라구요 운동을 하다가도 불편한 부분이나 힘든부분을 바로 아시고 저에게 맞는 자세로 바로 진행할수있게 코치해주셔서 그런지 운동효과가 아주 빵빵합니다! 요새는 운동하기 싫어서
 찡찡대는데도,,,멘탈까지 트레이닝해주시고 계시는 세빈쌤,,, ㅠ감사합니다ㅠㅠ꾸준히 운동해서 건강하고 싶게 만드는 세빈쌤 최고입니다~!!★","!!!정다혜 선생님!!한테 PT수업을 16회 받았습니다. 처음 받아본 PT라서 걱정이 많았지만 쌤과 수업을 하면서 싹 사라졌습니다ㅎㅎ항상 밝은 에너지로 수업을 진행해주셔서 너무 즐거웠습니다:-) 맞춤형 PT수업으로 다이어트와 자세교정에 큰 도움이 되었습
니다. 자세하고 쉬운 설명으로 운동에 대한 이해가 쉬웠습니다. 특히 근력 운동에 어려움을 느꼈는데 저에게 적합한 다양한 방법 알려주셔서 좋았습니다. 운동마다 자극점을 알려주셔서 개인 운동에 큰 도움이 되었습니다. 항상 수업에 진심으로 대해주셨고,,,,,,선생님 근
육이 정말 멋있습니다 ㅎㅎㅎ 단발성으로 끝나는 운동이 아닌 지속적인 운동 방법 지도로 혼자서도 운동하는 방법을 배울 수 있었습니다. 만족스러운 수업으로 친구들에게 추천하고 있습니다!!!!!!!!"
27,,,,,,,,,,
28,"3년째 다니고 있는 헬소년입니다. 운동에 없던 흥미도 찾아주시고, 느리지만 꾸준히 줄어드는 체지방률에 재미를 붙이다보니 피티샵 다니게 이제는 생활이 되었네요. 피티쌤이 정말 재밌고 위트있고 그냥 생기셨는데 정말 추천합니다.","재능기부 하시는게 아닐까 생각이 들 만큼 수업료도 저렴하고 체계적이며 정말 잘 가르쳐주십니다ㅎㅎ 많은 회원들을 케어해본 경험이 있으신 분이셔서 그런지, 저같은 일반인의 패턴을 다 파악하고 계신 것 같아요ㅋㅋㅋ 어떤 운동을 하면 언제까지 얼마나 아플지 몸의 회복력
까지 다 꿰고계신 것 같습니다. 처음에는 너무 살살 하시는게 아닌가 하는 생각이 들었는데, 운동을 제대로 하면 하라는 대로만 해도 근육통이 제대로 온다는 것을 깨달았습니다^^ 근처 체인형 헬스장에서 PT 끊었다가 관리도 제대로 못받고 비싼돈 날렸던 경험이 있었
는데, 여기는 진짜 운동을 배우는 느낌이라 매 수업이 만족스러워요. 수업자리가 없어서 문제지만, 웬만한 헬스장에서 피티받는거 보다는 훨씬 만족스러우실거라고 장담합니다^^👍🏻","1:1 PT인데도 저렴하고 자세를 잘 봐주셔서 좋아요
첫 PT를 이 곳에서 받게 돼서 너무 다행인 것 같아요!
매번 다양한 운동을 하는 것도 좋습니다:)","혼자 운동하기 힘들어하는데, 옆에서 재밋게 알려주시니~~ 계속 연장하면서 운동하게 되네용💪🏻😛 자세도 잘 잡아주시고 쌤이 너모 친절하세요..진짜! 가격도 합리적이니 계속 계속 다니면서 건강해지겠슴당~~!",친절하시고 체계적으로 봐주세요~ 가격도 다른 피티샵보다 합리적이어서 좋았어요 ㅎㅎ 출산하고 살 많이 쪄서 왔는데 잘 도와주셔서 너무 좋았어요 강추합니다^^)//,"처음에는 가격이 너무 싸서 잘 알려줄까 살짝 의문이였는데 전혀 아니였어요! 체력이나 근육이런 것들은 전혀 없는 체형이고 처음에는 무게 가장 가벼운것도 들기 버거워서 쌤한테 이게 맞냐고 계속 물었는데 20회까지 한 지금은 근력량도 늘고 무게도 어느정도는 들 수 있
게됐어요..! 자세도 여태 근력운동은 해본적이 없어서 많이 틀렸는데 자세 틀릴때마다 다시 잘 알려주시고 저 스스로도 자세 잘 못해서 짜증날때 많았는데 항상 웃으시면서 짜증 안 내시고 잘한다 잘한다 해주셨던 트레이너쌤 감사해요! 지금은 개인적인 사정때문에 몇개월
 쉬지만 삼사개월뒤에 다시 다닐거에요..! 그때 다시 뵈어요ㅠㅠㅠㅠ","꼼꼼하게 자세도 잘 봐주세요~ 
가까운 곳에 차바디 팩토리가 있어서 너무 좋습니다!","10회 피티 받았어요! 항상 운동하러 갈 때마다 트레이너 세분께서 반갑게 인사해주셨고 담당 트레이너분께서 웃는 얼굴로 오늘 컨디션 어떤지 여쭤봐주시고 같이 스트레칭하면서 오늘은 어떤 운동할건지 자세히 설명해주셔서 좋았어요 또 궁금한 것이 있으면 언제든 친절하
게 알려주셨고 수업 받다가 힘들어해도 할 수 있다고 옆에서 응원해주셔서 더 힘내서 운동할 수 있었어요 피티를 받기 전에는 몸의 변화에 대해 큰 기대는 하지 않았지만 알려주신 운동을 집에서도 하고 식단도 함께 하니까 체지방은 감소하고 근육량은 유지돼서 생각했던 것 
이상으로 몸이 변해서 놀랐어요 무엇보다 합리적인 가격에 퀄리티 높은 수업을 받아서 좋았고 주변지인들에게 추천해줄만큼 피티를 받으면서 만족도가 높았어요 담당 트레이너님 감사합니다 :)","회원 몸 상태에 맞춰서 운동을 잘 알려주세요! 무릎이 아플 때 하는 운동+스트레칭 잘 알려주시고 집에 가서 혼자도 할 수 있도록 도와주셔서 좋았어요☺️ 유산소 끝판왕 로잉머신이 있어서 살 빼기 아주 좋습니다👍 강추 강추 유산소+근력 운동으로 체지방 감량+근육
 증가 성공!",웨이트 트레이닝은 거의 처음인데 차근차근 잘 알려주셔서 근육량도 늘었고 운동방법도 많이 배웠어요! 감사합니다!
29,"현아쌤한테 피티 받고있는 회원입니당~~~~~~~~피티쌤….MBTI는요..ESTJ…엄격한 관리자…^^듣자 마자 등록했습니다 ^^ 우선 전 피티샵에서 피티를 받았던 경험이 있는데용 시간도 안맞고..운동에 재미를 못느낀채로 피티가 끝났었어요 근데 현아쌤을 만나고 나서 운동이 너무 재밌어졌어요ㅎ 🤸🏻‍♂️우선 시간대 폭이 넓어서 오전 오후 다 스케줄 조정이 가능한게 최고의 장점이구여 자꾸 잘한다 잘한다 칭찬해주니까.,,신나서 자꾸 무게 올려도 입다물고 운동하게되고..,.^^재밌고 그래요.ㅎ 그리고.!.!.!.! 저렇게 하나하나 당일에 했던 운동을 쓰면서 정리해주니까 혼자서 복습하면서 더 운동에 재미를 가지고 개인운동도 더 나가게 된답니다 ㅎ글고 자세. 진짜 잘봐줘여 최고 계속 재등록 하는 이유가 있는 혀나쌤❤",코로나로 확찐자 되어버린 40대 중반이에요. 원래 운동을 좋아하는데 pt는 처음이에요. 적당히 몇회만 받고 혼자 운동해야지 했는데 예빈쌤과 운동하다보니 욕심이 생기네요. 어떻게 자세를 잡아야하는지 잘 알려주셔서 왜 pt들을 받나 알겠더라구요. 그날 그날 컨디션에 따라 조절해서 수업 진행도 해주세요. 3월부터 시작했는데 지금 4키로 빠졌어요. 건강하게 다이어트하네요. 코로나 전 GX 수업만 했었는데 pt받으면서 기구들도 보게되었는데 신세계네요. 3층 기구들도 다양하더라구요. 암튼 쌤들도 다 친절하시고 인포에 계신 분들도 친절하세요.,"상욱쌤한테 피티받은 후기!! 하체변태 상욱쌤 운동은 약간 빡쎈?감은 있지만 결과가 확실해서 정말 만족했어요 살면서 언제 바디프로필을 찍어보겠어 20대때 해봐야지 라는 생각으로 상담을 받았는데 너무 구체적으로 설명도 잘해주시고 몸도 좋아지고 운동 수행능력까지 
정말 좋아졌습니다 식단이 힘들때는 더 먹을 수 있게 식단도 체계적으로 짜주셔서 배고픔 없이 운동할 수 있었습니다(대신 운동량이 배로 늘었...) 누군가 다시 운동을 배우라고 하면 생각할 것도 없이 저는 상욱쌤 다시 찾아갈거에요 ! 👍","혀나쌤에에 무려 이년동안 벗어나지못하는 회원1입니댜.. ㅎ 저는 목표의식도 없고 게으른 한국여자1인데.. 혀나쌤을만나서 몸도개조되었고 마음도 건강해졌습니당 ㅎㅎ 인생에바디프로필도 찍어봤고 혀나쌤과 함께 운동하면서 몸도 멘탈도 튼튼해진 느낌입니다! 간호사인 
저보다 신체적으로 더 공부하시고 노력하시는모습이 느껴지고 근력, 다이어트, 바프준비뿐만아니라 제 컨디션과 몸상태를 항상 확인하시고 그날그날마다 다른 플랜을 바로바로 짜주시고 심지어 제가 다리를 다친적이 있었는데 재활까지 신경써주시는 쌤.. 감동이고 쵝오에요 직업
정신 그 자체인 쌤입니다. (그리고 개 재 밌 음) 다이어트, 재활, 바프, 근성장(예쁘고웃긴친구) 까지 멀티로 되는 트레이너선생님 ㅠ 카드들고또갈것같은선생님 ㅠㅠ","윤상욱 선생님께 피티 잘 받고 있습니다! 몰랐던 허리 코어 잡는 법을 알게되었고 덕분에 스쿼트,데드,벤치 자세를 교정하여 허리통증 잡는 법을 배우게되었습니다! 약한부위에 맞춰서 단계적으로 운동법을 알려주셔서 습득하기가 좋았습니다. 강한 체구에서 오는 힘이 넘치시
고 친절하셔서 제대로 웨이트 배우시려는 분들 성욱쌤께 배워보시라고 추천드립니다!","올해 초 처음 만난 현아쌤과 열심히 준비한 바프 후기~ 지금까지 다른 헬스장에서 pt권유는 많이 받아봤지만 한번도 시도해 본적 없었는데 현아쌤과의 첫OT에서 쌤한테 받아보고 싶다는 마음이 생겨버렸다.. 과정이 너무 만족스럽고 결과 또한 잘 나와서 좋았다 3
층이나 되고 시설도 좋아보여서 길동점으로 찾아온거였는데 완전 만족💙 항상 헬스장만 오면 뭐할지 고민하고 눈치보던 내가 스스로 운동하고 기구를 다룰줄 알게 된게 신기하고 ㅋㅋㅋ뿌듯하당!! 이곳은 찐..☆","혼자하면 힘든 다이어트를 성공한 곳입니다. 저 사진찍고 10kg이상 더 뺐습니다. 스포애니 길동점 총괄팀장 황선주 쌤과 같이해서 성공할 수 있었습니다! 연중무휴여서 시간날때마다 운동할 수 있었고, 공간이 넓어서 사람들과 거리를 두면서 운동할 수 있습니다. 무엇
보다 능력있는 트레이너 쌤들이 계시니 운동을 하고 싶은데 어떻게 해야할지 모르시는 분들이면 방문해보셔도 좋을 것 같습니다!",처음으로 pt를 시작했는데 제가 그 전에 허리와 팔꿈치를 다쳐서 조심스러웠는데 자세를 잘 잡아주시고 제가 어디가 잘못돼서 아픈지 잘 캐치 해주셔서 아픈 부분이 많이 개선된게 느껴져서 굉장히 만족스럽네요,"혀나쌤과 바프 후기!!!!!!!!!! 쌤과 만나서 5년 혹은 10년 돌아갈 길을 한번에 간 것 같다 그만큼 나한텐 행운같은 선생님 물음표가 많은 사람인데도 수업할 땐 한번의 물음표도 남기고 집에 간적이 없다🏋🏻‍♀️ 스스로 운동 할 수 있도록 만들어준다는 선생님은
 많았지만 정말 자발적으로 운동하게된건 처음이고, 내가 정말 많이 듣고 혹했던 말들 다 필요없고 결과로 보여지는것같다 💕 꼼꼼하고 철저한 쌤 찾으신다면 완전 추천😇 시설도 깨끗하고 기구도 많아요!!","제가 처음에는 '트레이너 쌤에게 pt를 받으면서 운동을 해야해'라 생각했지만 무료pt를 받아보고서는 잘못생각했다는걸 알게되었습니다 손진우 쌤이 운동방법과 자세, 식단까지 하나하나 자세히 가르쳐주셨고, 운동할때는 옆에서 '할수있다 할수있다'하면서 응원도 해주시니 
결국 해내게 됩니다 운동자세 교정을 봐주시는건 두말하면 잔소리구요, 개인운동을 할때에 어떻게 운동을 해야하는지 루틴도 자세하게 알려주셔서 막막햇던 개인운동이 정해진 루틴에 맞춰서 할수있는 운동시간으로 바뀌었네요 웃는 얼굴로 고되게 잘 가르쳐주시는 손진우쌤 감사
합니다!"
30,"시설도 깔끔, 쾌적하고, 1인 파우더룸,샤워실 진짜 최고❤️ 샤워실 안에 기본 어메니티도 잘 구비돼있어서 직장인인 저에게는 너무 편했어요!!! 저를 담당해주신 박대운쌤 고생 많으셨습니당!!! 저에게 맞는 페이스로 잘 조절해주시고, 잘 이끌어주셔서 4개월동안 무리없
이 -10kg달성 했어요🌝 회사 이사로 인해서 더 길게 못하는게 아쉬울뿐!!","👍🏻꼼꼼한 코칭과 몸 컨디션에 맞추어 진행되는 수업 👍🏻
항상 쉽고 재미있게 알려주셔서 수업이 넘 재밌었어요! 시설도 깔끔하고 잘 정리되어있어서 추천드립니다:)
혼자서 할 수 있는 운동도 꼼꼼히 알려주시고 포기하지 않게 계속 옆에서 팟팅해주시던 성환쌤 감사합니다👍🏻","직업상 늘 앉아서 일하기때문에 허리와 등이 굽었으며, 살도 엄청 많이 찐 상태에서 운동과… 다이어트를 혼자 하려하니..매번 실패.. 그리고 건강관리도 안됐고, 매번 요요로 스트레스를 받았습니다. 그러다가 펄스짐 김경민선생님을 만나 현재 딱 반 정도! pt를 받
았는데!!! 눈에 띄게 살도 많이 빠지고 자세도 조금씩 달라지고 개선이 되고 있어요! 주변 지인들에게 살 많이 빠졌다는소리를 요즘 매일매일 듣구있습니다!^3^ 앞으로 남은 pt도 계속 변화되는 몸 , 건강관리도 같이 되니까 꾸준히 김경민쌤에게 pt받으면서 관
리열심히해야겠어요!! 기회가 되면 바프도 도전해보고싶어요!^^* 더 화이팅하도록 하겠습니당! 펄스짐최고최고!!!","춤 이외의 운동에는 관심도 없었지만 직장인이 되고나서 잦은 편두통과 약해진 체력으로 뭐라도 해야될거 같아 펄스짐 PT를 등록 했어요 그리고 한수용선생님을 배정받았어요 처음부터 칭찬을 아끼지 않으셨고, 그래서인지 회차가 지날수록 운동에 대한 관심,흥미가 생기
고, 즐겁다 라는 생각을 하게 되었어요 어려운 동작에 스트레스 받았는데 한수용 선생님께서 직장생활에서도 충분히 스트레스 받으니 운동에서는 스트레스 받지 말라고 하시면서 다른 운동을 가르쳐 주셨어요 근육이 어떻게 쓰이고, 신체에 대해 자세히 설명해주셔서 배우는걸 
좋아하는 저로서 '이것이 운동이다'라고 깨닫게 해주셔서 감사했어요 한수용 선생님 덕분에 운동이 재미있다, 무서운게 아니다, 건강해질 수 있다. 라는걸 느끼는 PT30회였어요 💚케틀벨💚","지난 6개월간 지응쌤과 함께 운동했는데 정말 값진 시간이었습니다😆💕💕 정말 몸에 근육 하나도 없고 몸치에 체력도 저질에다가 끈기도 없었던 제가그나마 이정도로 성장할 수 있었던건 친절한 지응쌤덕분이었어요🥲ㅎㅎㅎ 아직 운동을 능숙하게 잘 하진 못하지만 28년간 운동과 담 쌓고 지냈던 제가 운동에 재미를 붙인건만 해도 정말 기적이라고 생각해요ㅋㅋㅋㅋ 또 다시 운동을 배운다면 꼭 여기서 다시 배워보고 싶어요!>< 
지응쌤! 그동안 정말로 감사했고 수고 많으셨습니다~😆건강하시고 행복한 일 가득하길 바래용!.!","펄스짐에서 주영 선생님과 함께한 PT 후기☘️ PT가 처음인 제게 차근차근 안전하게 운동할 수 있는 방법을 제 눈높이에서 알려주셔서 지금까지 잘 따라올 수 있었어요. 운동에 사용되는 근육, 운동의 원리, 긍정적인 효과까지 선생님의 전문적인 지식과 노하우로 알
려주셔서 더 더 신뢰가 가고 운동에 흥미를 갖고 재미있게 하고 있어요😆 무엇보다 혼자서도 운동을 할 수 있도록 도와주셔요😊 또 제가 취약한 부분, 그리고 늘 제 컨디션에 따라 수업을 이끌어주셔서 PT를 하기 전보다 지금 더 건강해졌음을, 저의 몸의 변화를 확실
히 느끼고 있어요! 주영 선생님과 함께 운동하면서 ‘personal training은 이런거나’ 느낄 수 있었습니다😊 선생님 덕분에 건강해질 수 있었어요~ 감사합니다 선생님🎈","펄스짐에서 운동한 지 벌써 일년 가까이 되었네요 그만큼 시간가는 줄 모르고 운동 배운 거 같습니다~.~ 긴 시간동안 다닐 수 있었던 건 그만큼 만족도가 높다는 거겠죠ㅎ 8kg 케틀벨도 무거워서 못들던 제가 이제는 12,16kg도 들고 스윙은 24kg까지...! 빈봉 스쿼트, 데드도 힘들어하던 제가 이제는 나홀로 무게욕심을 낼만큼 많이 성장한 거 같아 뿌듯합니닿 그동안 옆에서 같이 응원해주고 세심하게 코치해주신 성진샘께 감사드려용! 덕분에 운동이 재밌어지고 조금씩 목표도 생기고 잘하고픈 욕심도 생겼네요(+정신무장까지 시켜주는 진정한 트레이너...!) 비록 개인사정으로 펄스짐을 떠나지만 담에 다시 펄스짐으로 돌아오고싶네요 저를 더 강!하!게 만들어준 펄스짐 번창하세요~~~~~","찬희쌤과의 PT 30회가 끝나고 만족스러워서 30회 또 등록했어용!!😳 처음엔 기초체력 늘리면서 다이어트를 목적으로 시작한 운동이었는데 식단조절을 엄청 열심히 하진 않았지만 체지방은 줄고 근육량이 늘면서 고질병이었던 허리통증도 사라져서 신기하고 넘나 만족
만족^^..😊 매 수업시간마다 컨디션 확인해주시면서 운동 난이도를 조절해주시니깐 무리하지 않게 운동할수있고 부족한 부분을 채워주시려고 노력하시는 찬희쌤👍 무엇보다 세심하고 꼼꼼하게 자세를 봐주셔서 운동을 올바른 자세로 하고있단 생각이 들었습니다👏👏 남은기간은
 식단조절+개인운동도 겸해서 더 열심히 운동할게요😆잘부탁드려요~~😆","다이어트와 운동 자세에 대해서 배우려는 목적으로 펄스짐을 등록했습니다. 솔직히 지금까지 운동을 하는 것을 좋아하지 않았는데 펄스짐에서 한수용 선생님에게 수업시간에는 선생님이 운동 방법이나 운동하는 습관 등에 대해서 자세하고 흥미를 가질 수 있게 알려 주셨고, 
수업이 아닐 때 가서 운동방법에 질문을 드려도 친절하게 알려주십니다. 마지막으로 pt가 끝났을 때에는 어떻게 운동하면 좋을지에 대해서도 알려주십니다. 운동을 처음 시작하신다면 펄스짐을 추천드립니다.",벌써 일년이 되었네요! 처음에 30회만 해보자 하고 등록하고 지응쌤을 만나게 되었어요. 기초부터 차근차근 흥미를 잃지않게 가르쳐주셔서 운동은 처음임에도 포기하지않고 30회를 끝내게 되었어요. 그리고 더 배우고 싶은 마음에 30회를 추가 등록했죠 다녀보면 왜 추가등록을 하는지 알게 될 거예요 운동에 흥미를 붙여주시거든요! 비록 피티는 끝났지만 지응쌤에게 배운걸 토대로 꾸준히 운동 이어 나가겠습니다. 기초부터 탄탄히 배우고 싶으신분들 지응쌤 강력추천해요. 1년간 감사했습니다👍👍
31,,,,,,,,,,
32,"무인 운영지점이고 라커가 없고 옷,수건 제공이 안되요. 그래도 저렴한 가격에 이용 가능해서 좋아요~ 기구,시설은 좋습니다.",굿,좋아요,기대되네요,굿,좋아요,음..,굿,괜찮네욤!,트레이너들도 회원들 관리보다 PT만 위주로 합니다
33,,,,,,,,,,
34,,,,,,,,,,
35,,,,,,,,,,
36,"친절한 관리속에 엄청난 변화가 있었습니다
운동 기록을 적으면서 몸이 만들어지는 모습이 너무 좋아서 6월에 바디프로필 준비중입니다
허준우트레이너랑 함께하면 즐거우면서 확실한 운동법과 관리법을 배울수 있습니다 모두들 이곳을 알고 이용했으면 좋겟네요! 꼭한번 상담이라도 받아보세요!",기구도 다양하고 쌤들이 운동 친절하게 알려주셔서 금방 몸짱 될 거 같아요 로드스타피트니스 너무 추천합니다 !!💖,좋아용,"이번에 큰 맘먹고 바디프로필을 목표로 상담받고 ""허준우 트레이너님"" 에게 PT수업을 받기로 결정했습니다. 친절하시고 편안하게 상담해주셔서 기분좋게상담 받고갔습니다!","헬스장 바뀐 이후로 재등록 했어요🥰 저는 서연쌤한테 피티받았는데 너무 친절하시고 또 전문적이세요 전에 다른곳에서 받았던 피티랑 차원이 달랐어요 ㅋㅋ 아 이게 피티구나 싶었던...? 덕분에 처음 도전했던 바디프로필도 아주 성공적으로 끝냈습니다!! (바디프로필 기간
동안 매일매일 신경써주시고 관리해주셨어요 이렇게 관리해주는 피티쌤 없어요 최고... 무조건 피티는 로드스타🔥) 서연쌤 뿐아니라 다른쌤들도 아주 친절하고 좋아요!! 요즘에는 기구도 새것들로 많이 바뀌고 다양해져서 운동하기 너무 좋아요 무엇보다 코로나 시국에도 쾌적
하게 관리되어서 걱정할 필요도 없어요!! 진짜 강추합니다 쌤 저 다음에도 피티 등록하고싶을때 또 찾아가도 되죠??😍 우리동네에 이런 헬스장이 있는건 행운이에요 *알바아님 100%내돈내산 리뷰임","친절한 상담으로 기분좋게 운동하도록,
 마음먹게 해주시네요~~
청소도 열심히 하시네요!!","너무 좋아요 살20kg 뺏어요. 
다이어트 성공!!",원래 있던 헬스장보다 훨씬 깔끔하고 관리도 잘하는 헬스장이고 트레이너분들도 친절하시고 PT도 꼼꼼하고 개인에 맞춰서 잘해주신다는 느낌 많이 받았습니다,"코로나때문에 헬스장 가기가 꺼려졌는데 
매일 소독하시는거 보고 맘편히 다니고 있습니다. 그리고 피티선생님 설명이 와닿아서 운동이 잘되요 ㅠㅠㅠㅠ 꾸준히 잘하고있습니다~~ 너무 좋아요 :) 감사해서 리뷰써봅니다!!!","#상일동 #헬스장 #피트니스 
헬스 처음 등록해보는데 시설 깔끔하고 설명도 진짜 잘해주셔서 너무 감사했어요..! 그리고 신설이라 그런지 기구들이 다 엄청 깨끗하고 좋아보여요 ㅋㅋㅋㅋㅋ 사람들도 열심히 하고 그리고 그 포토존??? 거기 진짜 예뻐서 사진찍기 좋네여 
친절하고 좋습니다!!!"
37,혼자 하는거는 자세가 맞는지 안맞는지 봐주는 사람이 없어서 운동할때 힘들었는데 피티받으니 잘 알려주셔서 좋아요,시설도 깔끔하고 선생님이 자세 하나하나 잘 잡아주셔서 믿고 배울수있어서 좋았어요! 제대로된 자세가 뭔지 알수있어서 도움많이됐어요,"30회등록 두번째예요 허리통증으로일상생활이힘들정도였는데 많이좋아지고 탄력없던 힙과 다리도 단단해져서 기분이좋습니다 
시설도 깔끔하고 선생님도 친절해서 운동갈때마다 즐겁습니다~","세번째 등록이에요! 기초부터 탄탄히 다져주시고, 거창한 기구 없이도 할 수 있는 운동들을 알려주셔서 혼자서 복습하기도 좋아요 ㅎㅎ 회사 패턴 상 식단관리를 빡세게 못 할 것 같아서 미리 말씀드렸더니 또 그에 맞는 식습관 패턴도 잡아주시고 덕분에 스트레스 받지 않으면서 정말 건강한 삶을 되찾고 있어요 ㅎㅎ 살도 빠지고 라인도 달라지고 생활 습관도 달라지고!ㅎㅎ절대 돈이 아깝지 않다고 느껴요!! 고민하시는 분들께 자신있게 추천합니당 ㅎㅎ",ㄱ,,,,,
38,선생님들 되게 친절하시고 무료피티해주실 때에도 상세히 알려주셔서 놀랐어요! 그리고 무엇보다 기구 많고 시설 깔끔한 점이 가장 좋은 것 같아용😆,여기서 운동쭉다니는데 시설도 좋고 선생님들도 너무좋으세요^^ 특히 강종구 선생님께 운동배우고 몸도 많이 건강해졌고 운동에 재미를 느끼게됬습니다 감사합니다😆,일단 다들 정말 친절하시고!! 제가 딱 필요한 부분만 상담 진행할 수 있도록 해주셔서 부담없이 등록할 수 있었어요 :) 탈의실도 넓고 운동하는 곳 자체가 쾌적하고 군더더기 없음이 최고입니다👏🏻,좋아요,주차도 편하고 무엇보다 기구가 다양합니다,새로오픈~ 기대되요,직원분들이 엄청 친절합니다~|,시설도 깔끔하고 친절해서 좋아요,좋아요,"아직 운동 시작안했지만, 넒고 기구도 많고 좋습니다.
운동하기에 최적의 공간인것 같아요,,,!"
39,"트레이너 선생님이 신뢰감 가고, 친절합니다. 진심으로 수업에 임하는 게 느껴지고, 물어보면 항상 친절하게 알려주십니다. 혼자서였으면 포기했을 것 같지만 옆에서 계속 끌어주시고, 자극을 주셔서 열심히 하게 되는 것 같습니다. 아직 20회차라 눈에 띄는 큰 변화는 없지만 몸과 정신이 건강해지고 있다는 것이 느껴집니다. 앞으로도 꾸준히 같이 운동하고 싶습니다!",꾸준히 하는 중입니다 ㅎㅎㅎ 확실히 처음 왔을때보다 몸이 엄청 건강해졌어요. 바디프로필 같은 극단적인 운동이나 식단 강요 안하시고 몸 상태와 체력 등을 고려해서 운동하기때문에 정말 건강해진다는 것을 느끼고 있습니다. 거의 시체처럼 다녔는데 사람으로 만들어주신 동완쌤 감사합니다😀😀,"처음 30회 + 추가로 50회 등록했어요 :D 요즘은 바디프로필이나 다이어트를 강요하는 곳이 많아서 그런 곳은 무조건 피해야지! 했는데 테라피티는 처음 상담때 운동목적이나 부상여부를 꼼꼼히 확인해주시더라구요 덕분에 오로지 건강만 목적으로 하면서 차근차근 
근육 늘리고 있어요!! 어떤 운동이든 3달 정도는 해야 체감이 되던데, 30회쯤 하고 인바디 하니까 식단조절 전혀 안했는데도 근육 늘고 체지방 줄어서 어찌나 뿌듯하던지😂 선생님이 워낙 잘 이끌어주시고 자세도 잘 봐주셔서 4개월동안 부상 없이 주3회 운동 잘 
다니고 있습니다! 전 너무 기구 종류만 많고 사람 와글와글 해서 운동 제대로 못하는 곳들 싫었는데, 여긴 딱 기구도 여러방법으로 사용하고 집중할 수 있어서 더 좋아요 :)",운동 자체를 처음 해서 얼마 안하게 될 줄 알았는데 하다보니 꽤 오래 하고 있어요. 선생님께서 자세부터 어떤 근육이 쓰이는지도 자세히 알려주십니다!,시작할때만해도 일반인보다 못한 체력이었는데 이젠 평균보다 조금 높을만큼 많이 강해졌어요. 건강을 위해 시작했는데 너무 만족스럽습니다😄,"의지박약이라 운동을 쉽게 포기했는데 맞춤형으로 조금씩 강도도 늘려가며 수업해주셔서 열심히 따라가고있어요~! 운동할때 자세도 자세히 봐주셔서 건강해지고 조금씩 늘고있는 느낌이 좋아 정기적으로 빠지지 않고 운동가고있어요~! 피티 받을 생각이라면 요기 추천해요~
~",싸장님 친절하고 전문적이라 믿음이 가네요,운동에 대해 자세하고 정확하게 알려주시고 더불어 흥미까지 유도해주십니다! 너무너무 좋아용ㅎㅎㅎ,"다이어트로 3개월 다니고 재등록합니다
잘 알려주시고 다이어트도 성공해서
운동목적으로 또 등록합니다^^",5개월째 다니고 있습니다. 운동을 다양하고 친절하게 잘 알려주세요. 다니는 동안 몸이 많이 좋아졌네요. 추천합니다
40,,,,,,,,,,
41,궁,굿,,,,,,,,
42,"운동에 진심인 1인이에요. 쌤께 양해를 구하고 수업영상 중간중간 찍어서 스스로 피드백 보는거 좋아해서 영상을 종종 남기는 편인데.. 오랜만에 다시 보니 후기 안쓸수가 없어요.ㅠㅠ 이제껏 PT 많이 받아봤구요. 드림핏보다 훨씬 비싼곳에서도 받았었어요. 혼자서도 
3년정도 운동했는데 윗엉덩이 볼륨이 없었거든요..ㅠㅠ그게 늘 컴플렉스였고, 제 체형은 바뀔 수 없나보다 포기하고 있었는데.. 진짜..쌤 감사합니다ㅠㅠ 쌤이랑 함께 한게 벌써 1년이 흘렀네요.🤭 고민하시는 분덜, 드림핏 강추에요.!! 진짜 자극점 잘 찾아주시고 자세
교정도 잘해주세요. 피티 받은 다음날은 언제나 전날 운동한 딱 그 부위만 근육통 오는거 진심 신기방기! 쌤 번창하세요!! 앞으로도 잘부탁드려요!!😉","체력이 점점 떨어지는게 느껴져서 운동을 해야겠다고 생각하다 지인 추천으로 등록했어요 사실 전에 다른 곳에서 pt 받아봤는데 너무 안 맞아서 그만두고 다른 운동을 하면 했지 다시 pt 받을 생각은 없었는데.. 추천해주신 분이 너무너무 만족하면서 다니고 있다길래 반
쯤 충동적으로 등록했는데 진짜 만족하면서 다니고 있어요 일대일 수업이라 운동시간 내내 몸 상태에 맞게 강도 조절해주셔서 너무 좋아요.. 운동하는 부위에 힘이 잘 들어가고 있는지 아닌지 칼같이 아셔서 진짜 동작 하나하나 계속 체크하고 있는게 느껴져요 여기 다니고 왜
 사람들이 개인 pt 하는지 이해했어요 자세 잡을때도 제 신체 구조에 맞게끔 잡아주시고 운동 전후로 설명도 자세히 해주셔서 지금 어떤자세로 어디를 쓰려고 하는지 알고 운동할 수 있어 좋아요!","워낙 체력이 약한 타입인데, 꾸준히 관리해 주시고 자세도 바로 잡아주셔서 체력이 많이 올라갔음을 느끼고 있어요. 전문적이고 열정적이시며 식단 관리도 철저하십니다. 24회 세션을 두 번이나 추가하여 진행하고 있어요. 조금이라도 운동을 더 시키려고 하시는 좋은 선생님 이십니다.","운동은 처음이라 꾸준히 잘 할 수 있을까 걱정이었는데, 기초부터 다질 수 있게 차근차근 잘 가르쳐주십니다. 무작정 똑같은 루틴 반복시키는 게 아니라 제 몸 상태에 맞게 세세하게 맞춤형으로 체계적으로 진행해주세요. 덕분에 포기하지 않고 운동의 재미를 알아가고 있습니다. 적극 추천해요!",수업이 체계적이고 열정적인 피티쌤이십니다. 설명도 잘해주시고 가격도 제일 괜찮은것 같습니다. 무엇보다 전문적인 지식으로 정확한 가동범위와 자극으로 정확한 운동을 전문적으로 수업하는 부분이 너무 맘에 들었습니다. 성실함이 느껴지는 선생님이십니다. 항상 감사드립니다,"여러 다른 곳에서 수업도 받아봤는데, 여기서 계속 하고 싶어요~ 수업하는 동안 자세한 설명과 인체학적으로 저에게 맞는 수업을 해 주셔서, 처음 시작했을 때 보다 훨 좋은 결과물이 제 몸으로 나타나더라구요!! 그리고 수업하실 때 엄청 꼼꼼하게 해주세요~ 자세하나 
틀린거 교정하고 시작해서 그런지 진짜 확실한 근육통과 함께 근육을 얻었어여!!! 득근득근!!!!!!!!!!!!!!!!👍🏻👍🏻👍🏻👍🏻👍🏻👍🏻 근육 아니면 다이어트 원하시는 부운~이곳으로 오세용!! 완전 식단관리부터 철저하게 해주십니당!!",트레이너 분이 체계적인 트레이닝과 식단. 다른데도 많이 다녀 봤는데 여기만한곳이 없네요. 특히 코로나 시국에 다른사람들이랑 대면 안하고 1대1인게 너무 좋아요! 강추 합니다!,"그동안 피티 받아보면서 저만의 기준이 생겼습니다. 담당 트레이너의 전문성, 나에게 맞는 운동과 식단, 트레이너의 성실함 그런 제가, 드림핏을 선택한 이유 1. 트레이너 선생님의 자격증과 현역선수라는 점에서 전문성과 신뢰감을 느낌 2. 체크리스트와 일지를 작성해 
제가 어떤 운동을 했고 몸이 어떻게 변하고 있는지 체계적으로 관리해주시고, 해부학을 곁들여 설명해주시니 운동에 대한 이해도가 높아집니다. 3. 현역선수로 직접 활동하시니 식단에 대한 이해와 배려가 깊습니다. 일반식에서 먹는 반찬까지 포함되어 거부감없이 꾸준히 할
 수 있습니다. 열심히하면 치팅데이도 주셔서, 스스로에 대한 성취감도 느낄수 있습니다. 2달 좀 안되게, 10키로 감량중입니다. 드림핏에서 즐겁게 운동해서 제 삶을 변화시키고 싶습니다",재등록 3회차,
43,"기구가 다양하고 인테리어가 좋네요. 
다른 헬스장 가본 곳과 달리 천장에 샹들리에가 많아서 분위기 있는 곳에서 운동하니까 좋았어요. 외제 기구들도 많이 있네요. 
직원분이 상담할 때도 친절하게 해줘서 기분좋게 시작할 수 있었어요.","집 근처에 시설 좋은 헬스장 있어서 너무 좋아요!! 아파트 지하에 있는 헬스장과 비교불가ㅠㅇㅠ 천국의 계단도 있다는게 대박.... 글고 기구자체가 좋아서 운동하면서 득근하는 느낌,,, ! 여기 회원분들이랑 쌤들도 엄청 친절하게 잘 알려주고 열심히 하는 분위기라 매일 출근도장 찍는듕... 왕조아여 👍🏻👍🏻👍🏻",승연쌤에게 PT 받고 있습니다~ 다닌지 9개월정도 되어가네요! 10키로 이상을 건강하게 빼고 운동에 흥미도 갖게 되었습니다 처음 올 땐 헬스장이 어색하고 어렵게만 느껴졌는데 승연쌤이 재미있고 이해가게 운동을 알려주셔서 지금은 습관처럼 가고 있네요!! 회원과 수업에 대한 열정이 넘치는 승연쌤 추천합니다👍,"샹들리에 분위기 맛집ㅋㅋ기구도 많고 깔끔해요
이사와서 처음 방문했는데 너무 좋습니다👍",유산소 가구도 다양하고 근력도 효율적으로 할 수 있게 다양한 기구들도 있고 시설도 깔끔하고 좋아서 운동하기에 좋네요. 무엇보다 시설이 깔끔하고 좋아서 운동하는 사람들이 많이 좋아할 것 같아요 가격도 합리적이라 좋은 것 같습니다.,두번째 연장이에요 요즘 다른 헬스장 몇번 가보고 느낀건데 기구 상태나 센터 위생이나 업투가 상당히 좋은편이더라구요!! 아무래도 정착해야 할 것 같아요ㅋㅋ그리고 승연쌤이랑도 나름 오래 같이 운동했는데.. 실루엣이 비슷해져가는건 기분탓일까요?? 세상 튼튼해보여서 좋아요💪운동효율이 아주 좋습니다ㅎ 혹시 내가 근육이 안붙는것같다? 승연쌤에게로.,다른곳 보다 청소 상태도 깔끔하고 운동기구들도 많아서 운동하기 편했고 포토존이 맘에 들어서 적극적으로 추천드려요 분위기도 되게 고급져서 운동할때 집중도 잘되고 운동 할맛 나네요 좋았습니다,"인테리어가 깔끔하고 좋은 기구들이 많아서
쾌적하게 운동하기 좋은 곳 같아요, 또한 실내도 
시원해서 헬스 퍼포먼스가 올라갈 것 겉은 느낌도 들어용",시설이 너무깨끗하고 머신들도 사용하기편리하고 좋은거같아요 상일동에 사시는분들 업투휘트니스 강추합니다ㅋㅋ,"일일권 이용하려고 방문 했는데 직원분들도 친절하시고 기구도 많아서 운동하기 좋아요!!!
역 바로 앞이라 접근성도 좋습니다 😇"
44,"평소에도 항상 엘리트짐 길동에서 운동하고 있는데, 오늘은 지인이 일일권으로 함께 운동을 왔어요ㅎㅎ 공간이 넓어서 운동하기 편하고, 직원분들도 항상 친절하시고 선생님들이 다 선수분들이셔서 관리가 더 잘되고 있는지 머신들이 손에 잘 맞아요🙂 오늘도 감사히 운동하고 
갑니다!☺️😍",헬스장을 여기저기 여러군데 많이 옮겨 다녀봤는데 제가 다녀본 곳 중 기구도 다양하고 깔끔하고 환경도 너무 쾌적해서 좋아요. 트레이너분들도 친절하시고 퇴근 후에 자주 들리려고 합니다. 강동구 헬스장 중에서 제일 만족스러운거같아요.,전체적으로 헬스장 깔끔하고 좋아요! 달에 무료pt 2회도 있는데 코치님이 정말 잘 안내해주셔서 따로 더 pt받아볼까 생각중에요! 담당코치님 외에도 다들 갈때마다친절하게 인사해주시고 가격도 합리적이라 헬스장 어디갈까 생각중이시면 엘리트짐 추천드립니당!ㅎㅎ,"집이랑 가까운곳 찾다가 알게된곳인데 시설도 넓고 일단 분위기 자체가 밝아서 너무 좋았어요! 상담도 친절하시고 가격도 너무 착하고 선생님들도 너무 잘생기셨어요 무료피티도 있어서 너무 좋아요ㅎㅎ 오전6시부터 오픈이고 운동하고 싶을때마다 와서 횟수제한없이 할수있다는
게 너무 좋은거같아요 다음주부터 운동 열심히 해서 바디프로필도 찍어봐야겠어여 길동에서는 엘리트짐만한 곳이 없네요!!!!","첫 방문인데 친절하게 상담해주시고 무엇보다 탈의실이 샤워실 화장실이 전체적으로 깔끔하고 청결에 신경쓰는 헬스장인거같아요 🙏 기구들도 호텔급 기구들이고 정말 다양하고 엘리트짐에서 운동시작하면 상쾌하게 열심히 할수있는 분위기인거같습니다~~!!! 첫방문인데도 넘
 맘에드네요 ^^ 정말 바프찍는 그날까지 달려볼래용❤️❤️","시설 깔끔하고 좋아요! 
수업도 엄청 꼼꼼하게 잘봐주시고 기구도 많아서 운동하기 너무 편해요 ㅎㅎ
주차도 가능해서 좋습니다!","동네 가까운 헬스장 찾다가 여기로 왔는데 직원분들 다 친절하시고 설명도 너무 시원하게 귀에 쏙쏙!!
제일 좋은건 정말 너무 깔끔해요 넓은건 와서 직접 보시면 알아요ㅎㅎㅎㅎ
👍👍👍👍","헬스장 이용 시 주차도 가능하고, 머신들 브랜드랑 탈의실 쾌적함이랑 직원분들 친절함까지... 흠잡을 곳 하나 없는 갓헬스장입니다!!
일일권 이용했는데 집만 가까웠으면 여기 다니고싶어요...","방준혁 선샌밈 항상 매번 잘가르쳐주시고 친절해요
아주아주 좋씁니다 굿👍🏻",서명훈 선생님이 아주 친절하게 잘 가르쳐주셔서 운동이 아주 잘 되고 잇습니다!!
45,다니는중인데 꼼꼼하게 봐주셔요👍,가낍고 친절합니다.,좋아요,,,,,,,
46,,,,,,,,,,
47,,,,,,,,,,
48,첫 헬스장으로 이곳을 등록했는데 시설도 넓고 깔끔하면서 직원분들도 친절해서 좋습니다 상일동사시면 이곳이 제일 좋은 선택일것같네요,이제 따뜻한 봄이되고 해서 겨우내 함께한 지방을 태우고자 등록했어요~ 유산소 목적이기 때문에 다른 기구들은 잘 모르겠고 런닝머신이 최신이라 너무 좋아요~,"공간이 넓고 깔끔합니다.
상담도 잘 해주세요",시설도 좋고 깔끔합니다.,"밝고 환해서 쾌적하게 이용할 수 있어요!
샤워 개인부스도 마음에 들었습니다:)","교통이 너무 좋고, 기구가 많아서 좋았습니다. 그리고 아직까지는 회원님들이 많지 않아서 운동하기 너무 좋습니다. ^^ 러닝머신도 많고요.",,,,
49,"세달차 등록인데 꾸준히 하려고 세달 등록했어요. 운동을 처음하신다면 정말 강추에요~~~! 다른헰
장에서 1:1 피티도 받아봤지만 가격도 부담스럽고 선생님도 부담스러웠는데🤣 피트니즈는 그룹피티여서 부담시럽지도 않고 좋은 가격에 운동할 수 있어서 좋아요. 자세 진짜 꼼꼼히 봐주시고 질문하면 설명도 쉽게!! 잘해주셔서 운동 재밌게 배우고 있어용","운동을 하기로 맘먹고 헬스장을 가더라도 막상 혼자서는 어떻게 해야 할 막막할 때가 많은데 피트니즈에서는 내 몸의 수준에 맞는 운동강도와 자세를 맞추어 차근차근 잘 지도해 주십니다. 1년 이상 만족하며 다니고 있고 앞으로도 계속 등록해서 다닐 예정입니다. 
적극 추천해요😊","아주 만족하며 잘 운동하고 있습니다 😁 
수업 시간도 아침부터 밤까지 다양하게 있어서 너무 좋구요, 어플로 예약하는 시스템이라 한 타임에 몇 분이서 운동하는지 파악할 수 있어요! 
가장 중요한 건, 운동하기에 선생님들도 장소도 너무 만족스러워요 ! 운동을 꾸준히 한 적이 별로 없는데 바로 다음 달까지 이어서 운동하고 있네요 ㅎㅎ 운동하기 너무너무 좋은 피트니즈 추천합니다 !! 🐥","제 인생 첫 운동인데 한달 동안 너무 잘 알려주셔서 운동이 좋아졌어요! 그래서 세 달 더 연장했습니닷 왼쪽 어깨가 고민이었는데 그거에 맞게 계속해서 상기 시켜주시고 맞춰주셔서 제일 좋았고, 두 선생님 다 재밌고 친근하게 잘 알려주세요👍🏻",수업 내용 좋았습니다 트레이너님 수업하느라 고생하셨네요 완전 몸치라 더 고생했을거같네요 가격 시설 분위기 모든 면에서 추천해요!!,일년 반 정도 다니고 있어요. 끊을 수가 없네요~ ㅎㅎ,"한달 등록 후 재등록 후기입니다
그룹피티인데 효과가 있을까? 자세히 봐줄까? 걱정됐었는데 너무 친절하시고 꼼꼼히 잘봐주십니당!!!!! 짱",나름 우여곡절이 많은 다이어터라 tmi 대방출하긴 했지만 그래도 꼼꼼하게 잘 봐주셔서 감사했어요 ㅠ,"처음 운동 시작한 곳 입니다 
선생님께서 친절하게 자세 잡아주셔서 흥미롭게 운동 하고 있습니다.",항상 자세 꼼꼼하게 봐주시고 친절하세요 벌써 세번째 결제입니다!
50,"내돈내산 피티 후기^^ 1. 시설 깨끗한 운동기구와 작지만 프라이빗한 공간에서 집중하며 운동하기 너무 좋아요!! 2. 주차 상가 지하에 주차하기 편함 3. 피티소감⭐️제일중요^^⭐️ 태어나 처음으로 제대로 된 운동이라고는 처음 시작했는데 너무 긴장하며 시작 
했던 운동!!! 하지만 정말 좋은 이재홍 트레이너님(운동학과 전공자)을 만나서 힘들지만 즐겁게 운동할수 있는거 같아요^^ 식단조절, 운동에 대한 지식도 많이 알려주시고 절대로 할수 없을것 같은 운동도 끝까지 격려 해주시며 완주할수 있게 해주시는데 땀흘리며 끝까지
 해냈을때의 성취감은 말로 표현이 안되네요 ㅎㅎ 이렇게 운동 해보니 피티를 왜 받는지 알겠더라구요^^ 처음 운동에 도전하시는 분들께 제 찐후기가 도움이 되시길 바라며 몇자 적어봅니다~^^","내돈내피티 솔직후기 피티는 아가씨들만 받는다는 생각은 노노~ 아줌마도 애낳고 몸매관리, 건강관리 필수죠. 장점 1. 일반 헬스장에서 피티 받을 때 주목받는 부담, 덜어버려! 날려버려! 프라이빗한 공간에서 집중 트레이닝 받을 수있음 2. 깨끗한 환경, 다양한 기
구~ 굿굿 3. 주차시설 편리 4. 제일중요 ☆훌륭한 피티샘 ☆ 친절 + 자상 + 열심 --> 삼박자를 겸비한 이재홍샘~ (실명거론 ㅎㅎ) 운동학과 전공자라서, 운동에 대한 지식도 겸비하셔서 믿음이 가더라구요. 역시 배운사람은 달라요. 피티 받아보니 왜 받
는지 알겠더라구요. 식단관리, 운동에 대한 동기부여, 인바디로 꼼꼼 체크 해주세요. 저도 다니기전에 망설였는데, 이런 찐후기를 봤으면 도움 될 것 같아 적어봤어요. ^-^","코로나 이후로 체중이 증가해서 PT를 시작했어요. 🤩 이 곳은 그룹 PT도 가능한 곳이라 친구와 같이 2:1 PT 진행 중입니다. 지금 3개월이 지났는데 4kg 체중 감량에 성공했어요.🤗🤗 특히 담당 트레이너인 이재홍 선생님께서는 매일 매끼마다 식
단 검사도 해주셔서 운동과 병행한 시너지 효과가 아주 좋았어요. 저는 적게 먹는다 생각하고 열량이 낮을 줄 알았던 음식들도 지적해주셔서 살도 빠지고 건강도 최상인 상태입니다. '리빌드 바디' 추천해요~!",정말 친절하시고 세심하게 자세를 봐주세요. 시설도 생긴지 얼마 안되서 매우 깔끔해요.,"집근처알아보다가 알게된 상가에있는피티존이에요~재홍쌤 ! 몸상태에 맞춰 일대일로 잘알려주셔서 감사해요
다음에 여행일정 끝나고 다시등록할수있으면등록할게요~","인생 피티샵 찾았습니다
너무 나도 친절하시고 목에 담이걸렸는데 바로 풀어주시네요 정말 감사합니다.",운동을 한동안 놓고 지내다가 다시 방향을 잡는데 큰 도움을 주셨습니다. 친절하고 케어가 좋습니다.,"운동할때 청결해서 좋았어요!
분위기도 부담없고 좋았습니다!!",운동 효과 좋습니다. 감사합니다.,운동한지 2개월 넘었는데 몸이 많이 가벼워졌어요~ 다른 곳에서도 PT여러번 받아봤는데 이번이 제일 효과도 좋고 트레이너 선생님도 친절하시고 맞춤운동으로 너무 잘해주세요~ 강추입니다!!
51,"바디프로필 요즘 핫 하길래 나도 한번~!! 하는 생각으로 도전을 해보네요 강동pt로 유면한 피니쉬짐~!! 등록후 열심히 운동하고 있답니다. 식단까지 관리해주시니 힘들지만 도전했음 성공해야죠~!! 내부도 알차지만 뭔가 깔끔한 인테리어땜에 관리를 잘하고 있구나 라
는 느낌도 있어 맘 편히 운동하고 있답니다.","날씨도 시원해지고 몸도 너무 무거워져서 운동하기로 결심하고 강동구피니쉬짐에 등록했어요 내부도 쾌적하고 넓어서 운동하기에도 딱좋더라구요 무산소와 유산소를 함께하니 운동도 확실히 되구요 선수출신 쌤들께서 가르쳐주시니 역시 다르네요 넘 친절하고 잘 해주셔서 열심히 
하려구요 강동역에서도 가까워서 교통편도 편리하구요 방역관리는 물론 철저 하시니 안심하고 다니면 될꺼 같아요ᆢ 화이팅!","시설이 잘 되어 있네요~깔끔하고 깨끗하니 쾌적하구요~방역관리도 잘되어 있어 안심되구요~기구들도 다양하고 잘 정리되어 있고 스쿼시도 할수 있네요~운동하기 좋은 계절인것 같아요~운동 관심 졀로 없었는데,,,친구 바프찍은거보고 운동결심했어요~선생님이 너무 잘 알려주시고 식단도 체크해 주시네요~잘 따라가 볼려구요~",코로나때문에 이년째 재택근무 중인데 이년째 운동부족으로 사람이 너무 무기력해져서 운동할만 한곳 찾다가 와이프가 소개해준 곳으로 갔는데 가격도 적절하도 상담하시는분 너무 친절하시네여 시설도 최신식이고 방역도 너무 잘되어있어요 안심하고 오래 다녀도 되겠어요,재택근무 때문에 집에만 있었더니 너무 무기력해서 pt 알아보던중에 집이랑 가까워서 방문했어요. 피이쉬짐 시설도 엄청 깔끔하고 운동하기에 좋을거 같아서 결정했습니다. 열심히 댕겨볼려구요~^^,친절하고 잘 상담해주셨어요,스쿼시 있는곳 드문데 대표님이 친절하게 상담부터 해주세요! 양심있는 스쿼시&PT 센터입니당,"비록 코로나로인해 방문은 못했지만 너무 성심성의껏 답변해주셔서 정말 감사했습니다:)
코로나단계가 낮아지면 센터로 찾아뵐게요. 감사합니다.",,
52,길동에 운동할수있는 곳이 너무많아서 고민했었는데 센터 회원권 먼저 끊고 운동하면 무료 pt 상담과 pt이벤트 해주면서 오웬쌤을 알게되었고 제몸에 맞게 자세한 설명과 운동 루틴을 짜주셔서 너무 만족했어요!! 그래서 1:1 pt 등록하게되었고 운동 하면서 너무 만족합니당 정확한 자세! 내몸에 맞는 운동!! 먹는거 포함 다 잘관리 해주셔서 몇일 만에 몸이 건강해진게 느껴져요!! 운동은 센터도 중요하지만 운동선생님을 잘만나는게 완전 복인데 저는 복받은듯~~~👏👏👏 앞으로도 오웬쌤이랑 열운 하려구요!!,"제가 워낙 바쁘게 살아가느라 운동시간이 늦은 저녁시간이나 주말밖에 안되는데.. 그런덤을 다 이해해주시고 맞춰주시는 레오쌤!👍 워낙 처음부터 친절하게 잘 가르쳐주셔서 혼자 운동할 수 있게끔 만들어 주시는거 같아요! 중간중간 쌤과 대화할때 그 티키타카도 못잃어욧!! 
ㅋㅋㅋㅋ 운동할때마다 처음에 자세랑 시범보여주시고 제가 할때는 어디에 힘이 들어가는지 자세는 잘못되지 않았는지 다 체킹해주셔서 진짜 케어받는 느낌 낭낭합니당!!ㅎㅎ 에이블짐 길동은 시설은 일단 너무 좋고 넓어서 쾌적합니다!!! 선생님들도 본인회원이 아니더라도 마
주치반갑게 인사해주셔서 너무 조아요! 친절끝판왕 길동점!!🔥","(찐후기) "" 항상 마음에 들지 않았던 거울 속의 나약한 육체를 보고 '진짜' 변해야겠다고 마음 먹었습니다. "" 군대 제대 후 헬스장을 알아보는 중, 1년반 동안 못본사이에 벌크업이 되고 탄탄한 근육질의 몸을 가진 친구를 보았습니다...😱 평소에 저와 같은 마른 체형
이고 같이 게임만 하던 친구였는데 완전 다른 사람이 돼있어서 놀랐습니다🥲 그 친구가 에이블짐을 다니고 있고 개인pt도 받고있다는 것을 알았고 저도 간절한 마음으로 에이블짐에 다니고 '파커' 트레이너님께 개인 pt(20회)도 받기로 했습니다😀 친구 말대로 운동 
기구들의 질도 좋고 무엇보다 '파커' 트레이너님의 꼼꼼한 케어 덕분에 아직 부족하지만 몸이 많이 성장한 것 같습니다 ! 😄 여러분들도 에이블짐 길동역점에서 득근하세요 !!","친구가 동네 주변에서 여기가 시설 제일 좋다고해서 첫 헬스장을 여기로 등록했는데 정말 시설이 좋았고 특히 기구들이 좋고 종류별로 많아서 만족합니다 그리고 회원마다 쌤들 1명씩 붙어서 운동을 알려주시는데 제가 처음 운동하는거라 잘 모르는데 빅터쌤이 친절하게 알려주시고 신경도 많이 써주셔서 본인도 운동을 더 열심히 하는 효과를 느낍니다.
첫 헬스장 길동 에이블짐으로 등록 잘한 것 같아요.","응애 몸뚱아리+스케쥴 근무로 엉망진창된 몸+폴댄스로 인한 불균형+음주가무좋아해서 톡 튀어나온 올챙이 배로 스트레스를 받아가던 중 운동에 흥미가 생겨 1일권으로 체험해보고 바로 6개월 플렉스😎, 정확하게 운동하고 싶고, 쌤들이 다 헬스 및 회원에 진심이셔서
바로 PT20회 끊어서 수업중이에요 ! 이왕 하는김에 제대로, 빡세고 진지하게 임해야한다는 빅터쌤의 가르침을 받은지 어언 11회차..★ 체지방 8키로 근육량 26키로의 건장한 상여자가 되었읍니다. 바디프로필을 목표로 잡고 있는데 빅터쌤의 할수있다. 
하면 된다 마인드를 믿고 따르면서 짜주신 식단, 운동루틴을 매일 따라하고 있는데 몸이 저절로 만들어진답니당 😍 체계적인 루틴으로 잘짜주시는 빅터쌤 믿고 바프 가보자고~😎","테디쌤 강추! 가장 좋은 점은, 자기주도 운동이 가능하다는 것처음 5회 정도는 각 부위별로 운동을 배우고, 개인운동할 때 그 운동들을 어떻게 조합해서 할지 알려주심. 그럼 이제 개인운동할 때 운동일기 써가며, 자기주도 운동을 시작하게 되는 거임. 물론 개인운동할 
때도 오며가며, 올바른 동작으로 운동할 수 있게끔, 시시때때로 자세교정해주심. 운동일기는, PT수업 있을 때, 검토받고, 부족한 부분을 추가로 보완하게됨. ""운동일기 쓴다구? 귀찮아~"" 할 수도 있지만, 쓰는게 스스로의 성장에 도움이 많이 됨. 왜냐면 중량 올
리는 것도 바로 보이고 같은 중량을 들더라도, 갯수를 많이 늘리는 것이 바로 보이기 때문에, 운동의 재미가 쏠쏠해짐. 오셔서 득근하구 가세용","피티는 안나쌤이죠🧡 안나샘이랑 운동한 지 벌써 반년이 지난 것 같아요 함께 운동하면서 좋앗던 점을 몇가지 뽑아보자면 맞춤형 운동! 저의 체형과 장, 단점에 맞춰서 운동을 진행해주다 보니 저도 억지로 따라하는게 아니라 동작에 대한 이해도도 높아지고 효과도 좋았어
요. 실제로 골반 접히는 것이라던지 자세와 근육이 많이 좋아진 것을 느낍니다! 아 그리고 제일 중요한 게 운동 하기 전 근막 이완과 스트레칭을 해주시는게 너무 좋아요. 해당 부위 운동 하기 전 그 부위를 잘 풀고 운동하니까 가동범위도 잘 나오고, 자극도 잘 느껴집니
다. 또 하나는 재미에요. 다들 운동 너무 힘들고 하기 싫어하고 하는데 샘이랑 하면 너무 재밌고 운동 강도도 잘 나와서 너무 만족스럽습니다! 진짜 50분 꽉 알차게🔥 안나쌤 최고❤️","운동 처음하시는 분들은 무적건 빅터샘에게~~~!!! 막연하게 운동을 알려주시는게 아니라 지금 내 상태에 맞게 내가 살려야 하는 장점과 개선해 나가야 되는부분까지 나에게 맞춰서 루틴 짜주시고 자극점을 정확하고 꼼꼼하게 알려주십니당...!!! 허리가 안좋아서 평소
에 허리통증이 자주 있었는데 재활치료도 알려주시고 자세도 많이 좋아져서 허리 통증도 많이 없어졌어요~~ !!😝 칭찬과 격려도 많이 해주셔서 운동에 흥미를 느끼게 해주시는 빅터쌤 쵝오 *__* 짱 따봉 ! ! 👍👍",집 근처에 시설도 좋구 거리도 가까운 헬스장을 찾고 있었습니다! 제 인생의 첫 헬스장 도전이어서 좋은 곳으로 찾고 싶은 마음에 이곳 저곳을 둘러보던 도중 찾은 곳이 에이블짐이었어요! 상담해주시는 선생님도 친절하셔서 마음 편히 회원권 끊을 수 있었습니다! 시설도 좋고 운동기구도 다양해서 자주 운동하러 올 수 있을 것 같습니다😊😊,헬스는 처음해봐서 솔직히 조금 두려웠었는데 벌써 에릭선생님께 pt수업받은지 2달이 다 되어갑니다. 처음엔 3개월에 10kg감량이 목표였는데 에릭선생님한테 pt받을때 꼼꼼하게 자세도 봐주시고 잘하면 칭찬과 격려를 해주셔서 그런지 더 힘이나고 의욕도 많이 생겨서 ☆2달만에 10kg☆을 감량하게 되었어요🙊 식단도 저의 상황을 고려해서 짜주시고 잘 관리해주셔서 이렇게 빨리 도달하게 된것같아요!! 지인 중에 운동한다는 사람이 있다면 무조건 에릭선생님을 추천할거에여 그만큼 믿음이 갑니다:) 에릭쌤 최고👍🏻
53,"항상 들어가면 깔끔하게 관리해주신다고 합니다. 여자친구가 첫 등록이후 의지박약이지만, 열심히다닐정도로 신경써서 운동시켜주시는것 같아요. 결제해준 보람이 있네요. 추가로 등록시켜주려고요👌🏻","3월부터 진소정 트레이너님과 주 1-2회 PT수업 하고있어요. (한달 패키지 해보고 추가 등록) 제가 좀 힘든거 하기싫어하고 피티때 징징대는 스타일인데 선생님이 옆에서 딱 잡아주셔서 39년 인생최초로 꾸준히 운동중입니다. 힘들땐.. 소정쌤의 허리와 힙라인
을 보며 한개더!! 건강을 위한 운동의 생활화가 목표라 식단은 안하지만, 7월 휴가계획을 말씀드렸더니 비키니몸매만들어주신대서 긴장중입니다ㅋ 6월엔 식단도 해보려구요. 신규샵이라 깨끗하고, 여성전용 피티샵이다보니 회원들이 전부 여자들 뿐이라 운동할때 옷도 편하게
 입을수 있어요. 그리고 샤워룸이 개별로 있어서 너무 좋아요. 굿👍 화룡정점은 라커룸 복도 끝 거셀명당이예요 #오운완 인증샷 찍기에 안성맞춤 #여심저격 선생님.. 앞으로도 잘부탁드려요!🙏�","💕 임정민 선생님 💕께 PT 받고 있는데 한 세트 마다 통증, 자극점을 세밀히 봐주시며, 50분 동안 정말 촘촘하고 밀도 있게 수업해주셔요. 최고!!👍🏻👍🏻👍🏻 원하는 부분이 확실히 운동될 수 있도록 지도해주시고, 혼자서 운동할 때 활용할 수 있는 팁도 주시면
서 매번 뵐 때마다 운동에 대한 동기부여까지 제대로 해주십니다! PT 받으며 전체적인 컨디션 & 체력이 이전보다 건강해진 것을 체감하고 있어요! 정민쌤❤감사합니다!! 👍🏻 1인 파우더룸&샤워실 프라이빗하게 이용할 수 있어서 매우 만족스럽습니다. 선생님들께
서 늘 청결하게 관리해주십니다. 👍🏻 클라이머, 마이마운틴 좋아요.","올초에 2:1피티를 하다가 바디프로필을 예약해서 현재 주시웅샘께 1달째 피티를 받고있습니다😉 준비기간이 짧다보니 그에 맞게 식단을 짜주시고, 주기적으로 체크를 하여 몸 컨디션에 맞게 식단을 조정해주세요! 부족한 운동자세를 잘 교정해주시고, 수업때 운동 모습을
영상으로 찍어주셔서 개인운동때 복습하구요 꾸준히 운동을 하는 샘이셔서 회원들 눈높이에 맞게 설명도 잘 해주시는 것 같아요👀 매일 출석할 만큼 시설/기구가 깔끔하고 2:1샘들도 좋으셨고, 또 여성전용 헬스장이라 눈치안보고 운동에 집중할 수 있어요 개인샤워실도 
굿!🤭 샘과 함께 빡세게 운동 및 식단을 하다보니 근육1.3kg증가, 체지방 4kg감소로 1달 만에 체지방률 7%가까이 빠졌어요☺️ 집근처에 맘에 드는 헬스장이 있어서 넘 좋아요 추천❣","강동 암사지역 유일! 여성전용+지상 헬스장. 운동하는날 암사점🍀 운동복&수건제공, 1인 파우더룸, 샤워실이 있어 프라이빗하게 이용가능하고, 최신 운동기구들과 천국의 계단까지 구비되어 있어서 만족스러운 피티샵이예요!👍🏻 특히나 마음에 들었던건 청결! 향기로운 
운동복과 온수가 잘나오고 정리가 잘 되어있는 샤워실, 땀자국 없이 깨끗한 운동기구들. 쾌적한 환경에서 함께하는 운동은 에너지를 뿜뿜시켜줘서 시너지효과가 엄청나요!👏🏻 저는 임정민쌤과 20회째 운동중인데, 질문왕인 제가 이해가 될때까지 설명해주시고, 운동의 효
과를 극대화 하기 위해서 여러가지 방면으로 노력해주세요! 논문까지 찾아주시는 쌤 처음입니다...💜 개인PT에 입문하기에 좋고 80% 혼자 다니는 분들이 대부분이니 부담없이 도전해보세용","상담하고 당일 등록하고~ 개인 피티 시작한지 3주 정도 된 것 같네요! 운동을 1도 안해본 사람으로써,,,🥲 엄청난 걱정으로 암사동 여러군데 상담다녀봤는데, 여기 상담 해주시는 실장님?이 너무 친절하셔서 좋았어요. 전체적으로 시설이 깨끗하고, 여성전용이라 편해요! 운동 시간대가 그런건지? 항상 조용한 분위기라 좋아요~ 개인 샤워실도 좋았고, 저같이 처음 운동 시작하시는 분들이 다니기 부담 없을 것 같아요. 그리고 피티해주시는 주희쌤이 너무 넘무 친절하고 에너지 넘치시고 좋습니다..😭 운동 안좋아했던 거지체력인 저도 열심히 하고싶게 만들어주시는.... 맞춤형으로 꼼꼼하게 알려주셔서 만족하면서 잘 다니고 있습니다~!!","🍊 기본체력이 제로여서 살기위해 운동을 시작했는데, 쌤 덕에 운동이 재밌어졌어요. 주시웅 쌤과 주2회 운동하는데, 엄청 재밌고 꼼꼼하게 저한테 맞춤으로 운동시켜주셔요. 50분이 너무 빨리가요… 🥲 동영상 찍어서 보내주셔서 개인운동 할 때도 도움이 된답니다!
! 잘한다 잘한다 해주셔서 더 열심히 하게되요 ㅋㅋㅋ 쌤 최고👍 🍊 여성전용이라 민망함 없이 편하게 운동할 수 있어요. 🍊 입구에 계신 여자쌤이 오고 갈 때 항상 엄~~청 밝게 인사해주시는데, 넘 기분이 좋아요!!",진달래짐인가 그 웹툰보고 나도 여성전용 헬스장 다니고 싶다고 생각했는데 이렇게 발견했네요>< 기구가 오ㅓ어어엄총 다양해요!! 그리고 1인 샤워실과 파우더룸이 한 방에 있어서 좋더라구요 상담도 넘 친절하게 해주시고 자세하게 설명해주셔서 좋았어요❣️ 무엇보다 시설 깨끗해서 맘에 들었습니다!,"여성전용+지상층이 큰 장점이고 PT샵+헬스장느낌을 주는곳은 암사역 근처로는 유일하지 않나 싶어요 대형 헬스장에서 PT받고싶지는 않고, PT샵에서 운동하기엔 개인운동 유산소기구가 없어서 문제였던 저의 니즈엔 딱이었어요😀 회원복, 수건 제공 되니까 편하
고, 개인 파우더룸, 샤워실이 있고 깔끔해요 저는 주시웅쌤과 5회째 운동중인데 왕 친절 꼼꼼히 봐주시고 헬린이인 제가 이해하지 못하면 여러 방법으로 될때까지 알려주세요😀 사실.. 잘 못하는데 칭찬 마니 해주셔서ㅋㅋㅋㅋ용기를 받고 하고있숩니다!!!!",헬스는 하고 싶은데 어떻게 운동할지 모르는 사람입니다. 소정쌤이라고 1:1 pt 전문으로 하는 분이 상담해주셨고 1회 체험해보고 고민할거없이 걍 24회 끊고 왔습니다ㅋ 한번 했는데 스트레스 풀리고 너무 상쾌했네요~ 열심히 다녀볼게요><
54,,,,,,,,,,
55,"왜..피티 전문에서 운동을 해야하는지 알게된곳 입니다...(태어나서 첫 피티를 받는 헬린이라면 헬스장 피티 받지마세요...ㄹㅇ ) 하나부터 열까지 진짜 너무 꼼꼼하게 잘 봐주시고, 돈전혀 아깝지 않습니다. 피티는 눈길도 주지 않았었는데ㅋㅋㅋㅋ 헬린이에게 눈길주게 해주셔서 감사합니다!ㅎㅎㅎ🤭🤭","헬린이가 쓰는 찐 내돈내산 리뷰! 태어나서 다욧트도 운동도 처음인데 피티 목적에 맞춰서 트레이닝을 정말x1000000 잘해주세요!! 저는 다이어트가 목적이였는데…. 백마디 말보다 제 어깨라인 사진이랑 인바디 결과 보시는게.. 🫢🫢🫢 운동기구나 샤워실 
모두 다 깔끔하고 쌤들도 엄청엄청 친절하시고 성격도 너무너무 좋으세요! 다들 파워E 이신가봐요 >< 운동할때도 자세 정확하게 잘 봐주시고 흥미를 잘 이끌어주셔서 운동 극혐하던 제가 재연장까지 했어요 ㅋㅋㅋㅋ 진짜 미미피티 모르는 사람 없게 해주세요 💙",운동을 한번도 해보지 않아서 피티에 대한 두려움이 컸는데 걱정했던거랑 달리 쌤들이 너무 친절하고 특히 헬린이인 저에게 어려운 동작 하나하나 섬세히 잡고 넘어가주셔서 즐겁게 하고 있어요!기구도 다양해서 원하는 부위별로 근육 짱짱하게 키울 수 있고 주변 운동 시설들이랑 비교했을때 가격까지 합리적이여서 피티 회차가 늘수록 내돈내산이 아깝지 않은..! 👍💕,부위별로 운동하는 방법을 자세히 알려주시고 조언해주셔서 좋습니다. 또한 경험에서 우러나오는 식단에 대한 조언도 도움이 많이 됩니다. 만족스러워서 재등록 의사도 있는데 할인해주시면 좋겠네요^^,"미미피티 3월초부터 시작해서 지금까지 3개월정도 수업 받고있습니다! 73kg -> 55kg !! 현재 18kg 감량했습니다! 바프를 목적으로 와서 아직 빼야 할 살이 더 많지만 선생님이 늘 잘 알려주시고 관리해 주셔서 스트레스 받지 않고 재밌게
다이어트 중입니다 ㅎㅎ 식단관리부터 개인운동 스케쥴 전부 체크해주시고, 미미피티 선생님들 전부 친절하고 재밌으셔서 운동가는게 즐겁습니다!!! 미미피티 유산소 기구도 다양해서 지루하지 않고 이해할수있게 쉽게 설명해주셔서 헬스를 처음 해보는 저도 재미를 느낄수 
있었던것같습니다!!! 이제 드디어 이번주 바디프로필 촬영인데, 미미피티에서 서포트도 잘 해주시고 너무 감사합니다 👍👍 미미피티 덕분에 올 해 버킷리스트를 이룰수 있을것같습니다!! 미미피티 화이팅!!","쌤들 모두 너무 친절하게 대해주셔서 항상 즐겁게 운동하고 있어요 !
1대1 코칭으로 저에게 맞는 운동법이랑 식단 짜주셔서 살도 단기간에 엄청 많이 빠졌고 운동에 흥미가 생겨서 앞으로도 쭉 열심히 운동 하려구요 !
덕분에 지방이 탈출 했어용 미미피티 짱 입니당 ~~!!",피티 수업 처음 받아보는데 미미피티 쌤들 모두 엄청 친절하시고 열정적으로 운동 가르쳐주셔서 재밌게 운동 하고 있어요 ! 시설도 깨끗하고 기구도 다양해서 좋아요 ! 쌤과 함께라면 다이어트 성공할 수 있을 것 같습니당👍🤍,"최근에 살이 많이 쪄서.. 🤦‍♀️ 충동적으로 상담예약하고 방문했는데 생긴지 얼마 안되어서 시설도 깔끔하고 기구도 다양했어요! 시국이 시국인지라 많은 사람이 이용하는 헬스장이 아닌 피티샵이라 소수만 이용할 수 있다는 점도 마음에 들더라구요 상담도 너무 친절하게 해주셔서 큰 결심하고 등록했습니다! 처음에는 스스로 살을 꼭 빼야만 한다는 생각으로 약간 억지스럽게 (?) 시작했지만 처음해보는 운동도 이해하기 쉽게 알려주시고 제 운동수행능력에 맞게 루틴도 잘 짜주셔서 자연스럽게 운동에 대한 흥미도 생기게 된거 같아요! 점점 몸에 변화가 생기고, 또 체력도 느는게 느껴져서 올해 가장 잘한 선택인 것 같단 생각이 드네요 😎",가격도 합리적이고 갈 때마다 친절하게 인사해 주시고 식단 개인 운동까지 다 챙겨주셔서 너무 좋아요!!,홈트로만 운동하다가 처음으로 피티를 받아봤는데 자세를 꼼꼼하게 봐주셔서 내가 알던 동작들도 올바른 자세로 운동해야 한다는걸 느끼면서 하고있어요! 너무 친절하게 잘 가르쳐 주셔서 재밌게 운동하고 있어요👍
56,오랜만에 한 번 다시 방문해서 운동했습니다! 오랜만에 가니까 새로운 기구들도 추가돼있고 여전히 시설이 깔끔하고 좋더라구요ㅎㅎ 저번에 왔을때도 느낀 거지만 기구들이 정말 다양한데다가 운동할 때 자극이 팍팍 꽂히는 느낌이라 너무 기분 좋게 운동한 것 같습니다😄👍,길동쪽에 헬스장이 많지만 역시 김현진153짐만한 곳은 없는거 같아서 평생 다닐 예정입니다🥰🥰 무료pt 수업도 꼼꼼하게 알려주시고 기구들도 좋지만 잘 알려주시는 은진 선생님 덕분에 안그래도 재밌는 운동에 더 빠져 버렸네요 153짐 강추👍🏻,헬스장 여기저기 등록해봤지만 그중에 탑인듯 싶습니다 시설 깔끔하고 넓고 런닝머신이랑 파워렉도 많습니다 원판머신 핀머신 구역이 따로 되어있어서 운동하기도 편리합니다 원판머신 종류도 부위별로 다양해서 운동할때 너무 좋네요 기간 끝나도 무조건 다시 등록할것 같네요!,"솔직히 강동구 최강이라 할만한 헬스장입니다. 공간 넓은건 말할것고 없고, 기구도 다양합니다. 웨이트 좋아하시는 분들에겐 에버랜드 급입니다. 덤벨도 50kg까지 있고 스쿼트렉이 4개!! 유산소 존에도 부족함 없이 들어찬 트레드밀 들이 피크타임에도 기다리지 않아도 됩니다.","재등록했습니다~ 우리동네에 이런 센터가 생기다니 정말 감사할 따름입니다🤧 강동구 헬스장 다 다녀봤지만 규모나 기구, 시설 압도적입니다. 그리고 아무리 시설 좋아도 불친절하면 가기가 싫은데 대표님 항상 반갑게 맞아주시고 상담선생님이랑 트레이너 선생님들 모두 엄청
 친절하셔서 기분 좋게 다니는 중이예요~ 전 윤수선생님한테 레슨받고 제 아내는 은진선생님께 레슨 받는데 선생님들 모두 대표님 제자라 그런지 진짜 최고👍👍 나머지 선생님한테도 다 수업받아보고 싶은데 어떡하죠🤣","다른 운동을 많이 해봤지만 헬스장은 처음이라 상담 할 때 부터 많이 걱정했는데 매달 OT수업과 담당 트레이너를 통해 다양한 기구 사용법과 운동 방법을 알려주셔서 너무너무 만족하며 이용하고있습니다!
첫 오픈 하자마자 다니기 시작해서 거의 매일매일 꾸준히 다니고 있어요ㅎㅎ 시설도 깔끔하고 기구도 정말 많아서 잘 못하더라도 운동할 맛 나는 헬스장입니당◡̈ෆ","이번에 재등록해서 다시 리뷰 작성합니다^^ 2월부터 다니고 있는데 계속해서 다양한 기구 그립 매트들이 추가되네요 ㅋㅋㅋㅋ 대표님이 센터에 얼마나 진심인지가 보이는거 같습니다🤩🤩
유산소존 웨이트존 각 구역마다 천장에 에어컨이 세대씩이나 설치 돼 있어서 여름 장마철인데도 습하지 않고 시원하게 운동했습니다~🥰🥰 
꾸준하게 청결하고 선생님들도 다 친절하게 인사해주셔서 기분좋게 잘 다니고 있습니다~!! 앞으로도 운동은 계속 김현진153짐에서 할 예정입니다!!!","운동시작이 두려운 헬린이인데도 여기라면 꾸준히 운동하고 싶다는 마음이 드는 헬스장을 찾은거 같아요!!! 사진에 다 안 담길정도로 큰 규모와 다양한 기구들로 퇴근 후 시간에 가더라도 기다림 없이 운동기구들을 이용할 수 있어서 너무 좋아요!! 무엇보다 여기 트레이너
 선생님이 너무 친절해여!! 원하는 방향데로 운동도 짜주시고 자세도 엄청 세세하게 잘 봐주시는거 같아요~👍🏻","김현진153짐 과연 대표님 명성에 걸맞게 완벽한 헬스장이네요! 강동구 아니 타 지역포함해서 이정도규모의 헬스장은 처음 와봤습니다 . 공간이 무척넓어서 운동하는데 전혀 불편하지않고 상담또한 너무 친절하시며 , 시설관리를 진짜 열심히하셔서 그런지 정말 청결하네요 ! 다들 꼭 한번씩 들려서 운동하시길 바랍니다 !","우선 헬스장이 정말 넓어요! 운동 전후 샤워실 및 탈의실이 깨끗하고 락커도 많구요!! 전문 선생님한테 배우는게 가장 좋디만, 운동기구에 대해서 아무것도 모르는데 기구마다 붙어있는 명칭이며 사진으로 보고 따라하거나 배울 수 있을거같아요. 웨이트존 유산소존 나눠
져이썽서 집중해서 운동 할 수 있어요!! 주변헬스장에서 이 사이즈에 기구종류 따라올 곳 없을거같아요~~~~"
57,밀리언짐 오픈때 부터 다니고 있는데 쌤들 다들 친절 하시고 시설도 너무 깨끗하고 좋은 기구들이 많아요~^^ 운동을 잘 알지 못해서 좋아하지 않았는데 마르코 쌤이 수업을 재미있고 체계적으로 해주셔서 2년 동안 꾸준히 받고 있어요ㅎㅎ,"세번째 피티 연장입니다ㅎㅎ 21년 11월 말에 반신반의로 체지방과 함께 운동 시작했는데 8-9키로 감량했어요!! 역시나 맥스 선생님 덕분입니다! 헬린이에게 어렵고 두려운 부분에 대해 걱정 없도록 처음부터 끝까지 친절하고 체계적으로 알려주셔서 이제는 혼자서도
나름 운동다운 운동을 하고 있어요. 그럼에도 세번째 연장하는 이유는 수업을 들어보시면 직접 느껴보실 수 있을것 같아요~ 선수 준비하시는 분들도 수업 들으실만큼 모두에게 추천드립니다!! (맥스쌤 인스타도 조심스럽게 첨부..) 비록 바빠지셔서 제 스케쥴이 안좋아지
더라도 매우 강추합니다👍🏻 헬스장이 넓은건 아니지만 운동하기 쾌적한 환경이고 모든 선생님 친절하세요. 기구들도 좋은 브랜드라 쇠질하는 맛이 가득해요. 오셔서 함께 하체 고통을 느껴보아요~","베카쌤이랑 30회 세션 거의 마쳐가요 운동 오래쉬어서 체력이 바닥이었는데 제 몸에 맞게 차근차근 맞춰서 체력 키워주시고 지루할 틈없이 재밌게 운동하고있어요. 다른곳에서 운동 꽤 했지만 여기서 운동하고 매일 근육통에 시달리는.. ㅠㅠㅠㅠ 제대로 운동이 되나봐요 
😆😆 매일 한시간이 빨리가네요~ 매일 에너지 2000프로로 재밌게 수업해주시는 울 베카쌤 추천해요❤️ 쌤 몸매가 너무 부럽다는…ㅎㄷㄷ😭 여기 기구가 생전 처음 보는것도 많고 장비빨 최고예요!! 역시 운동은 기구빨!! 특히 천국의 계단하구 힙운동 기구 제가 
다녀본곳중 최고👍 운동효과는 정말 ㄷㄷ👍","허리통증때문에 피티를 받았습니다.
스텔라쌤께 상담을 받으면서 불편한 곳이나 몸상태를 체크한 다음 운동 목표를 정해서 피티를 시작했습니다! 웨이트는 처음이였지만 설명도 잘해주시고 운동할때 쌤 에너지가 너무 좋아서 피티시간이 순삭입니다. 짱짱👍
그리고 운동 시작한지 2-3주 뒤부터 허리통증이 많이 줄어서 너무 좋았습니다! 피티 다 받은 지금 허리통증없이 일상생활하고 운동에 재미도 조금씩 느껴서 이번에 또 등록했어용ㅎㅎㅎ",우선 운동의 정보를 잘 모르는 상태로 갔는데 상담을 굉장히 자세하게 해주세요ㅎㅎ 지금 몇 번 피티 받아봤는데 자세도 잘 봐주시만 이 자세가 왜 이렇게 나와야하는지 이론적인 부분도 설명을 잘 해주셔서 피티 끊은 보람이 있는 거 같습니다..! 암사역 인근에 헬스장 많은데 밀리언짐 추천할게요! 그리고 피티 받고 싶으신 분들은 마르코 선생님 추천드립니다ㅎㅎ,암사역 주변이랑 많은 헬스장을 와봤지만 이곳만큼 운동하기 편하고 여유롭게 잘진행 해본곳은 이곳이 처음이라 더 자주 와서 꾸준히 오랫동안 운동할거같아요 역 바로 옆이라 왔다갔다하기에도 편리하고 좋네요 👍🏻👍🏻👍🏻 비싸다는 천국에 계단도 있어서 뻑갔네요,"운동이런걸 처음 시작해보는거라 나도 될까..? 하는마음으로 시작했어요! 상담해주실때 제 인바디와 함께 정확한 몸상태와, 앞으로 이렇게 진행하면 될꺼다 등 구체적인 계획을 친절하게 설명해주셨어요.솔직히 그때까지만 해도 저 몸을 못믿었기 때문에 해보고 안되면 말자는 가벼운 마음을 조금 갖고 시작했는데 30회를 진행한 지금 만족스러운 결과를 향해 달려가고 있어요!! 저는 나디아 쌤이 하란대로! 먹으란 대로! 하지말란건 안한 것 밖에 없어요! :) 할수있다는 의지만 갖고 온다면 우리 밀리언짐 쌤들이 원하는 결과를 얻을수있도록 딱 붙어서 도와주실거예요♥♥ 남은 시간도 잘 부탁드려요♥",일일권이여도 데스크에서 친절히 설명해주시고 이용하기 편하게 해주십니다 자주 이용할것같아요,"PT는 처음인데 메간쌤한테 벌써 50회 받고 연장도 했어용👏🏻그만큼 자세도 잘 봐주시고 지치지 않고 꾸준하게 운동할 수 있게 케어 잘 해주십니당💪🏻
근육도 많이 늘고 체력도 좋아져서 하루 하루 너무 건강해진 느낌!!다른곳 가지 말고 여기 정착하세용😎메간쌤 감사해용💕",밀리언짐 암사 너무 좋아요💓 나디아 쌤께 벌써 3번째 등록이에요💓 운동 너무너무 싫어하지만 3번째 등록이라는거에서 더이상 말이 필요없쥬..💓운동이 너무 재밌어졌어요🙂
58,"- 강동구청역 2번출구에서 도보 약 10분(800m) - 버스(3220번,3319번)이용 시 강동보건소 or 한양수자인아파트 정류장 하차 도보이용 - 강동경찰서 옆","SOMA FIT-IN의 유례는 신체,몸이라는 뜻의 SOMA와 자동차 경주에서 경주차가 수리,조정,점검,연료보급,타이어 교환 등의 이유로 피트로 들어오는 PIT IN 의 행위에서 영감을 받아 알파벳 'P'를 건강을 뜻하는 Fitne ss의 'F'로 상징화 했습니다. 당신만의 위치에서 당신만의 치열한 경주를 펼치고 있는 당신의 Life속에서 SOMA FIT-IN은 당신에게 쉬어 갈 수 있는 공간, 재정비를 하는공간, 다시 채워서 힘을 낼 수 있는 공간을 제공 합니다. 당신 만을 위한 새로운 CUBE 형태의 운동공간입니다. 각기의 목적에 따라 세팅된 CUBE에서 당신만을 위한 운동을 시작하세요.",,,,,,,,
59,오늘 처음 피티 받았는데 어깨가 다 풀어졌어요~~^^ 여자 선생님이 칭찬도 많이 해주셔서 편하고 선생님도 설명해주시며 더 신나하시는것같아요 즐겁게 수업 받으러 갈 것 같습니다~^^,새로 오픈해서 시설도 너무좋구 샘들도 친절하구 좋아요~^^ 여기서 pt받고 살 많이 빠졌어요 감사해요~~ 번창하세용 !! ❤ 번창하세용 ❤,인테리어 내부도 시설두 깔끔하구 엄청 넓어요 선생님이 너무 친절하게 잘 알려주시구 여기서 pt받고 효과 많이 봤어요~~ㅎㅎ 기구활용법 잘 알려줬습니다 ❤,초보자들이 다니기 짱입니다. 여자선생님 있어서 넘 편하고 좋아요. pt강요 안해서 좋아요~^^,"트레이너분들이 친절하고 가격도 너무 착해요
시설도 넓고 깨끗해서 좋아요","가성비 갑이에요!! bb 기구도 많고, 깔끔해요. 트레이너 분도 친절하시구여!! 몸짱이 될겁니다!!! ㅋㅋ",가깝고 운동하기 편하고 좋아요!!!,"복잡한곳보다 훨씬 나아요
운동 편하게 다닐수 있어서 좋아요!
트레이너분들이 친절해서 좋아요^^",굿,코치님 덕분에 운동도 재미있고 식단관리 잘해주셔서 효과 많이 봤어요! 다른곳은 비싸고 수업시간도 짧은데 여기는 넘 잘알려주셔서 백퍼 만족입니다. 감사드려요 조만간 다시 방문할께요!!
60,"이사오고 나서 첫 방문부터 어수선한 다른 헬스장과는 달리 깔끔하고 정돈된 모습에서 다른덴 돌아보지도 않고 다음날 바로 등록했습니다 ! 혼자서 여차여차 운동하고 있는데 먼저 다가오셔서 pt예약도와주셨는데, 두번씩이나 상체 하체 꼼꼼히 봐주신 김주현 트레이너님 덕에
 진짜 운동하는 느낌 확실히 받았어요 ! 길게 몸만 움직이는게 아닌 짧지만 굵게 부위부위 근육쓰는 느낌이 역시 트레이너쌤과 함께 해야한다는걸 확실히 느꼈습니다ㅠㅠ 앞으로도 대박나세요 !!","재활겸 체력증진을 위해 박세온쌤한테 수업 받고있어요^^ 너무 잘 가르쳐 주십니다~. 기본부터 자세까지 디테일한 수업과 내가 정말 수업을 제대로 받고 있는구나 느낄정도로 열과 성을 다해서 가르쳐 주셔서 앞으로도 쭉 다니면서 pt도 받으려고 합니다. 최고! 그리고
 아무리 시설좋아도 불친절하면 다니기 싫은데 모든 선생님들이 친절하셔서 정말 기분좋더라구요. 장마철인데도 공기청정기와 제습기에 에어컨까지 있어 쾌적하고 깔끔하네요. 신경 많이 써주시는듯해요ㅎㅎ 모션짐 계속 다니고싶어요 추천!",그동안 헬스장 3곳을 옮겼는데 제일 마음에 들었습니다! 오픈한 지 얼마 안돼서 기구도 정말 깨끗하고 시설도 정말 청결합니다. 트레이너 선생님들도 정중히 인사해주시고 지나다니시면서 자세도 고쳐주셔서 너무좋았습니다! 헬스 입문 하시는분들 모션짐 강추합니다! : ),회사 근처에 헬스장이 오픈했다는 전단지를 보고 상담받으러 가봤는데 지하인데도 다른데랑 다르게 밝은느낌이라 쾌적하고 더 좋아보였다 기구도 좋고 가격도 좋고해서 바로 등록ㅎㅎ 이제 오픈셔서 번창하세요ㅎㅎ,회사 근처에 헬스장이 생겨서 7개월 끊고 현재 1개월 정도 다녔어요. 기구들 상태도 엄청 깔끔하고 종류도 많고 지하라고 해서 전혀 습하거나 칙칙하지 않은게 평소에 트레이너 선생님들이 기구들은 얼마나 잘 관리하는지 느낄 수 있어요. 집이나 회사가 강동역 근처라면 한번 와서 운동해보세요!,"집근처 운동할 곳을 찾다가 발견한 모션짐 보통같으면 리뷰안남깁니다. 굳이? '바쁘다 바빠 현대사회'....귀찮아서. 그런데 전화로 가격/위치문의를 했습니다. 매우 친절하게 안내해주셨어요 ㅎㅎ 다른 헬스장은 방문하면 상담하준다고 하고 끊어버리기 일수인데 시설도 깔
끔하고, 운동기구 하나하나가 신경쓴 티가나마음에 들었고 바로 결제했습니다. 김지현 트레이너님과 운동했는데, 너무 잘알려주셨어요. 자세 하나하나, 불편한점 말씀드리면 바로 반영해서 특이점 설명해주시고, 단시간에 빡세게 운동시켜주시는데 너무 좋았어요. 쾌적한 공
간, 운동 잘 알려주고 빡세게 시키는 트레이너 찾으시면 모션짐 추천합니다. 아니다, 그냥 다니세요. 한번만 가봐도 알겁니다. 오늘도 친절하게 자세히 알려주셔서 감사해요!",세온쌤이랑 운동한지 두달 정도 됐는데 몸이 바뀌고 있는게 느껴져요! PT는 예전에도 받아본 적이 있는데 크게 흥미를 못 느끼고 끝났는데 지금은 운동하면서 근육 붙는게 느껴지고 자세도 꼼꼼히 봐주시고 운동 끝나면 뿌뜻함도 느껴지고 점점 헬스에 흥미를 가지게 됐습니다! 시설도 깔끔하고 기구도 많아서 운동하면서 질리지 않는다는 점도 좋은 것 같아요! 헬스장 찾고 계신 분들이라면 강추합니다!!,"지인분 이야기를 듣고서 상담받았는데 너무 친절하시고 자세히 이야기 해주셔서 등록했습니다! 시설도 깔끔하고 지하인데도 너무 밝고 디자인도 예뻐서 좋아요!😃 헬스장은 처음인데 PT도 꼼꼼히 봐주시고, 무릎이 안 좋다보니까 불안했는데 너무 친절하게 잘 챙겨주세요
! 몸 상태 확인도 친절하게 잘해주시고, 아픈 부분도 잘 케어해주셔서 너무 좋습니다! 처음인 헬스장인데 너무 마음에 들어서 오래 다닐 예정이에요!! 좋은 곳으로 다니게 되어서 추천하는 곳입니다~😊",이제 5주차된 헬린이입니다~ 30대 평생 근력운동을 해본적이 없고 근육량이 평균미달이라 걱정 많이 했는데 선생님께서 상세한 상담! 철저한 관리! 실력있는 수업! 으로 이끌어주셔서 포기하지 않고 배워가고 있습니다 3개월뒤에 변화된 체형 기대하며 하루하루 열심 하고 있습니다ㅎㅎ! 다른 선생님들도 넘넘 친절하게 맞이해주시고요!! 오픈 헬스장 분위기도 너무 좋고 강동구 어디에도 이렇게 고급진 헬스장은 찾을수가 없었는데 다니게 되어서 넘넘 좋습니닿ㅎㅎ! 완전 강추드립니닷🙂😊😊⭐️,"3개월 회원권만 등록 했는데 OT진행을 2번이나 해주셔서 상체운동, 하체운동 골고루 배울 수 있어서 좋았습니다 알고있던 운동방법과 OT때 배운 운동방법 두가지 함께 응용해서 즐거운 운동생활 하겠습니다 트레이너 선생님들 모두 반갑게 인사해주시고, 친절하
셨습니다 :) 그리고 모든 기구 및 시설이 깨끗하고, 지하에 위치했음에도 불구하고 답답한 느낌이 전혀 없었습니다"
61,항상 코치님이 친절하시고 운동도 다치지 않게 체계적으로 잘 지도해주세요 체육관도 넓은곳으로 얼마전 이사해서 많은 인원도 쾌적하게 운동할 수 있어요 여러가지 운동을 해봤지만 크로스핏만한 운동이 없는거 같아요,마음만은 헬린이처럼 다니고 있습니다 꾸준히 다니니 근육도 생기고 정적인 운동이 아니라 좋습니다💪💪 인바디 재고 싶을때마다 그냥 가서 부담없이 잴 수 있어서 좋습니다 확장이전 하셨다고 들었는데 시설도 넓고 쾌적하여 추천합니다 👍👍,,,,,,,,
62,신수홍 선생님께 한 달 정도 피티 진행중입니다! 너무 만족스럽고 재밌게 다니고 있어용ㅎㅎ 시설도 이번에 새롭게 바뀌면서 깔끔하고 밝은 분위기가 좋아요!!💛💛 그리고 선생님께서 저한테 맞는 수업방식과 운동으로 제 몸이 건강해지는 걸 느껴용ㅎㅎ 또 근육 쓰임새나 위치를 자세히 알려주셔서 매번 관련 지식을 배워갑니다ㅎㅎ 여기 피티샵에서 운동하면 더 잘되는 것 같아용ㅋㅋㅋㅋ 앞으로도 잘 부탁드립니댜‼️👍👍,"처음 방문했을 당시에는 맨몸 스쿼트도 힘들어했는데 지금은 40kg을 들고 스쿼트를 할 정도로 저의 운동 능력이 많이 상승됐습니다.
체력이 너무 약해 일상생활이 힘들었는데 지금은 체력이 너무 많이 좋아졌어욤😆😆
항상 친절하시구 꼼꼼하게 저의 운동자세를 체크해주시는 선생님 덕분에 운동 자신감도 많이 얻고 몸적으로도 정신적으로도 건강해졌습니다!👍👍","결혼 준비 당시 10키로 가까이 감량하여 굉장히 만족 하였지만 일년 조금 넘어 원상 복귀되어 다시 찾게 되었네요…^^; 타 센터에 비해 선생님들 한분 한분 모두 전문가라는게 느껴지는 곳 입니다. 시설도 넓고 기구들도 다양한 반면에 피티 회원들만 이용할 수 
있다는게 굉장한 장점이라 또 다시 찾게 되었네요~ 이번에 바프 준비하는데 꼭 성공 할 수 있도록 지도 편달 해주세요~~~ㅋㅋ🙏","피티는 처음이라 많이 서툰데도 항상 친절히 잘 알려주셔서 좋아요
자세도 잘 잡아주시고 통증이 있는지 없는지도 계속 체크해 주셔서 건강하게 운동하고 있다는 생각이 듭니다. 피티 다니면서 운동능력도 많이 향상되었어요..!",선생님이 친절하고 시설이 깔끔하고 넓고 쾌적해요! 2주다녔는데 앞으로도 열심히 즐겁게 운동을 잘 다닐거같아욥💓💪🙌,기구가 좋아요 특히 벨런스 운동하기에 좋은기구가 많아요 ㅎㅎ오픈한지 얼마 안돼서 깔끔하고 트레이너 선생님들도 친절합니다^^,PT 처음 받아보는데 친절하게 알려주시고 처음 체형 교정부터 체력 기르는 것까지 체계적으로 알려주셔서 좋아요! 운동 등록하면 몇 번 못나가는 의지 부족인데 열심히 할 수 있을 것 같습니당,"강동구 길동 최고 pt샵! 라이프체인지 20회만에 벌써 주변인들이 알아볼정도로 체인지 중입니다!
체계적이고 친절한 쌤들, 쾌적한 공간으로 헬스가 재밌어졌어요!","살도 많이 찌고 체력도 자꾸만 떨어져서,, 열심히 운동 해보려구 준혁 선생님 만나서 운동시작했는데🙂 벌써 2개월이 지났네용ㅎㅎ 저는 헬스장 등록해도 등록만 하고 가지도 않을 정도에요ㅋㅋㅋ🥲 이렇게 제대로 운동해보는건 처음인데 힘들어도 선생님이랑 운동 열심히 하
면 뿌듯하고ㅋㅋ 너무 좋아요🙆‍♀️ 수업때 차근차근 설명해주시면서 운동 자세 꼼꼼히 잡아주셔서 저 같은 사람에게도 많이 어렵지 않아요🙂 체중,식단 관리도 해주셔서 두 달 동안 한 달에 3kg씩 빠졌어요😝 무릎 아픈거랑 체력도 좋아져서 운동 전보다 확실히 몸이 
가뿐해요🧚‍♀️ 운동은 무조건 하는게 맞나봐요,, 꾸준히 해보려고 재등록 했어요!!준혁 선생님🤍 항상 감사해용^_^ 앞으로도 홧팅!!💪💪","체력증진을 위해 처음으로 PT등록 했습니다
현재 저한테 부족한 부분에 대해 설명해주시고, 운동 방법&자세 등 잘 알려주시며 이해가 안되는 부분이 있으면 반복해서 알려주십니다
칭찬과 격려를 계속 해주시면서 빡세게...운동 시켜주셔요...😇덕분에 열심히 운동하고 있습니다:)"
63,"체험수업받고 등록했습니다.
아직 오픈한지 얼마 안되어서 가격이 완전 착해요!",좋아요,,,,,,,,
64,"체험수업 받을때 너무 힘들었는데 힘들때 열심히 이끌어 주셔서 운동 열심히 했습니다.
코로나 핑계로 집에서 놀고 먹다보니 완전 나태해졌는데 집앞에 이런곳이 생겨서 너무 만족스럽게 운동 다닐수 있을거같아요. 앞으로 잘 부탁드려요~","원래 이런거 안쓰는데 체험수업 받고 너무 만족스러워서 리뷰 남기네요 나만 받기는 너무 아쉬운거같아요 다른사람도 많이 보고 체험수업받아봤으면 좋겠네요 새로 인테리어한 곳이라 깔끔하고 운동기구도 전부다 새거라서 마음에 드네요 샤워실이나 다른 부수적인 시설이 깔끔하
고 소규모 인원이 이용하기 딱 좋게 되어있는거 같아서 만족스러워요 . 사람 많고 번잡한곳 싫어하는데 완전 취향 저격이네요.","헬스장다니면 맨날 러닝머신이나하고 자전거만 하다가 집에 갔는데 PT 받아볼까 하다가 여기 찾았네요 가격도 합리적이고 수업 방식도 참신해서 직장인들이 다니기 너무 좋은곳인거같아요. 어플로 시간예약에서 수업 듣는 방식도 너무 마음에드네요 . 체험수업 하느라 수고
하셨습니다! 정식 수업때 뵙겠습니다 .감사합니다","주자장도 무료로 이용할수 있고 좋네요. 다른 곳과는 다르게 기간제로 이용한다고 해서 궁금해서 방문했는데 운동프로그램 마음에 들어요 
감사합니다","트레이너쌤 최고였어요!! 입으로만 운동해야지해야지하다가 마음먹고 무료체험수업 등록하고 방문했는데 말이 체험수업이지 완전 죽는줄알았습니다. 체험수업이라서 가서 얘기만하고 올줄 알았는데 체험운동을 이렇게 열심히 시킬줄 몰랐네요 제가 완전 운동초보라서 하나부터 열
까지 다 알려주셔야 했는데 절 이끌고 수업 진행하느라 수고하셨어요. 체험수업 받으면서 회원등록 하기로 마음 먹었습니다. 오후타임 3개월 회원권도 다른 곳이랑 비교해보면 저렴한거 같아서 3개월으로 할인 이벤트 받으며 질렀습니다 앞으로 잘부탁드립니다.","코로나 핑계로 운동 거의 안하다가 도저히 안될거같아 체험수업 신청해서 수업 받았습니다. PT만 하는 센터라 마음에 들어 체험수업 신청했습니다. 처음 왔는데 상담 잘해주시고 친절하게 빡세게 체험수업 진행했네요. 운동가르치느라 너무 수고 많으셨습니다. 인바디 결
과보는 순간부터 결제해서 열심히 다녀야겠다고 생각해네요. 다행이 오픈이벤트 기간이고 오전회원권이 너무 저렴해서 바로 3개월 질러버렸습니다. 앞으로 잘 부탁드리고 다이어트 열심히 하겠습니다","시설 깔끔하고 좋아요 
체험수업 받아보고 만족스러워서 등록했습니다",대체로 만족스러워요 시설도 깔끔하고 샤워실이나 탈의실을 혼자쓰는게 개인적으로 좋았습니다. 수업방식도 마음에 들고 가격정인 부분이 가장 마음에 드네요. 1달 다녀보고 꾸준하게 운동 해볼 생각이네요.,상담 친절하고 기구들도 너무 깨끗해서 좋았습니다. 사진찍으니까 너무 이쁘게 나왔어요 ㅋㅋ 주차도 되고 집도 가깝고 트레이너님 너무 친절하시네요. 여러방면으로 운동하기 너무 좋은곳이에요. 체험수업 잘했습니다 감사합니다.,"몸 불편한곳이 많아서 재활겸해서 운동다니려고 하는데 재활관련 프로그램도 따로 준비해주신다고 하니 믿고 다니기로 했습니다. 거북목이 너무 심하고 어깨랑 목이 너무 아팟는데 체험수업하니고 나니 다른곳이 아파서 그런지 목통증은 모르겠어요 ㅋㅋ
몸치인 저 수업 알려주시느라 수고하셨습니다. 우선 1달 다녀보고 또 등록하도록하겠습니다."
65,"설레는 맘으로 여성전용 헬스장에 등록하게 되었어용💕💕 기대반 궁금반 등록해서 운동하고 있네여 상담 직원분들도 친절하시고 샤워실도 분위기 정말 깔끔해요😁😁 나만 알고싶은 헬스장😷 공기청정기도 있고 쾌적하게 운동가능해서 더 만족스럽네요😍 헬스장 올때마다 항상 설레
요❤️",예약 후 등록했는데 오픈센터여서 너무 깨끗하고 친절하시네요😊 휘트니스피플이 여성전용으로 유명하다고 들었는데 이유가 있었네요 이번엔 마음먹고 왔는데 다이어트 꼭 성공해야지ㅜㅜ!!,,,,,,,,
