id,name,address,phoneNumber,lat,lng,img,grade
1,유진헬스클럽,"서울특별시 광진구 자양번영로 42 (자양동, 공주빌딩)",446-6405,37.53332968,127.073089,,
2,휘트니스피플우먼 구의점,"서울특별시 광진구 아차산로 380, 5층 (자양동, 세화빌딩)",447-1660,37.53659631,127.0821287,https://search.pstatic.net/common/?autoRotate=true&type=w560_sharpen&src=https%3A%2F%2Fldb-phinf.pstatic.net%2F20210804_132%2F1628073405407YpM4j_JPEG%2FRHKL_OZrs6EkDgcoQtQDdYKA.jpeg.jpg,4.71
3,휘트니스헬스타운,"서울특별시 광진구 자양로26길 31 (구의동, 명진빌딩)",452-1397,37.54157681,127.0828495,https://search.pstatic.net/common/?autoRotate=true&type=w560_sharpen&src=https%3A%2F%2Fldb-phinf.pstatic.net%2F20220509_158%2F1652074607097gMhzF_JPEG%2F%25B0%25C7%25B4%25EB%25C7%25EF%25BD%25BA_%25C7%25EF%25BD%25BA%25C0%25E5_%25C5%25B8%25BF%25EE%25C4%25C9%25C0%25CC1.jpg,
4,나우휘트니스,"서울특별시 광진구 자양로22길 24 (구의동, 천서빌딩)",452-0431,37.53949075,127.0818019,https://search.pstatic.net/common/?autoRotate=true&type=w560_sharpen&src=https%3A%2F%2Fldb-phinf.pstatic.net%2F20220101_145%2F1641033251394m8vt9_JPEG%2F609117F1-7A1A-4910-9C1E-F935C1392F36.jpeg,
5,머슬 H 휘트니스,"서울특별시 광진구 군자로 108 (군자동, 군자빌딩)",,37.55258771,127.0691911,https://search.pstatic.net/common/?autoRotate=true&type=w560_sharpen&src=https%3A%2F%2Fldb-phinf.pstatic.net%2F20210410_35%2F1618053516839TnXn8_JPEG%2FFjUoKGxaugKNI42jbQvD-DLZ.jpg,
6,시티짐 군자,"서울특별시 광진구 군자로 75 (군자동, 지장빌딩)",462-1128,37.54994968,127.0677454,https://search.pstatic.net/common/?autoRotate=true&type=w560_sharpen&src=https%3A%2F%2Fldb-phinf.pstatic.net%2F20220614_134%2F1655187109279zKcQG_JPEG%2F4T4A6618.JPG,
7,화인헬스,서울특별시 광진구 자양로 173  (구의동),455-9560,37.54321983,127.0813432,,
8,바디메이트 짐,"서울특별시 광진구 용마산로 10, 4층 (중곡동, 대붕빌딩)",444-2944,37.5544905,127.0859237,https://search.pstatic.net/common/?autoRotate=true&type=w560_sharpen&src=https%3A%2F%2Fldb-phinf.pstatic.net%2F20210315_175%2F1615740047825yjjzq_JPEG%2FgwLmXbgns20cNtPKNDHAI0Nk.JPG.jpg,
9,파워존,"서울특별시 광진구 영화사로 1  (중곡동,2층)",02-444-0844,37.55870781,127.0853229,,
10,파나마 헬스클럽,"서울특별시 광진구 자양로26길 31, 2층 201호 (구의동, 명진빌딩)",452-1397,37.54157681,127.0828495,,
11,비스코헬스케어,"서울특별시 광진구 아차산로70길 62, 지하1,2층 (광장동, 광장현대3단지아파트)",,37.54062084,127.0957143,https://search.pstatic.net/common/?autoRotate=true&type=w560_sharpen&src=https%3A%2F%2Fldb-phinf.pstatic.net%2F20220622_227%2F1655869172443xAtjn_JPEG%2FKakaoTalk_20220622_123805229.jpg,
12,대원헬스,"서울특별시 광진구 면목로 161 (중곡동, 중곡빌딩)",499-0092,37.56773152,127.0791297,https://search.pstatic.net/common/?autoRotate=true&type=w560_sharpen&src=https%3A%2F%2Fldb-phinf.pstatic.net%2F20190930_242%2F1569831299226jqfSt_JPEG%2F0BdoCYHd77Ql0ZF5faLMJCre.jpg,
13,엘리트짐,서울특별시 광진구 자양로 86 (자양동),(02)458-3911~2,37.53530733,127.0815252,https://search.pstatic.net/common/?autoRotate=true&type=w560_sharpen&src=https%3A%2F%2Fldb-phinf.pstatic.net%2F20201027_106%2F1603797739838STCGU_JPEG%2Fa7szTqTin6jq03nh5mnNWGEU.jpg,
14,리버사이드 스포츠,"서울특별시 광진구 아차산로78길 44, 지하1층 (광장동)",02-453-0990,37.55070901,127.1069563,https://search.pstatic.net/common/?autoRotate=true&type=w560_sharpen&src=https%3A%2F%2Fldb-phinf.pstatic.net%2F20220225_212%2F1645753030727COtSc_JPEG%2FKakaoTalk_20220224_130824340_03.jpg,4.25
15,코엑스짐 군자역점,"서울특별시 광진구 능동로 314, 6층 (중곡동, 공영빌딩)",02-3436-9770,37.55762634,127.0771422,https://search.pstatic.net/common/?autoRotate=true&type=w560_sharpen&src=https%3A%2F%2Fldb-phinf.pstatic.net%2F20211005_278%2F1633422066940Izkfq_JPEG%2Fz7zmd_OpKXrAG_2_5KRn-M1p.jpg,
16,서울특별시 동부여성발전센터,"서울특별시 광진구 아차산로30길 36 (자양동, 서울특별시 동부여성발전센타)",02-465-1780,37.53941493,127.0638438,https://search.pstatic.net/common/?autoRotate=true&type=w560_sharpen&src=https%3A%2F%2Fldb-phinf.pstatic.net%2F20200530_2%2F1590817486288vkDLu_JPEG%2FhpsituL3ay099rTAu3eGdZzk.jpeg.jpg,
17,광진문화예술회관,"서울특별시 광진구 능동로 76 (자양동, 광진문화예술회관및구의회청사)",02-454-9232,37.53751981,127.0677599,https://search.pstatic.net/common/?autoRotate=true&type=w560_sharpen&src=https%3A%2F%2Fldb-phinf.pstatic.net%2F20220216_214%2F1644998006821FynXd_JPEG%2F%25BC%25F6%25BF%25B5%25C0%25E5-3.jpg,
18,휴먼짐,"서울특별시 광진구 천호대로 675, 6층 (구의동, 화동빌딩)",02-455-0376,37.55101515,127.0877812,https://search.pstatic.net/common/?autoRotate=true&type=w560_sharpen&src=https%3A%2F%2Fldb-phinf.pstatic.net%2F20210221_271%2F1613891642298bVGbK_JPEG%2FMSqfnhSUFKah5RenJ-hZaNQp.jpg,
19,광진구민체육센터,"서울특별시 광진구 구천면로 14 (광장동, 광진구민체육센터)",02-2049-4800,37.54618912,127.103622,,
20,머슬킹,"서울특별시 광진구 면목로 126, 3,4층 (중곡동, 중곡동주차빌딩)",02-461-8234,37.56451267,127.0778815,https://search.pstatic.net/common/?autoRotate=true&type=w560_sharpen&src=https%3A%2F%2Fldb-phinf.pstatic.net%2F20190417_125%2F1555487638467mgD0g_PNG%2FBnPCt_bgTmWYxsRtfvLk5pBF.png,4.5
21,제이피트휘트니스,"서울특별시 광진구 광나루로 410, B1층 04~06호 (화양동, KCC파크타운)",02)455-4007,37.54655948,127.0721222,https://search.pstatic.net/common/?autoRotate=true&type=w560_sharpen&src=https%3A%2F%2Fldb-phinf.pstatic.net%2F20211111_262%2F1636610984743s2yC8_PNG%2F123124124.png,
22,휘트니스 트리,"서울특별시 광진구 천호대로 646, 지하1층 (능동, 능동나이스빌딩)",,37.55292185,127.085674,https://search.pstatic.net/common/?autoRotate=true&type=w560_sharpen&src=https%3A%2F%2Fldb-phinf.pstatic.net%2F20181209_117%2F1544367201912dxfmE_JPEG%2FZc2rJkL-EcJsd3titZlL3wsT.jpg,
23,타운케이 휘트니스,서울특별시 광진구 뚝섬로 632 (자양동),02)412-4839,37.53175768,127.0768439,https://search.pstatic.net/common/?autoRotate=true&type=w560_sharpen&src=https%3A%2F%2Fldb-phinf.pstatic.net%2F20210311_284%2F16154462544299jvnp_JPEG%2FXbQ2RvMnngEW0Q-_gxM_bLvv.jpg,4.43
24,이루어짐 구의점,"서울특별시 광진구 구의로 3, 2층 (구의동, 쌍용빌딩)",02-453-2657,37.53830969,127.0860058,https://search.pstatic.net/common/?autoRotate=true&type=w560_sharpen&src=https%3A%2F%2Fldb-phinf.pstatic.net%2F20210414_224%2F1618357968763L81HQ_JPEG%2F2po3q8eB574DWq_SW9XXgFih.jpg,
25,맥스토탈휘트니스,"서울특별시 광진구 아차산로 241, 6층 (화양동, 연한빌딩)",02-2201-0157,37.54064679,127.067274,https://search.pstatic.net/common/?autoRotate=true&type=w560_sharpen&src=https%3A%2F%2Fldb-phinf.pstatic.net%2F20160819_78%2F14716007581152j4Gv_JPEG%2F176769588937394_0.jpeg,
26,건국AMC The Classic 500,"서울특별시 광진구 능동로 90, 4층 (자양동, 더클래식500)",2218-5530,37.53878862,127.0682467,https://search.pstatic.net/common/?autoRotate=true&type=w560_sharpen&src=https%3A%2F%2Fldb-phinf.pstatic.net%2F20150901_257%2F1441049734563Q2ub1_JPEG%2FSUBMIT_1286349759028_13523156.jpg,
27,나다헬스,"서울특별시 광진구 능동로4길 17, 3층 (자양동, 원우상가)",4587704,37.53342339,127.0659144,,
28,웰플러스,"서울특별시 광진구 자양로5길 33 (자양동, 와이엠프라젠스파)",446-2700,37.53090625,127.0812634,https://search.pstatic.net/common/?autoRotate=true&type=w560_sharpen&src=https%3A%2F%2Fldb-phinf.pstatic.net%2F20200715_93%2F1594803643518Y739q_JPEG%2FhPIftvPtzjQNPLLSplU_Ss5-.JPG.jpg,
29,코엑스짐 중곡점,"서울특별시 광진구 용마산로 44, 5층 (중곡동, 삼경빌딩)",444-7554,37.5576491,127.0853702,https://search.pstatic.net/common/?autoRotate=true&type=w560_sharpen&src=https%3A%2F%2Fldb-phinf.pstatic.net%2F20210421_283%2F16190050822670lPAp_JPEG%2F800%25B4%25EB800_%25C4%25DA%25BF%25A2%25BD%25BA%25C1%25FC_%25BA%25F1%25C0%25B2_%25B7%25CE%25B0%25ED.jpg,
30,초콜릿 휘트니스,"서울특별시 광진구 능동로 373, 3층 (중곡동)",453-1546,37.56272521,127.079378,https://search.pstatic.net/common/?autoRotate=true&type=w560_sharpen&src=https%3A%2F%2Fldb-phinf.pstatic.net%2F20160622_283%2F1466551185050GWKsh_JPEG%2F176572484964854_0.jpeg,
31,바디퍼포먼스 짐,"서울특별시 광진구 천호대로 548, 지하1층 (군자동)",465-9679,37.55688796,127.0759511,https://search.pstatic.net/common/?autoRotate=true&type=w560_sharpen&src=https%3A%2F%2Fldb-phinf.pstatic.net%2F20170602_128%2F1496399051777cb3RV_PNG%2F186552595430981_0.png,
32,아크로짐 구의점,"서울특별시 광진구 광나루로 604, 지하1층 (구의동, 진넥스 베르디엠)",02-3437-9981,37.54157315,127.0920199,https://search.pstatic.net/common/?autoRotate=true&type=w560_sharpen&src=https%3A%2F%2Fldb-phinf.pstatic.net%2F20220705_103%2F1657006061861lAE3a_JPEG%2F8%25BD%25BA%25C5%25D7%25C0%25CC%25BC%25C7.jpg,
33,제이 퍼스널 트레이닝 스튜디오,"서울특별시 광진구 아차산로 477, 지하1층 (구의동)",,37.54073238,127.0917918,https://search.pstatic.net/common/?autoRotate=true&type=w560_sharpen&src=https%3A%2F%2Fldb-phinf.pstatic.net%2F20150901_287%2F1441058127266gQczT_JPEG%2FSUBMIT_1382352442651_33400278.jpg,
34,크로스핏 라온,"서울특별시 광진구 아차산로 294 (자양동, 지하1층)",,37.53821379,127.0726566,https://search.pstatic.net/common/?autoRotate=true&type=w560_sharpen&src=https%3A%2F%2Fldb-phinf.pstatic.net%2F20191004_191%2F1570156290763AudXu_PNG%2FGm9eJyYne4LFIzhMS_kgi-K4.png,
35,골프베이휘트니스,"서울특별시 광진구 자양로 109 (자양동, 구의현대홈시티 지하 101호)",02-455-5006,37.5374251,127.080179,https://search.pstatic.net/common/?autoRotate=true&type=w560_sharpen&src=https%3A%2F%2Fldb-phinf.pstatic.net%2F20220329_191%2F1648544200498jRlrp_JPEG%2FKakaoTalk_20220322_140237489_02.jpg,
36,시티짐 군자 필라테스&헬스,"서울특별시 광진구 군자로 70, 2층 (군자동, 동일흥업주식회사)",02-461-7048,37.54920798,127.0682034,https://search.pstatic.net/common/?autoRotate=true&type=w560_sharpen&src=https%3A%2F%2Fldb-phinf.pstatic.net%2F20211117_31%2F1637141754044VGWda_JPEG%2F%25BD%25C3%25C6%25BC%25C1%25FC_%25B4%25EB%25C7%25A5%25BC%25B3%25C1%25A4%25BB%25E7%25C1%25F8.jpg,
37,휘트니스 타운케이,"서울특별시 광진구 능동로13길 39 (화양동, 한아름쇼핑센타 건물 2층)",02-468-0006,37.54350265,127.0670102,https://search.pstatic.net/common/?autoRotate=true&type=w560_sharpen&src=https%3A%2F%2Fldb-phinf.pstatic.net%2F20220509_158%2F1652074607097gMhzF_JPEG%2F%25B0%25C7%25B4%25EB%25C7%25EF%25BD%25BA_%25C7%25EF%25BD%25BA%25C0%25E5_%25C5%25B8%25BF%25EE%25C4%25C9%25C0%25CC1.jpg,
38,캐리스타 휘트니스(CALISTA FITNESS),"서울특별시 광진구 능동로 7, 2층 (자양동)",02-461-9679,37.53231831,127.063843,https://search.pstatic.net/common/?autoRotate=true&type=w560_sharpen&src=https%3A%2F%2Fldb-phinf.pstatic.net%2F20161012_165%2F1476280798146Ns0j4_JPEG%2F176962628977991_0.jpeg,
39,몸가짐 퍼스널트레이닝,"서울특별시 광진구 광나루로 396, 3층 (화양동)",02-499-8600,37.54720633,127.0706849,https://search.pstatic.net/common/?autoRotate=true&type=w560_sharpen&src=https%3A%2F%2Fldb-phinf.pstatic.net%2F20211231_186%2F16408857772664eLob_JPEG%2F7S306376.jpg,
40,NX PT STUDIO,"서울특별시 광진구 뚝섬로 656, 2층 (자양동)",446-3390,37.53130215,127.0794739,https://search.pstatic.net/common/?autoRotate=true&type=w560_sharpen&src=https%3A%2F%2Fldb-phinf.pstatic.net%2F20190529_268%2F1559111809350MlE6m_JPEG%2F3RjjLLFIg7GYlv9mRBXhJaIT.jpg,
41,휘트니스베이 24시 건대점,"서울특별시 광진구 능동로19길 35, 지하3층 (화양동)",24447729,37.54706754,127.0689509,https://search.pstatic.net/common/?autoRotate=true&type=w560_sharpen&src=https%3A%2F%2Fldb-phinf.pstatic.net%2F20200228_109%2F1582885003894jarvo_JPEG%2FmxxWWvRrXqN_0PrsY6Ac2DpV.jpg,
42,노경우 퍼스널 트레이닝,"서울특별시 광진구 아차산로 484, 지하1층 (구의동)",,37.54072437,127.0927815,https://search.pstatic.net/common/?autoRotate=true&type=w560_sharpen&src=https%3A%2F%2Fldb-phinf.pstatic.net%2F20200905_74%2F1599272304262LS0Oo_JPEG%2F_VeFIkMjXk8wz6pWdzr8UsGX.jpg,
43,BODY119(바디119),"서울특별시 광진구 아차산로 599 (광장동, 광장동 신동아 파밀리에)",,37.54693534,127.1019437,https://search.pstatic.net/common/?autoRotate=true&type=w560_sharpen&src=https%3A%2F%2Fldb-phinf.pstatic.net%2F20160112_300%2F1452568188130N53iq_JPEG%2F176057506150020_0.jpeg,
44,비바 휘트니스,"서울특별시 광진구 뚝섬로 585 (자양동, 신축빌딩)",234363912,37.53368483,127.0722109,https://search.pstatic.net/common/?autoRotate=true&type=w560_sharpen&src=https%3A%2F%2Fldb-phinf.pstatic.net%2F20190816_57%2F15659589704615sauT_JPEG%2FOw9WeL_5OHQLl3rOk3BwBCo1.jpg,
45,제이바디웍스,"서울특별시 광진구 아차산로 438, 지하1층 (구의동)",,37.53818132,127.0884637,https://search.pstatic.net/common/?autoRotate=true&type=w560_sharpen&src=https%3A%2F%2Fldb-phinf.pstatic.net%2F20211205_110%2F1638714977193WK0Tc_PNG%2F4.png,
46,몸가짐 PT&필라테스,"서울특별시 광진구 천호대로111길 9, 2, 3층 (중곡동)",,37.55692138,127.0790941,https://search.pstatic.net/common/?autoRotate=true&type=w560_sharpen&src=https%3A%2F%2Fldb-phinf.pstatic.net%2F20211231_233%2F16408856250170zTyt_JPEG%2F7S306292.jpg,
47,드바디샵,"서울특별시 광진구 광나루로56길 34, 구의현대2단지 상가동 304호 (구의동)",,37.53862747,127.092984,https://search.pstatic.net/common/?autoRotate=true&type=w560_sharpen&src=https%3A%2F%2Fldb-phinf.pstatic.net%2F20220708_155%2F1657264510254IGRJO_PNG%2F19-07-Blog-fitness-training-personal-training.png,
48,더테라 휘트니스,"서울특별시 광진구 뚝섬로 742, 지하2층 (구의동, 광성빌딩)",02-446-0117,37.53420427,127.088484,https://search.pstatic.net/common/?autoRotate=true&type=w560_sharpen&src=https%3A%2F%2Fldb-phinf.pstatic.net%2F20220706_291%2F1657104693409VPzMh_PNG%2F%25C1%25A6%25B8%25F1%25C0%25BB-%25C0%25D4%25B7%25C2%25C7%25D8%25C1%25D6%25BC%25BC%25BF%25E4_-001_%252813%2529.png,
49,원모어핏,"서울특별시 광진구 광나루로 586, 6층 (구의동)",02-453-5453,37.54286263,127.0908524,https://search.pstatic.net/common/?autoRotate=true&type=w560_sharpen&src=https%3A%2F%2Fldb-phinf.pstatic.net%2F20220316_287%2F1647429278361JqSNo_JPEG%2FKakaoTalk_20220210_132151139_01.jpg,
50,주식회사 헬스보이컴퍼니,"서울특별시 광진구 아차산로 272, 더샵스타시티 지하1층 (자양동)",,37.53780314,127.069742,https://search.pstatic.net/common/?autoRotate=true&type=w560_sharpen&src=https%3A%2F%2Fldb-phinf.pstatic.net%2F20211013_174%2F1634095529531PNEw7_JPEG%2FKakaoTalk_20211013_120447421.jpg,
51,바디케어짐,"서울특별시 광진구 천호대로 805, 석원빌딩 4층 (광장동)",,37.545743,127.1003783,https://search.pstatic.net/common/?autoRotate=true&type=w560_sharpen&src=https%3A%2F%2Fldb-phinf.pstatic.net%2F20180119_293%2F1516349123279RHgr7_JPEG%2FnO_hsJtTWMLmWlqNDwS0HZeg.jpeg.jpg,
52,피트니스 아레나,"서울특별시 광진구 아차산로 563, 대한제지(주) 사옥 지하2층 (광장동)",02-444-9500,37.54406277,127.1000021,https://search.pstatic.net/common/?autoRotate=true&type=w560_sharpen&src=https%3A%2F%2Fldb-phinf.pstatic.net%2F20180803_140%2F1533281896192xmvUR_JPEG%2F3B5AM5Xw0-ydfGF1fqxj-2Vm.JPG.jpg,4.29
53,조승호 아톰 휘트니스 PT,"서울특별시 광진구 광나루로 352, 2층 202호 (화양동)",,37.54798859,127.0659109,https://search.pstatic.net/common/?autoRotate=true&type=w560_sharpen&src=https%3A%2F%2Fldb-phinf.pstatic.net%2F20220505_231%2F1651722686403Rl0mx_JPEG%2FphotoGridMaker_20211129_101906951.jpg,
54,Youn-A PT샵,"서울특별시 광진구 천호대로 666, 3층 302호 (구의동)",,37.55135597,127.0864559,https://search.pstatic.net/common/?autoRotate=true&type=w560_sharpen&src=https%3A%2F%2Fldb-phinf.pstatic.net%2F20180521_115%2F1526873769339v7deC_JPEG%2FSf6ZpeN7LxeioWOLf-SHvrNN.JPG.jpg,
55,커브스 자양클럽,"서울특별시 광진구 뚝섬로 558, 대양빌딩 405호 (자양동)",02-454-3033,37.53407281,127.0689375,https://search.pstatic.net/common/?autoRotate=true&type=w560_sharpen&src=https%3A%2F%2Fldb-phinf.pstatic.net%2F20210805_149%2F1628136291634Usgp7_PNG%2FpXQ-cK63oXHHFM1kCgyK14F8.png,
56,지니 짐,"서울특별시 광진구 능동로 315, 3층 (중곡동)",,37.55787569,127.076672,https://search.pstatic.net/common/?autoRotate=true&type=w560_sharpen&src=https%3A%2F%2Fldb-phinf.pstatic.net%2F20220118_93%2F1642490921582FNDqN_JPEG%2F%25BA%25ED%25B7%25CE%25B1%25D7%25B9%25E8%25B3%25CA-001.jpg,
57,더블핏(Double Fit),"서울특별시 광진구 뚝섬로56가길 13, 현대3차 301동앞 상가 301호 (자양동)",24559581,37.52857959,127.0805567,https://search.pstatic.net/common/?autoRotate=true&type=w560_sharpen&src=https%3A%2F%2Fldb-phinf.pstatic.net%2F20220619_164%2F1655643549735Tfjkp_PNG%2FKakaoTalk_20220326_015837006_%25281%2529.png,
58,에프에이스포츠,"서울특별시 광진구 능동로 255, B01호 (군자동)",02-2205-1317,37.55293763,127.0740093,https://search.pstatic.net/common/?autoRotate=true&type=w560_sharpen&src=https%3A%2F%2Fldb-phinf.pstatic.net%2F20200128_111%2F1580199741228z0Ug1_JPEG%2Fcm6ih-jeVFpMNHPcdkhVg1R3.jpg,4.66
59,스포니스,"서울특별시 광진구 능동로 276, 한성빌딩 지하1층 101호 (능동)",,37.55446967,127.0754424,https://search.pstatic.net/common/?autoRotate=true&type=w560_sharpen&src=https%3A%2F%2Fldb-phinf.pstatic.net%2F20210706_111%2F162555712213024kwd_JPEG%2FdPKg3SUZdHTRFiBTHVAbykN7.jpg,
60,스포츠컨디셔닝센터 FMETS & D.FLAB,"서울특별시 광진구 동일로22길 35, 지하1층 (화양동)",,37.54216048,127.0634169,https://search.pstatic.net/common/?autoRotate=true&type=w560_sharpen&src=https%3A%2F%2Fldb-phinf.pstatic.net%2F20200507_207%2F1588839315259QvfmP_PNG%2F20200109_124808.png,
61,A2GYM(에이투짐),"서울특별시 광진구 뚝섬로 523, 보은빌딩 지하 1층 (자양동)",,37.53556787,127.0653009,https://search.pstatic.net/common/?autoRotate=true&type=w560_sharpen&src=https%3A%2F%2Fldb-phinf.pstatic.net%2F20160420_287%2F1461126341652tJqAi_JPEG%2F176370535561525_0.jpeg,4.96
62,퍼스트 핏(FIRST FIT),"서울특별시 광진구 광나루로56길 66, 강변상가 (구의동)",,37.53449519,127.088299,https://search.pstatic.net/common/?autoRotate=true&type=w560_sharpen&src=https%3A%2F%2Fldb-phinf.pstatic.net%2F20220106_106%2F16414777168998rTq9_JPEG%2F76D7AF61-106C-425C-A7A8-87494D64B2FC.jpeg,
63,크로스핏 라온2,"서울특별시 광진구 용마산로 36, 지층 (중곡동)",02-457-0528,37.55678189,127.0854802,https://search.pstatic.net/common/?autoRotate=true&type=w560_sharpen&src=https%3A%2F%2Fldb-phinf.pstatic.net%2F20190702_109%2F1562037453399UFMTX_JPEG%2F7F0wBf88VZzRvMhFcWxrlgX7.jpg,
64,삼손스포츠수기명가,"서울특별시 광진구 아차산로65길 14, B1층 (구의동)",,37.54104793,127.0911993,https://search.pstatic.net/common/?autoRotate=true&type=w560_sharpen&src=https%3A%2F%2Fldb-phinf.pstatic.net%2F20191009_109%2F1570563023900xSvOY_JPEG%2F2NQMuTYn5pMmQP-9bS9g-kKK.jpg,
65,토니바디&PT 중곡점,"서울특별시 광진구 능동로 405, 2층 (중곡동)",02-6401-6669,37.56532799,127.0808483,https://search.pstatic.net/common/?autoRotate=true&type=w560_sharpen&src=https%3A%2F%2Fldb-phinf.pstatic.net%2F20220627_161%2F1656259022021pkaYx_JPEG%2FF71E6A36-0FE8-4607-9E40-0A2F4325C5A9.jpeg,
66,스튜디오 클라라,"서울특별시 광진구 능동로 21, 2층 (자양동)",02-498-1010,37.53350227,127.0643933,https://search.pstatic.net/common/?autoRotate=true&type=w560_sharpen&src=https%3A%2F%2Fldb-phinf.pstatic.net%2F20191208_265%2F1575791163565Fttlf_JPEG%2FPfs1Dg4aGu300RtfcsvPcN30.jpg,
67,브라운 휘트니스,"서울특별시 광진구 광나루로 346, 2층 (화양동, 브라운스톤 화양)",02-6401-6400,37.5479942,127.0656643,https://search.pstatic.net/common/?autoRotate=true&type=w560_sharpen&src=https%3A%2F%2Fldb-phinf.pstatic.net%2F20191231_199%2F1577787473638qV7Og_JPEG%2FnLEbKtxQugcqeq10nbYV4hSL.jpeg.jpg,
68,르와짐,"서울특별시 광진구 아차산로 532, 6층 (광장동)",,37.54239923,127.0975725,https://search.pstatic.net/common/?autoRotate=true&type=w560_sharpen&src=https%3A%2F%2Fldb-phinf.pstatic.net%2F20200806_11%2F1596682742585H7ztp_JPEG%2FKakaoTalk_20200805_123952101.jpg,
69,몸가짐 휘트니스 구의점,"서울특별시 광진구 자양로18길 33, 2층 (구의동)",02-444-2626,37.53805236,127.0824833,https://search.pstatic.net/common/?autoRotate=true&type=w560_sharpen&src=https%3A%2F%2Fldb-phinf.pstatic.net%2F20210620_85%2F1624121172665eMDQ8_JPEG%2FP-CRdvqEfo1TKx0dB_pXh1wi.jpg,
70,에이투짐(A2GYM),"서울특별시 광진구 자양번영로 28, 지하1층 (자양동)",02-6448-2282,37.53216049,127.0727239,https://search.pstatic.net/common/?autoRotate=true&type=w560_sharpen&src=https%3A%2F%2Fldb-phinf.pstatic.net%2F20160420_287%2F1461126341652tJqAi_JPEG%2F176370535561525_0.jpeg,
71,군자역점 스포애니 주)케이디스포츠,"서울특별시 광진구 능동로 332, 동아빌딩 5,6,7층 (중곡동)",,37.55913338,127.0779465,https://search.pstatic.net/common/?autoRotate=true&type=w560_sharpen&src=https%3A%2F%2Fldb-phinf.pstatic.net%2F20200323_83%2F1584956099058ExSxQ_JPEG%2FlCeUw5wFT1-DnLHKv6UM-Fv8.jpg,4.18
72,휘트니스베이24시 건대역점,"서울특별시 광진구 동일로18길 107, 지하2층 (자양동)",02-486-8887,37.53835511,127.0657951,https://search.pstatic.net/common/?autoRotate=true&type=w560_sharpen&src=https%3A%2F%2Fldb-phinf.pstatic.net%2F20200729_151%2F1596024057847c30kL_JPEG%2FKakaoTalk_20200721_193850539_09.jpg,
73,(주)비스코 헬스케어,"서울특별시 광진구 광나루로56길 85, 테크노-마트21 12층 001호 (구의동)",02-3424-4455,37.5356997,127.0928748,https://search.pstatic.net/common/?autoRotate=true&type=w560_sharpen&src=https%3A%2F%2Fldb-phinf.pstatic.net%2F20220701_107%2F1656647155621VlctI_JPEG%2FKakaoTalk_20220701_124511128.jpg,
74,에이투짐,"서울특별시 광진구 자양로 65, 지하1층 (자양동)",,37.53363081,127.0814741,https://search.pstatic.net/common/?autoRotate=true&type=w560_sharpen&src=https%3A%2F%2Fldb-phinf.pstatic.net%2F20160420_287%2F1461126341652tJqAi_JPEG%2F176370535561525_0.jpeg,
75,구의역점 스포애니 주)케이디스포츠,"서울특별시 광진구 아차산로 362, 3,4,5층 (자양동)",,37.53635222,127.0800223,https://search.pstatic.net/common/?autoRotate=true&type=w560_sharpen&src=https%3A%2F%2Fldb-phinf.pstatic.net%2F20201201_269%2F1606812360488hCdo8_JPEG%2Fm7quI2djEeVuZFnIJVdOFi_k.jpg,
76,짐에잇,"서울특별시 광진구 자양번영로 19, 지하1층 (자양동)",,37.53138931,127.0720144,https://search.pstatic.net/common/?autoRotate=true&type=w560_sharpen&src=https%3A%2F%2Fldb-phinf.pstatic.net%2F20201211_201%2F1607665098702sQfcM_PNG%2FNwF8sU2saeUjj-1zrU9EweyB.png,
77,클레어 필라테스&PT 건대점,"서울특별시 광진구 아차산로 292, 7층 (자양동)",,37.53832592,127.0723981,https://search.pstatic.net/common/?autoRotate=true&type=w560_sharpen&src=https%3A%2F%2Fldb-phinf.pstatic.net%2F20220621_184%2F1655798628083oKOHj_PNG%2FIMG_7773.PNG,4.96
78,피티니스,"서울특별시 광진구 동일로24길 86, 지층 (화양동)",02-499-9682,37.5425541,127.066698,https://search.pstatic.net/common/?autoRotate=true&type=w560_sharpen&src=https%3A%2F%2Fldb-phinf.pstatic.net%2F20170315_101%2F1489560237085xBjkf_JPEG%2F186265557375981_0.jpeg,
79,더프라임PT,"서울특별시 광진구 광나루로56길 63, 프라임 프라자 2층 206호 (구의동)",070-8885-0303,37.53739771,127.094731,https://search.pstatic.net/common/?autoRotate=true&type=w560_sharpen&src=https%3A%2F%2Fldb-phinf.pstatic.net%2F20210324_140%2F1616594525052DlXY4_PNG%2FRTqcuEVfCOvDZ2QE5N4pnzHp.png,
80,이너라인 GYM,"서울특별시 광진구 천호대로 531-1, 지하1층 (중곡동)",,37.55827965,127.074813,https://search.pstatic.net/common/?autoRotate=true&type=w560_sharpen&src=https%3A%2F%2Fldb-phinf.pstatic.net%2F20220716_119%2F1657939826866HP2uO_JPEG%2FKakaoTalk_20220716_113558246.jpg,
81,마일로짐,"서울특별시 광진구 뚝섬로 541, 지하1층 B101호 (자양동)",02-6949-4950,37.53491932,127.0674876,https://search.pstatic.net/common/?autoRotate=true&type=w560_sharpen&src=https%3A%2F%2Fldb-phinf.pstatic.net%2F20220514_285%2F1652520651125el2zp_JPEG%2FKakaoTalk_20201106_175658708.jpg,
82,우리동네 PT샵,"서울특별시 광진구 동일로24길 18-1, 지하1층 (화양동)",,37.54371175,127.0632871,https://search.pstatic.net/common/?autoRotate=true&type=w560_sharpen&src=https%3A%2F%2Fldb-phinf.pstatic.net%2F20210620_91%2F1624181070215VjA3k_JPEG%2FCdevLzyOm3E4YNlv8OlZzXb6.jpg,
83,해부학적 운동 군자점,"서울특별시 광진구 능동로36길 25, 웅래빌딩 5층 (능동)",,37.55602235,127.0776866,https://search.pstatic.net/common/?autoRotate=true&type=w560_sharpen&src=https%3A%2F%2Fldb-phinf.pstatic.net%2F20210806_199%2F1628221982990oXSiT_JPEG%2FWUCSegePcL4yfsTtJysHK3k6.jpg,
84,정스짐,"서울특별시 광진구 아차산로 453, 2층 (구의동)",02-455-0684,37.53940111,127.089505,https://search.pstatic.net/common/?autoRotate=true&type=w560_sharpen&src=https%3A%2F%2Fldb-phinf.pstatic.net%2F20211227_201%2F1640586703435zqEeO_JPEG%2F%25C7%25EF%25BD%25BA%25C0%25E5__%25281%2529.jpg,
85,임스타핏,"서울특별시 광진구 능동로 324-1, 3층 (중곡동)",,37.55854123,127.0775739,https://search.pstatic.net/common/?autoRotate=true&type=w560_sharpen&src=https%3A%2F%2Fldb-phinf.pstatic.net%2F20220608_202%2F1654668155112jStqj_JPEG%2FKakaoTalk_20220608_143003834.jpg,
86,원더바디핏,서울특별시 광진구 자양로 138 (구의동),,37.53999873,127.0805985,https://search.pstatic.net/common/?autoRotate=true&type=w560_sharpen&src=https%3A%2F%2Fldb-phinf.pstatic.net%2F20211115_137%2F1636983377884RmS66_JPEG%2FKakaoTalk_Photo_2021-11-15-22-35-55.jpeg,
87,토니바디W,"서울특별시 광진구 긴고랑로 115, 2,3층 (중곡동)",,37.5593304,127.0850478,https://search.pstatic.net/common/?autoRotate=true&type=w560_sharpen&src=https%3A%2F%2Fldb-phinf.pstatic.net%2F20220719_129%2F1658220662177M1guj_JPEG%2FA8FB21CE-ED02-47E3-AC7D-22F596C7E335.jpeg,
88,토니바디&PT 자양점,"서울특별시 광진구 뚝섬로52길 20, 지하1층 (자양동)",,37.53116155,127.0761385,https://search.pstatic.net/common/?autoRotate=true&type=w560_sharpen&src=https%3A%2F%2Fldb-phinf.pstatic.net%2F20220627_6%2F1656259069918MGvzT_JPEG%2F1BD4EEE7-3C6E-4F81-90F6-082DFF8B3119.jpeg,
89,어반더핏,"서울특별시 광진구 뚝섬로 741, 2층 (구의동)",,37.53449519,127.088299,https://search.pstatic.net/common/?autoRotate=true&type=w560_sharpen&src=https%3A%2F%2Fldb-phinf.pstatic.net%2F20220520_34%2F1653022245201yRYEo_JPEG%2F%25C7%25E0%25BB%25E7.jpg,
90,도움pt,"서울특별시 광진구 자양로18길 5, 4층 (구의동)",,37.53759566,127.0809502,https://search.pstatic.net/common/?autoRotate=true&type=w560_sharpen&src=https%3A%2F%2Fldb-phinf.pstatic.net%2F20220513_180%2F16524203788016JxYz_JPEG%2F1651746312738.jpg,
91,스포니스 화양점,"서울특별시 광진구 능동로19길 57, 3층 (화양동)",02-466-0432,37.54736643,127.0676205,https://search.pstatic.net/common/?autoRotate=true&type=w560_sharpen&src=https%3A%2F%2Fldb-phinf.pstatic.net%2F20220701_207%2F16566545576117AEt4_JPEG%2FKakaoTalk_20220701_144626957.jpg,
92,W PT STUDIO,"서울특별시 광진구 아차산로 635, 한수상가 3층 11호 (광장동)",,37.55052488,127.1036614,https://search.pstatic.net/common/?autoRotate=true&type=w560_sharpen&src=https%3A%2F%2Fldb-phinf.pstatic.net%2F20220218_179%2F1645138662631ccrLA_JPEG%2F20220217_085321.jpg,
93,던전짐,"서울특별시 광진구 영화사로 37-1, 지하1층 (중곡동)",,37.55655771,127.0883374,https://search.pstatic.net/common/?autoRotate=true&type=w560_sharpen&src=https%3A%2F%2Fldb-phinf.pstatic.net%2F20220512_31%2F165235175407133lRk_JPEG%2FDA5B9DF0-A8F5-42FA-9B5D-03146EEA95DD.jpeg,
94,coworker(코워커),"서울특별시 광진구 광나루로 531, 지층 (구의동)",,37.54512684,127.0857858,https://search.pstatic.net/common/?autoRotate=true&type=w560_sharpen&src=https%3A%2F%2Fldb-phinf.pstatic.net%2F20220506_107%2F1651820298584wBggX_JPEG%2FKakaoTalk_20220506_155717829_04.jpg,
95,클레어 웰니스 스튜디오 건대점,"서울특별시 광진구 아차산로 292, 모아빌딩 2층 (자양동)",,37.53832592,127.0723981,https://search.pstatic.net/common/?autoRotate=true&type=w560_sharpen&src=https%3A%2F%2Fldb-phinf.pstatic.net%2F20220621_184%2F1655798628083oKOHj_PNG%2FIMG_7773.PNG,
96,토니바디PT& 건대점,"서울특별시 광진구 능동로7길 50, 재화빌딩 3층 (자양동)",,37.53774499,127.0635248,https://search.pstatic.net/common/?autoRotate=true&type=w560_sharpen&src=https%3A%2F%2Fldb-phinf.pstatic.net%2F20220719_129%2F1658220662177M1guj_JPEG%2FA8FB21CE-ED02-47E3-AC7D-22F596C7E335.jpeg,
97,휘트니스피플우먼 건대점,"서울특별시 광진구 아차산로 207, 선일빌딩 3층 (화양동)",02-462-3912,37.54155103,127.0638589,https://search.pstatic.net/common/?autoRotate=true&type=w560_sharpen&src=https%3A%2F%2Fldb-phinf.pstatic.net%2F20220413_254%2F1649823627860KcQK9_JPEG%2F%25C8%25D6%25C7%25C7_%25BD%25E6%25B3%25D7%25C0%25CF.jpg,
98,Must run 스피드 트레이닝 센터,"서울특별시 광진구 자양로 46, 지하1층 (자양동)",,37.53223851,127.0830892,https://search.pstatic.net/common/?autoRotate=true&type=w560_sharpen&src=https%3A%2F%2Fldb-phinf.pstatic.net%2F20220422_212%2F16506326920338wRPt_JPEG%2FKakaoTalk_20220422_214901818_04.jpg,
99,투에스짐,"서울특별시 광진구 자양로 281, 누리빌딩 4층 (구의동)",02-446-7787,37.55108982,127.088581,https://search.pstatic.net/common/?autoRotate=true&type=w560_sharpen&src=https%3A%2F%2Fldb-phinf.pstatic.net%2F20220614_93%2F1655194904647zAbxn_JPEG%2FKakaoTalk_20220608_194337457.jpg,
100,피트니즈 자양점,"서울특별시 광진구 뚝섬로 607, 3층 (자양동)",02-455-7722,37.53288946,127.0744161,https://search.pstatic.net/common/?autoRotate=true&type=w560_sharpen&src=https%3A%2F%2Fldb-phinf.pstatic.net%2F20220627_42%2F16563001285476ncS8_JPEG%2FEE1A56C3-6B6F-4062-A7A0-37E2C9BF9F68.jpeg,
101,블랙스짐,"서울특별시 광진구 용마산로 110, 토끼빌딩 2층 (중곡동)",,37.56339365,127.0843367,https://search.pstatic.net/common/?autoRotate=true&type=w560_sharpen&src=https%3A%2F%2Fldb-phinf.pstatic.net%2F20220623_155%2F1655946139171QwaT4_JPEG%2FKakaoTalk_20220616_154930554_01.jpg,
102,몸가짐휘트니스 건대입구점,"서울특별시 광진구 아차산로 208, 상록빌딩 3층 (자양동)",02-465-9500,37.54104124,127.0635792,https://search.pstatic.net/common/?autoRotate=true&type=w560_sharpen&src=https%3A%2F%2Fldb-phinf.pstatic.net%2F20220719_267%2F1658165901211puHnp_JPEG%2FDSC00623.jpg,
103,올포유짐,"서울특별시 성동구 독서당로 272, 상가동 201호 (금호동4가, 금호동 대우아파트)",2298-7071,37.54597273,127.0167933,https://search.pstatic.net/common/?autoRotate=true&amp;type=w560_sharpen&amp;src=https%3A%2F%2Fldb-phinf.pstatic.net%2F20220217_91%2F1645085410851HlqS5_JPEG%2F%25BC%25BA%25B1%25D4%25C7%25DC_%25B5%25EE.jpg,5
104,투엑스휘트니스 옥수점,"서울특별시 성동구 독서당로 166, B201호 (옥수동, 성원상떼뷰)",02-2299-0044,37.54070673,127.008734,https://search.pstatic.net/common/?autoRotate=true&amp;type=w560_sharpen&amp;src=https%3A%2F%2Fldb-phinf.pstatic.net%2F20210729_15%2F1627553853956IIUr8_JPEG%2Fa4KcwbEbJyCzaJCNpP2x_-ED.jpg,4.92
105,올림픽휘트니스,"서울특별시 성동구 뚝섬로 400, 뚝섬쇼핑센타 3층 (성수동2가)",469-0067,37.53847286,127.0520779,https://search.pstatic.net/common/?autoRotate=true&amp;type=w560_sharpen&amp;src=https%3A%2F%2Fldb-phinf.pstatic.net%2F20190925_272%2F1569409871094y7Etq_JPEG%2Fcrms7n8jDfTAYU4IEgLqBZ2T.jpeg.jpg,100
106,스타트짐헬스,"서울특별시 성동구 성덕정길 106, 승재빌딩  4층 (성수동2가)",0507-1349-5118,37.5371,127.0522048,https://search.pstatic.net/common/?autoRotate=true&amp;type=w560_sharpen&amp;src=https%3A%2F%2Fldb-phinf.pstatic.net%2F20220221_201%2F16454508635153jB9o_JPEG%2FScreenshot_20220221-223845_Gallery.jpg,100
107,짐아서,"서울특별시 성동구 성수일로 39, 경동빌딩 지층 (성수동1가)",461-9901,37.54432328,127.046208,https://search.pstatic.net/common/?autoRotate=true&amp;type=w560_sharpen&amp;src=https%3A%2F%2Fldb-phinf.pstatic.net%2F20210428_40%2F1619593520488PvHJw_PNG%2FBhapJTgTNDwX9KVs8V5stwZy.png,100
108,라온휘트니스&필라테스 마장역점,"서울특별시 성동구 마장로 302, 지하1,2층 (마장동)",02-2282-6027,37.56592414,127.0403434,https://search.pstatic.net/common/?autoRotate=true&amp;type=w560_sharpen&amp;src=https%3A%2F%2Fldb-phinf.pstatic.net%2F20220706_241%2F1657070584024S9dmS_PNG%2F1657065121905.png,100
109,웰트짐 성수점,"서울특별시 성동구 연무장5가길 21, 홍일빌딩 지하2층 (성수동2가)",461-0828,37.54349998,127.0521933,https://search.pstatic.net/common/?autoRotate=true&amp;type=w560_sharpen&amp;src=https%3A%2F%2Fldb-phinf.pstatic.net%2F20191014_170%2F1571048642493nJOmD_JPEG%2FdMJOp_j1Pls0x8476vBYc1ye.jpg,4.45
110,동우휘트니스,"서울특별시 성동구 천호대로 296, 5층 (용답동)",,37.56598034,127.0502578, ,4.05
111,시티짐 답십리점,"서울특별시 성동구 천호대로 308, 인암빌딩 지하2층 (용답동)",02-2245-0252,37.56522881,127.0513461, ,100
112,포시즌휘트니스 왕십리점,서울특별시 성동구 왕십리광장로 17 (행당동),02-2292-6886,37.56368446,127.0351601,https://search.pstatic.net/common/?autoRotate=true&amp;type=w560_sharpen&amp;src=https%3A%2F%2Fldb-phinf.pstatic.net%2F20220406_196%2F1649244393646JB81U_JPEG%2F%25BD%25C2%25C8%25F1.jpg,4.5
113,팀키스짐,"서울특별시 성동구 동호로 102, 4층 (금호동3가, 두산아파트상가)",02-2235-0907,37.54996304,127.0135489,https://search.pstatic.net/common/?autoRotate=true&amp;type=w560_sharpen&amp;src=https%3A%2F%2Fldb-phinf.pstatic.net%2F20220215_256%2F1644898852420gYa6F_JPEG%2FKakaoTalk_20220215_131359018.jpg,100
114,노블휘트니스,"서울특별시 성동구 상원길 63, A동 지하1층 01호 (성수동1가, 쌍용아파트)",02-463-5790,37.54951192,127.0442203,https://search.pstatic.net/common/?autoRotate=true&amp;type=w560_sharpen&amp;src=https%3A%2F%2Fldb-phinf.pstatic.net%2F20210206_63%2F1612596631235qsgt8_PNG%2F-KUQJkknmvMUz9YpbWNEGSh8.png,4.67
115,고릴라멀티짐 행당점,"서울특별시 성동구 행당로 75, 행당동 대림아파트 6층 (행당동)",02-2281-7005,37.55790167,127.0242284,https://search.pstatic.net/common/?autoRotate=true&amp;type=w560_sharpen&amp;src=https%3A%2F%2Fldb-phinf.pstatic.net%2F20220420_20%2F1650430703624l24tW_PNG%2F%25B8%25F0%25B9%25D9%25C0%25CF_%25BA%25ED%25B7%25CE%25B1%25D7_%25C4%25BF%25B9%25F6.png,4.85
116,스포애니 왕십리역점,"서울특별시 성동구 왕십리로 326, 지하1층 (도선동)",02-6389-0079,37.56280082,127.0310877,https://search.pstatic.net/common/?autoRotate=true&amp;type=w560_sharpen&amp;src=https%3A%2F%2Fldb-phinf.pstatic.net%2F20210628_97%2F1624850703103Ohknc_JPEG%2FFL_geMgnclZ3SE6nsriORPXD.jpg,3
117,센트리얼휘트니스 옥수점,"서울특별시 성동구 독서당로40길 39, 옥수 어울림 (옥수동)",,37.54230865,127.0153016,https://search.pstatic.net/common/?autoRotate=true&amp;type=w560_sharpen&amp;src=https%3A%2F%2Fldb-phinf.pstatic.net%2F20191029_294%2F1572313550247FbxJr_JPEG%2F-ZxFZn5pT7xCNIeSvuZX_doL.jpg,4.34
118,파크짐 행당점,"서울특별시 성동구 왕십리로 309, 왕십리역이스타빌 지하1,2층 (행당동)",02-2281-1872,37.56119843,127.0317198,https://search.pstatic.net/common/?autoRotate=true&amp;type=w560_sharpen&amp;src=https%3A%2F%2Fldb-phinf.pstatic.net%2F20150901_209%2F1441088185833yn9yp_PNG%2FSUBMIT_1437463943175_34287354.png,4.5
119,스타트짐,서울특별시 성동구 왕십리로21길 6 (행당동),02-2297-1252,37.56179853,127.0304798,https://search.pstatic.net/common/?autoRotate=true&amp;type=w560_sharpen&amp;src=https%3A%2F%2Fldb-phinf.pstatic.net%2F20190815_260%2F15658355324761p87U_PNG%2FQC9Xpq2QqdyJ2ZkDS_oXpgeC.png,5
120,파크짐 행당점,"서울특별시 성동구 고산자로 177, B01호 (행당동, 서울숲행당푸르지오아파트 근린생활시설동)",02-2237-2232,37.55520022,127.029578,https://search.pstatic.net/common/?autoRotate=true&amp;type=w560_sharpen&amp;src=https%3A%2F%2Fldb-phinf.pstatic.net%2F20150901_209%2F1441088185833yn9yp_PNG%2FSUBMIT_1437463943175_34287354.png,4.5
121,파크짐 행당점,"서울특별시 성동구 왕십리로 386, 지하1,2층 (하왕십리동, 삼협빌딩)",,37.56508988,127.0247458,https://search.pstatic.net/common/?autoRotate=true&amp;type=w560_sharpen&amp;src=https%3A%2F%2Fldb-phinf.pstatic.net%2F20150901_209%2F1441088185833yn9yp_PNG%2FSUBMIT_1437463943175_34287354.png,4.5
122,MSC 운동센터,"서울특별시 성동구 마장로19길 29, 221동 1층 240호 (상왕십리동)",,37.57294063,127.023945,https://search.pstatic.net/common/?autoRotate=true&amp;type=w560_sharpen&amp;src=https%3A%2F%2Fldb-phinf.pstatic.net%2F20211020_185%2F1634732093123TzDDr_JPEG%2FEuSHIM1RXFtB9jITnGjQkwt6.jpg,100
123,에코휘트니스,서울특별시 성동구 아차산로 92 (성수동2가),02-462-5099,37.544862,127.0513952,https://search.pstatic.net/common/?autoRotate=true&amp;type=w560_sharpen&amp;src=https%3A%2F%2Fldb-phinf.pstatic.net%2F20150901_33%2F1441071173482PHi1u_JPEG%2FSUBMIT_1432086371211_36418609.jpg,4.33
124,건강과땀 한양대점,"서울특별시 성동구 왕십리로 222 (행당동, 한양대역)",02-2299-9688,37.55855494,127.0395938,https://search.pstatic.net/common/?autoRotate=true&amp;type=w560_sharpen&amp;src=https%3A%2F%2Fldb-phinf.pstatic.net%2F20190626_17%2F1561537865569iLjKJ_JPEG%2FJiwZsZhlKXfUFGLPs2akv1Pu.jpg,100
125,인피니티퍼스널트레이닝,"서울특별시 성동구 행당로 6 (금호동1가, 신세계오피스텔)",02-2292-2296,37.55452218,127.017961,https://search.pstatic.net/common/?autoRotate=true&amp;type=w560_sharpen&amp;src=https%3A%2F%2Fldb-phinf.pstatic.net%2F20160308_4%2F14573919105401KUvd_JPEG%2F176258483527347_0.jpeg,100
126,피네테스 옥수점,"서울특별시 성동구 독서당로 194-1, 4층 (옥수동, 골든게이트)",2295-0123,37.54275495,127.009889,https://search.pstatic.net/common/?autoRotate=true&amp;type=w560_sharpen&amp;src=https%3A%2F%2Fldb-phinf.pstatic.net%2F20151120_177%2F1448009263546kmNYX_JPEG%2F167070577763152_3.jpeg,100
127,허니바디짐,"서울특별시 성동구 상원6길 5, B1층 (성수동1가)",02-499-9664,37.54862597,127.0458317,https://search.pstatic.net/common/?autoRotate=true&amp;type=w560_sharpen&amp;src=https%3A%2F%2Fldb-phinf.pstatic.net%2F20160425_263%2F1461562825092Vllmu_JPEG%2F176375547044909_0.jpeg,100
128,반휘트니스센터,"서울특별시 성동구 금호로 100, 상가동 210~216호 (금호동1가, 벽산아파트)",02.2297-6865,37.55185691,127.024226,https://search.pstatic.net/common/?autoRotate=true&amp;type=w560_sharpen&amp;src=https%3A%2F%2Fldb-phinf.pstatic.net%2F20160425_35%2F1461557055766ReNGG_PNG%2F176375533435629_0.png,100
129,레이휘트니스 왕십리점,"서울특별시 성동구 왕십리로 257, 지하1층 (행당동)",02-3395-9777,37.55797867,127.0358513,https://search.pstatic.net/common/?autoRotate=true&amp;type=w560_sharpen&amp;src=https%3A%2F%2Fldb-phinf.pstatic.net%2F20200610_163%2F15917808736885x1af_JPEG%2Fz74gCjLaHp4S_roM_4KGFqg-.jpg,4.61
130,바른몸 PT STUDIO,"서울특별시 성동구 매봉길 50, 상가동 106호,107호 (옥수동, 옥수파크힐스)",02-2282-2226,37.54833253,127.0110008, ,5
131,피트니스에이치,"서울특별시 성동구 동일로 273, 경한빌딩 2,3층 (송정동)",02-499-9686,37.55590777,127.0685619,https://search.pstatic.net/common/?autoRotate=true&amp;type=w560_sharpen&amp;src=https%3A%2F%2Fldb-phinf.pstatic.net%2F20200227_73%2F1582799613504seDLA_JPEG%2FJHGpDiL-udUpPjWFHiCd2cKH.jpg,100
132,투엑스휘트니스 센트라스점,"서울특별시 성동구 왕십리로 410, L동 314호 외 1호 (하왕십리동, 센트라스)",02-2295-9811,37.5666334,127.0240449,https://search.pstatic.net/common/?autoRotate=true&amp;type=w560_sharpen&amp;src=https%3A%2F%2Fldb-phinf.pstatic.net%2F20210730_166%2F1627638189303KhOub_JPEG%2FgB3Ppjj7qdMEBAHHtZtmYBIK.jpg,4.66
133,커브스 금호클럽,"서울특별시 성동구 독서당로 302, 3층 (금호동4가)",02-2297-1330,37.54760776,127.0198439,https://search.pstatic.net/common/?autoRotate=true&amp;quality=95&amp;type=w750&amp;src=https%3A%2F%2Fldb-phinf.pstatic.net%2F20170601_294%2F1496307805050yJOsc_JPEG%2F186551583341933_0.jpeg,100
134,테라피티 뚝섬역점,"서울특별시 성동구 상원길 52, B1층 (성수동1가)",02-466-3631,37.54862269,127.0454837,https://search.pstatic.net/common/?autoRotate=true&amp;type=w560_sharpen&amp;src=https%3A%2F%2Fldb-phinf.pstatic.net%2F20200506_81%2F1588722020530PAqrF_JPEG%2FxkH-zRKRn4HE4OXLSPSOKjQy.jpg,4.94
135,위드짐 PT 금호점,"서울특별시 성동구 독서당로 344, 힐스테이트 금호 상가동 B1층 20-8호, 20-9호 (금호동4가)",222969690,37.54561942,127.0226604,https://search.pstatic.net/common/?autoRotate=true&amp;type=w560_sharpen&amp;src=https%3A%2F%2Fldb-phinf.pstatic.net%2F20180424_223%2F1524538096707WKb7f_JPEG%2F2_MyZ_NR4I5HaLUIAlWa5DQn.JPG.jpg,100
136,메디앤핏,"서울특별시 성동구 무학로 18, 김원자산부인과 2층 (홍익동)",222824123,37.56576595,127.0274275,https://search.pstatic.net/common/?autoRotate=true&amp;type=w560_sharpen&amp;src=https%3A%2F%2Fldb-phinf.pstatic.net%2F20211130_214%2F16382362434018MFt1_JPEG%2F1CA835AC-3BB9-4941-AFC9-E0AC9C989385.jpeg,100
137,넉아웃 서울숲스튜디오,"서울특별시 성동구 서울숲2길 18-11, 2층 (성수동1가)",,37.54682214,127.0377342, ,100
138,탑핏 PT샵,"서울특별시 성동구 성수이로 89, MG빌딩 B1층 (성수동2가)",234091112,37.54301514,127.0534106,https://search.pstatic.net/common/?autoRotate=true&amp;type=w560_sharpen&amp;src=https%3A%2F%2Fldb-phinf.pstatic.net%2F20200517_219%2F1589723989045vQpFI_JPEG%2F3FZIbUKPe--nohgdjiux74zi.jpeg.jpg,100
139,퀄핏 건강운동센터,"서울특별시 성동구 성수일로8길 39, 지하1층 (성수동2가)",446-0810,37.54576587,127.0519051,https://search.pstatic.net/common/?autoRotate=true&amp;type=w560_sharpen&amp;src=https%3A%2F%2Fldb-phinf.pstatic.net%2F20181112_43%2F154201790983068wvY_JPEG%2Fa2SRCfk2rcm6lwlCQ46elDS4.jpg,100
140,크로스핏 핏불 성수동점,"서울특별시 성동구 상원6길 14, 성수2차대우아파트 상가동 지하1층 (성수동1가)",02-499-1379,37.5484104,127.0472639,https://search.pstatic.net/common/?autoRotate=true&amp;type=w560_sharpen&amp;src=https%3A%2F%2Fldb-phinf.pstatic.net%2F20201106_199%2F1604655420297VgT9z_JPEG%2FDn-A4L5aGxL6xsW-vQ7506cM.jpg,100
141,무브먼트 프로젝트,"서울특별시 성동구 성수일로 1, 2층 2호 (성수동1가)",499-3426,37.54095609,127.0448065,https://search.pstatic.net/common/?autoRotate=true&amp;type=w560_sharpen&amp;src=https%3A%2F%2Fldb-phinf.pstatic.net%2F20180623_97%2F1529719916176SNkis_JPEG%2F2lcfktUbYE2bDqJKalFphd3C.JPG.jpg,5
142,비스튜디오,"서울특별시 성동구 성수이로 127, 2층 202,203호 (성수동2가)",02-461-4406,37.54631095,127.0544924,https://search.pstatic.net/common/?autoRotate=true&amp;type=w560_sharpen&amp;src=https%3A%2F%2Fldb-phinf.pstatic.net%2F20190312_146%2F1552370428326cYxwv_JPEG%2FWUUmOvOGoRhuChGjEpayav1L.jpeg.jpg,100
143,나의근육사용설명서 성수본점,"서울특별시 성동구 성수일로10길 26, 204호 (성수동2가)",,37.54667358,127.0500367,https://search.pstatic.net/common/?autoRotate=true&amp;type=w560_sharpen&amp;src=https%3A%2F%2Fldb-phinf.pstatic.net%2F20220406_81%2F1649236721070liggo_JPEG%2FIMG_17032021_144144_%25281200_x_550_%25C7%25C8%25BC%25BF%2529.jpg,100
144,파크짐 한양대점,"서울특별시 성동구 왕십리로 223, 지하1,2층 (행당동)",,37.55701505,127.0395486,https://search.pstatic.net/common/?autoRotate=true&amp;type=w560_sharpen&amp;src=https%3A%2F%2Fldb-phinf.pstatic.net%2F20220701_40%2F1656673095060fchKV_JPEG%2F7-0B.jpg,4.96
145,크로스핏 아띠,"서울특별시 성동구 무학로 8, 승우카센타 지하1층 (도선동)",02-2233-1525,37.56473279,127.0275496,https://search.pstatic.net/common/?autoRotate=true&amp;type=w560_sharpen&amp;src=https%3A%2F%2Fldb-phinf.pstatic.net%2F20220125_258%2F1643103916305OJVAY_JPEG%2FIMG_20210709_002744_261.jpg,100
146,힐앤핏,"서울특별시 성동구 한림말길 18, 501-1호 (옥수동)",02-2292-1019,37.54068102,127.0101716,https://search.pstatic.net/common/?autoRotate=true&amp;type=w560_sharpen&amp;src=https%3A%2F%2Fldb-phinf.pstatic.net%2F20211027_111%2F1635329190319cUUpd_JPEG%2Fauuy-lWTXV0M7Z5XVpR4nAfP.jpg,100
147,프롬더바디,"서울특별시 성동구 왕십리로 115, 9층 905호 (성수동1가)",,37.54782845,127.0412953,https://search.pstatic.net/common/?autoRotate=true&amp;type=w560_sharpen&amp;src=https%3A%2F%2Fldb-phinf.pstatic.net%2F20220216_122%2F16449867536649uwtC_JPEG%2FKakaoTalk_20220216_125543914_05.jpg,100
148,더블에이짐 옥수점,"서울특별시 성동구 매봉길 48, 지하2층 201~204, 206,207호 (옥수동)",02-2295-0408,37.54669766,127.0111889,https://search.pstatic.net/common/?autoRotate=true&amp;type=w560_sharpen&amp;src=https%3A%2F%2Fldb-phinf.pstatic.net%2F20190903_52%2F1567494096401cUIHO_JPEG%2FxXOKB8vm4SGsFfxdjtMGQeJV.jpeg.jpg,4.68
149,운동연구소 트레이닝센터,"서울특별시 성동구 독서당로 212, 동호빌딩 (옥수동)",070-8158-0726,37.54340866,127.0115016,https://search.pstatic.net/common/?autoRotate=true&amp;type=w560_sharpen&amp;src=https%3A%2F%2Fldb-phinf.pstatic.net%2F20191112_187%2F1573536547106NurPU_JPEG%2FCjaNLxsedKQbJ1Mvi73K_XEU.JPG.jpg,100
150,RX퍼스널트레이닝 행당동점,"서울특별시 성동구 왕십리로 284-1, 2층 (행당동)",,37.55989351,127.0338861,https://search.pstatic.net/common/?autoRotate=true&amp;type=w560_sharpen&amp;src=https%3A%2F%2Fldb-phinf.pstatic.net%2F20200117_105%2F1579237300585FHjLu_JPEG%2FbDgL8ZjewVzRVa5M_Cc5nDlf.jpg,4.2
151,운동의정석PT,"서울특별시 성동구 왕십리로 322, 한성아펠타워 B1~B3호 (도선동)",,37.5625084,127.0311768, ,4.98
152,빅브로짐 휘트니스 성수점,"서울특별시 성동구 왕십리로 115, 지하층 (성수동1가)",02-3409-5199,37.54782845,127.0412953,https://search.pstatic.net/common/?autoRotate=true&amp;type=w560_sharpen&amp;src=https%3A%2F%2Fldb-phinf.pstatic.net%2F20220708_38%2F1657255628595rFW9r_JPEG%2F%25B4%25D9%25BF%25EE%25B7%25CE%25B5%25E5-_%25BA%25B9%25BB%25E7.jpg,100
153,더새로워짐,"서울특별시 성동구 성수일로6길 53, 유원지식산업센터 2층 (성수동2가)",,37.54424904,127.0529206,https://search.pstatic.net/common/?autoRotate=true&amp;type=w560_sharpen&amp;src=https%3A%2F%2Fldb-phinf.pstatic.net%2F20200318_269%2F1584463671092Bc8qQ_JPEG%2FQ4uAqFUMDTHAZ56uLFobxnWa.jpeg.jpg,100
154,더바른몸PT,"서울특별시 성동구 왕십리로 320, W에비뉴타워 503호 (도선동)",02-2299-7890,37.56234378,127.0314797,https://search.pstatic.net/common/?autoRotate=true&amp;quality=95&amp;type=w750&amp;src=https%3A%2F%2Fldb-phinf.pstatic.net%2F20200329_257%2F1585474002877YjKVV_JPEG%2FDuf_-hSlQHPK6d2knsuKl_tC.jpeg.jpg,100
155,스포애니 성수역점,"서울특별시 성동구 성수이로20길 3, 세종빌딩 (성수동2가)",02-499-9679,37.5437135,127.054307,https://search.pstatic.net/common/?autoRotate=true&amp;type=w560_sharpen&amp;src=https%3A%2F%2Fldb-phinf.pstatic.net%2F20200608_239%2F1591593600886aB76B_JPEG%2F_CV3DcdOCkTwg3ghzoJ0_B6a.jpg,4.17
156,ST 요가&PT,"서울특별시 성동구 한림말3길 10, 교연학원 지하1층 (옥수동)",02-2292-3999,37.54213819,127.0133892,https://search.pstatic.net/common/?autoRotate=true&amp;type=w560_sharpen&amp;src=https%3A%2F%2Fldb-phinf.pstatic.net%2F20210407_188%2F161776689397083Mx9_JPEG%2FyfbXXPqt1zoIcdBafQ_pqZ-x.jpg,100
157,리커버 필라테스 & PT 왕십리점,"서울특별시 성동구 고산자로 284, 성동샤르망 206호 (행당동)",02-2295-4499,37.56492327,127.0339206,https://search.pstatic.net/common/?autoRotate=true&amp;type=w560_sharpen&amp;src=https%3A%2F%2Fldb-phinf.pstatic.net%2F20200227_240%2F1582797202515gkNT8_JPEG%2FX__gwe1yKeJPwjYenSxf6SGi.jpg,4.96
158,에이블짐 한양대점,"서울특별시 성동구 마조로 30, 미진빌딩 지층 101호 (행당동)",,37.56031306,127.0386214,https://search.pstatic.net/common/?autoRotate=true&amp;type=w560_sharpen&amp;src=https%3A%2F%2Fldb-phinf.pstatic.net%2F20220625_67%2F1656155978232roMbg_PNG%2F1656154719435-0.png,4.89
159,오늘운동,"서울특별시 성동구 무학로 33, 152동 b107호 (하왕십리동, 텐즈힐)",,37.56856565,127.0250761,https://search.pstatic.net/common/?autoRotate=true&amp;type=w560_sharpen&amp;src=https%3A%2F%2Fldb-phinf.pstatic.net%2F20200808_155%2F15968708636949Vqoz_JPEG%2FAgmMPJyGrczvVOeYRAagch7P.jpg,100
160,피앤디,"서울특별시 성동구 성수일로 21, 2층 (성수동1가)",,37.54260372,127.0457001,https://search.pstatic.net/common/?autoRotate=true&amp;type=w560_sharpen&amp;src=https%3A%2F%2Fldb-phinf.pstatic.net%2F20200827_139%2F1598492195902vY2FJ_JPEG%2F5FtfWoH044N5iw41BhBfarD7.PNG.jpg,100
161,스타칼리휘트니스 성수역점,"서울특별시 성동구 아차산로 97, 남영빌딩 3층 (성수동2가)",,37.54519716,127.0521918,https://search.pstatic.net/common/?autoRotate=true&amp;type=w560_sharpen&amp;src=https%3A%2F%2Fldb-phinf.pstatic.net%2F20210527_261%2F1622109610361SKASu_JPEG%2FT5iCM9Alpey-Chhfm3nT85eI.jpg,4.76
162,PT 스튜디오 리온,"서울특별시 성동구 고산자로 255, 케이 타워 7층 (도선동)",,37.56261894,127.0328368,https://search.pstatic.net/common/?autoRotate=true&amp;type=w560_sharpen&amp;src=https%3A%2F%2Fldb-phinf.pstatic.net%2F20220624_164%2F1656064085012PFL6B_JPEG%2F%25BC%25BA%25B5%25BF%25B1%25B8_%25BF%25D5%25BD%25CA%25B8%25AE_%25BB%25F3%25BF%25D5%25BD%25CA%25B8%25AE_%25C7%25E0%25B4%25E7_%25C7%25CA%25B6%25F3%25C5%25D7%25BD%25BA_PT_%25C7%25C7%25C6%25BC_%25C7%25EF%25BD%25BA_%25C7%25EF%25BD%25BA%25C0%25E5_%25C7%25C7%25C6%25BC%25B8%25AE%25BF%25C2_%25C7%25C7%25C6%25BC%25BD%25BA%25C6%25A9%25B5%25F0%25BF%25C0%25B8%25AE%25BF%25C2_%25B8%25AE%25BF%25C2_1.jpg,5
163,뉴바디필라테스&멀티트레이닝센터,"서울특별시 성동구 성수일로6길 53, 유원지식산업센터 3층 (성수동2가)",,37.54424904,127.0529206,https://search.pstatic.net/common/?autoRotate=true&amp;type=w560_sharpen&amp;src=https%3A%2F%2Fldb-phinf.pstatic.net%2F20180125_231%2F1516869940784oAvfF_JPEG%2F9Fxu331lPhK0_a4lcbLJqMJm.jpg,4.9
164,바나나짐,"서울특별시 성동구 행당로 35, 금복빌딩 1층 (금호동1가)",,37.5559732,127.020583,https://search.pstatic.net/common/?autoRotate=true&amp;type=w560_sharpen&amp;src=https%3A%2F%2Fldb-phinf.pstatic.net%2F20210608_297%2F16231364108883RRo5_JPEG%2FH_aXlH_1jPc6DfDuugufBgGl.jpeg.jpg,4.95
165,더바디 피트니스 장안점,"서울특별시 성동구 천호대로 400, B101호 (용답동, 신창비바패밀리)",7040079991,37.56128699,127.0604632,https://search.pstatic.net/common/?autoRotate=true&amp;type=w560_sharpen&amp;src=https%3A%2F%2Fldb-phinf.pstatic.net%2F20220120_214%2F1642654073681YcKuP_JPEG%2FKakaoTalk_20220119_163350615.jpg,4.99
166,바른피티,"서울특별시 성동구 한림말5길 9, 5층 (옥수동)",,37.54202324,127.0138503,https://search.pstatic.net/common/?autoRotate=true&amp;type=w560_sharpen&amp;src=https%3A%2F%2Fldb-phinf.pstatic.net%2F20210831_287%2F1630378850403jkbfz_JPEG%2FVD7YLzee1UjT2U8wi2bZLNwH.jpg,100
167,셧업앤스퀏,"서울특별시 성동구 독서당로 202, B103호 (옥수동)",02-2296-5357,37.54297633,127.0104626,https://search.pstatic.net/common/?autoRotate=true&amp;type=w560_sharpen&amp;src=https%3A%2F%2Fldb-phinf.pstatic.net%2F20210717_151%2F1626490324876Lnp5J_JPEG%2FjaFbJqNVMldY_V2SRtpMKMFl.jpg,4.96
168,릴리브짐PT,"서울특별시 성동구 왕십리로 410, I동 101호 102호 (하왕십리동, 센트라스)",264493636,37.56611043,127.0247565, ,100
169,오프로짐,"서울특별시 성동구 왕십리로 348, 5층 (도선동)",,37.56368434,127.0287636,https://search.pstatic.net/common/?autoRotate=true&amp;type=w560_sharpen&amp;src=https%3A%2F%2Fldb-phinf.pstatic.net%2F20220218_233%2F1645168105786oRDQ2_JPEG%2FKakaoTalk_20220217_145956530_01.jpg,100
170,브라보PT,"서울특별시 성동구 왕십리로 339-1, 3층 (하왕십리동)",,37.56301671,127.0290997, ,100
171,핏바디짐 성수점,"서울특별시 성동구 연무장11길 15, 청운재 지하1층 (성수동2가)",,37.54338483,127.0543981,https://search.pstatic.net/common/?autoRotate=true&amp;type=w560_sharpen&amp;src=https%3A%2F%2Fldb-phinf.pstatic.net%2F20220127_130%2F1643273942154doU3L_JPEG%2FKakaoTalk_20220127_162632324.jpg,100
172,바른핏 PT&헬스 옥수점,"서울특별시 성동구 독서당로 226, 조을빌딩 2층 (옥수동)",222929722,37.54403414,127.012912,https://search.pstatic.net/common/?autoRotate=true&amp;type=w560_sharpen&amp;src=https%3A%2F%2Fldb-phinf.pstatic.net%2F20220204_197%2F1643952822266Bmr3t_JPEG%2FKakaoTalk_20220203_185452080_02.jpg,100
173,모스트짐 뚝섬점,"서울특별시 성동구 상원길 64, 2층 (성수동1가)",,37.54979441,127.045128,https://search.pstatic.net/common/?autoRotate=true&amp;type=w560_sharpen&amp;src=https%3A%2F%2Fldb-phinf.pstatic.net%2F20220425_6%2F1650860234359LIHwf_JPEG%2FAE9EA98E-CC20-4448-96CD-28ECEB39F335.jpeg,100
174,찬스짐PT,"서울특별시 성동구 왕십리로 363, 성동빌딩 401호 (하왕십리동)",222826480,37.56395363,127.0267799,https://search.pstatic.net/common/?autoRotate=true&amp;type=w560_sharpen&amp;src=https%3A%2F%2Fldb-phinf.pstatic.net%2F20220409_289%2F1649454922631gWXVn_JPEG%2FC37A5E50-4AD0-4DF1-9E37-D8696D6188AC.jpeg,100
175,쓰리짐,"서울특별시 성동구 왕십리로14길 30-3, 2층 (성수동1가)",24644787,37.54838112,127.0444174,https://search.pstatic.net/common/?autoRotate=true&amp;type=w560_sharpen&amp;src=https%3A%2F%2Fldb-phinf.pstatic.net%2F20220525_103%2F1653453168819oSJuX_JPEG%2FKakaoTalk_20220519_192822332.jpg,100
176,와츠핏,"서울특별시 성동구 금호산길 61, 동원빌딩 301호 (금호동2가)",,37.55365827,127.0163781,https://search.pstatic.net/common/?autoRotate=true&amp;type=w560_sharpen&amp;src=https%3A%2F%2Fldb-phinf.pstatic.net%2F20220608_44%2F1654692597399KVynE_JPEG%2F5663FF87-AE71-4A95-BE33-BFF30493AD78.jpeg,100
177,후츠 PT,"서울특별시 성동구 왕십리로 340, B201호 (도선동)",,37.5633362,127.0295633,https://search.pstatic.net/common/?autoRotate=true&amp;type=w560_sharpen&amp;src=https%3A%2F%2Fldb-phinf.pstatic.net%2F20220619_205%2F1655622383571y63Ll_JPEG%2F7B7F58A4-4D9D-4C05-9761-22848C50426B.jpeg,100
178,GymSH퍼스널트레이닝,"서울특별시 성동구 성덕정길 92, 3층 (성수동2가)",,37.53753885,127.0507102,https://search.pstatic.net/common/?autoRotate=true&amp;quality=95&amp;type=w750&amp;src=https%3A%2F%2Fldb-phinf.pstatic.net%2F20210908_42%2F1631072157142LDmAg_JPEG%2FDqcdYXK7Cn8U0NDhTmMyP-94.jpg,100
179,F45 Seongsu,"서울특별시 성동구 아차산로 92, S TOWER B102호 (성수동2가)",,37.544862,127.0513952,https://search.pstatic.net/common/?autoRotate=true&amp;quality=95&amp;type=w750&amp;src=https%3A%2F%2Fldb-phinf.pstatic.net%2F20220501_287%2F1651409095645MKaK4_JPEG%2FBrand_Select_99.jpg,100
180,유코치의 바디스토리PT,"서울특별시 중랑구 면목로 220, 6층 (면목동)",494-1031,37.57256096,127.0812156,https://search.pstatic.net/common/?autoRotate=true&type=w560_sharpen&src=https%3A%2F%2Fldb-phinf.pstatic.net%2F20171201_293%2F1512075478529TTu1k_JPEG%2F_MG_2485.jpg,4.43
181,럭키 헬스,"서울특별시 중랑구 중랑역로 51, 5층 (중화동)",432-5111,37.59841778,127.0740301,https://search.pstatic.net/common/?autoRotate=true&type=w560_sharpen&src=https%3A%2F%2Fldb-phinf.pstatic.net%2F20220714_241%2F1657782173608fAAha_GIF%2FIMG_ccmwyw.g,4.36
182,이코리아스포츠,"서울특별시 중랑구 망우로 454, 3층 (망우동)",435-1113,37.59998174,127.099891,https://search.pstatic.net/common/?autoRotate=true&quality=95&type=w750&src=https%3A%2F%2Fldb-phinf.pstatic.net%2F20200520_156%2F158996268018238KNu_JPEG%2FXKKxS0GPAKQf1plmhNXNKu7A.jpg,null
183,세방헬스클럽,"서울특별시 중랑구 면목로37길 17, 세방사우나 4층 (면목동)",435-5346,37.57908806,127.0824007,null,4.24
184,비바 휘트니스,"서울특별시 중랑구 용마산로 494, 4층 (망우동)",435-8293-4,37.59493917,127.0973381,https://search.pstatic.net/common/?autoRotate=true&type=w560_sharpen&src=https%3A%2F%2Fldb-phinf.pstatic.net%2F20150831_132%2F14410088967947AEeE_JPEG%2F11630119_0.jpg,4.55
185,피트니스 에스 핏,"서울특별시 중랑구 신내로14길 13, 5층 (신내동)",nan,37.6058365,127.0932033,https://search.pstatic.net/common/?autoRotate=true&type=w560_sharpen&src=https%3A%2F%2Fldb-phinf.pstatic.net%2F20220707_28%2F1657200281120qgcoQ_JPEG%2F7%25BF%25F9_%25BF%25A9%25B8%25A7%25C0%25CC%25BA%25A5%25C6%25AE_%25283%2529.jpg,4.98
186,바디캠프,"서울특별시 중랑구 동일로 851, 3층 (묵동)",nan,37.60642446,127.0753439,https://search.pstatic.net/common/?autoRotate=true&type=w560_sharpen&src=https%3A%2F%2Fldb-phinf.pstatic.net%2F20150901_181%2F1441054144940Xvqai_JPEG%2F36259419_0.jpeg,null
187,카인드짐 휘트니스&스쿼시,"서울특별시 중랑구 용마산로115길 108, 이안빌딩 지하1층 (망우동)",433-2505,37.59808566,127.0912374,https://search.pstatic.net/common/?autoRotate=true&type=w560_sharpen&src=https%3A%2F%2Fldb-phinf.pstatic.net%2F20220502_124%2F1651470695136miUUp_JPEG%2FKakaoTalk_20220501_234907758_13.jpg,4.78
188,GOTO 면목,"서울특별시 중랑구 면목로39길 11, 카멜리아쇼핑센타 2층 (면목동)",433-9766,37.57954756,127.0834064,https://search.pstatic.net/common/?autoRotate=true&type=w560_sharpen&src=https%3A%2F%2Fldb-phinf.pstatic.net%2F20220228_149%2F16460435278612ila7_JPEG%2FKakaoTalk_20220228_191316197.jpg,4.12
189,휘트니스 놀이터,"서울특별시 중랑구 숙선옹주로 6-9, 101동 지하2층 (묵동, 묵동자이아파트1단지)",02-976-7788,37.614856,127.0750168,https://search.pstatic.net/common/?autoRotate=true&type=w560_sharpen&src=https%3A%2F%2Fldb-phinf.pstatic.net%2F20161122_105%2F1479803874793W0qKe_JPEG%2F177072576774280_4.jpeg,null
190,커브스 신내클럽,"서울특별시 중랑구 신내로 71, 5층 (신내동)",nan,37.60559838,127.0922256,https://search.pstatic.net/common/?autoRotate=true&type=w560_sharpen&src=https%3A%2F%2Fldb-phinf.pstatic.net%2F20150831_225%2F14409925363333DXzN_JPEG%2F137155595668149_0.jpeg,null
191,스포웰짐,"서울특별시 중랑구 봉화산로 194, 신아타운 10층 (신내동)",nan,37.60642552,127.0918392,https://search.pstatic.net/common/?autoRotate=true&type=w560_sharpen&src=https%3A%2F%2Fldb-phinf.pstatic.net%2F20151125_89%2F1448431462175KsGoK_JPEG%2F167075553442006_0.jpeg,4.3
192,투바디짐,"서울특별시 중랑구 봉우재로 73, 2,3층 201,202,302호 (상봉동)",495-2020,37.59179784,127.0784679,https://search.pstatic.net/common/?autoRotate=true&type=w560_sharpen&src=https%3A%2F%2Fldb-phinf.pstatic.net%2F20150831_185%2F1441023288950yIt5c_JPEG%2FSUBMIT_1372913627892_32383035.jpg,null
193,올리브짐,"서울특별시 중랑구 겸재로49길 18, 신세대프라자 지하1층 (면목동)",491-6151,37.58988516,127.0875942,null,4.5
194,운동창고 PT GYM,"서울특별시 중랑구 망우로 422, 원동빌딩 4층 (망우동)",493-5060,37.59926587,127.0960953,https://search.pstatic.net/common/?autoRotate=true&type=w560_sharpen&src=https%3A%2F%2Fldb-phinf.pstatic.net%2F20150901_249%2F1441096044228onEQ6_JPEG%2F166552626220419_4.jpeg,null
195,카인드 라이프 피트니스,"서울특별시 중랑구 면목로 487, 지하2층 B201호 (상봉동)",436-9696,37.59536438,127.0825401,https://search.pstatic.net/common/?autoRotate=true&type=w560_sharpen&src=https%3A%2F%2Fldb-phinf.pstatic.net%2F20210709_26%2F1625807552978QeUdN_JPEG%2Fi0p9Vm6omBQux5eYWH2hffTi.jpeg.jpg,3.86
196,고구마 휘트니스,"서울특별시 중랑구 상봉로 39, MS빌딩 4층 (면목동)",02-434-9696,37.58947032,127.0905352,https://search.pstatic.net/common/?autoRotate=true&type=w560_sharpen&src=https%3A%2F%2Fldb-phinf.pstatic.net%2F20190809_205%2F1565313856483taUfa_JPEG%2FCuLGtLIRVqDaPHFisXAXwZpU.jpg,4.44
197,팀키스 짐,"서울특별시 중랑구 망우로60길 37, 3층 (망우동, 효성 써너스빌 에코)",495-5782,37.59712417,127.091466,https://search.pstatic.net/common/?autoRotate=true&type=w560_sharpen&src=https%3A%2F%2Fldb-phinf.pstatic.net%2F20200323_46%2F15849392830835vXwX_JPEG%2FfMkZcZiBN6VVDtFijbwH5cEg.jpg,4.39
198,시너지 짐,"서울특별시 중랑구 면목로39길 8, 한성빌딩 6층 (면목동)",02-6408-4471,37.57975712,127.0842742,https://search.pstatic.net/common/?autoRotate=true&type=w560_sharpen&src=https%3A%2F%2Fldb-phinf.pstatic.net%2F20211013_21%2F1634104221593fhJtK_JPEG%2FJHxAV_ZpW4XGKxmEOetqsA3U.jpg,null
199,J. PT GYM,"서울특별시 중랑구 동일로 833, GM대우 4층 (중화동)",6012-9949,37.60476349,127.0756902,https://search.pstatic.net/common/?autoRotate=true&type=w560_sharpen&src=https%3A%2F%2Fldb-phinf.pstatic.net%2F20191112_182%2F1573551977031MvOjc_JPEG%2FIMG_4772.,5
200,쉴드짐,"서울특별시 중랑구 봉화산로 61, 정신빌딩 3층 (중화동)",nan,37.60180406,127.0784189,https://search.pstatic.net/common/?autoRotate=true&type=w560_sharpen&src=https%3A%2F%2Fldb-phinf.pstatic.net%2F20220715_28%2F1657863762885o5af8_JPEG%2FKakaoTalk_20220714_112406096_02.jpg,null
201,커브스상봉클럽,"서울특별시 중랑구 망우로 305, 6층 (상봉동)",02-435-8230,37.596852,127.0832759,https://search.pstatic.net/common/?autoRotate=true&type=w560_sharpen&src=https%3A%2F%2Fldb-phinf.pstatic.net%2F20211231_172%2F1640930209336fuPTR_PNG%2F%25C4%25BF%25BA%25EA%25BD%25BA_%25C8%25AB%25BA%25B8%25C0%25CC%25B9%25CC%25C1%25F6_%25281%2529.png,4.66
202,트루짐,"서울특별시 중랑구 면목로 275-1, 2, 3층 (면목동)",nan,37.57748032,127.0827764,https://search.pstatic.net/common/?autoRotate=true&type=w560_sharpen&src=https%3A%2F%2Fldb-phinf.pstatic.net%2F20220704_111%2F1656910556363K6wJp_JPEG%2F84C3A436-90EA-43F2-A089-B14E8876F250.jpeg,null
203,운동자판기 GYM,"서울특별시 중랑구 면목로92길 28, 2층 (상봉동, 리더스)",nan,37.59510824,127.0846484,https://search.pstatic.net/common/?autoRotate=true&type=w560_sharpen&src=https%3A%2F%2Fldb-phinf.pstatic.net%2F20211216_24%2F1639634700178XTHMo_PNG%2F%25BC%25BE%25C5%25CD%25B7%25CE%25B0%25ED.png,null
204,워너비짐,"서울특별시 중랑구 면목로48길 57, 4층 (면목동)",nan,37.58213164,127.0889571,https://search.pstatic.net/common/?autoRotate=true&type=w560_sharpen&src=https%3A%2F%2Fldb-phinf.pstatic.net%2F20201203_163%2F1606981547403UFvpI_JPEG%2FtOGnPI1UJ7V3smiKD-R6pRBm.jpg,null
205,쑤핏,"서울특별시 중랑구 신내역로1길 127-12, 2층 (신내동)",02-3422-1811,37.61795126,127.1056988,null,null
206,온리엘 PT 스튜디오,"서울특별시 중랑구 망우로 353, C동 209호, 210호 (상봉동, 상봉 프레미어스 엠코)",nan,37.59810116,127.0876237,https://search.pstatic.net/common/?autoRotate=true&type=w560_sharpen&src=https%3A%2F%2Fldb-phinf.pstatic.net%2F20210713_136%2F1626176224212OtB1V_JPEG%2FfSDwukgBpNKxbcdWdTPPUadb.jpg,4.83
207,린 휘트니스,"서울특별시 중랑구 용마산로 426, 광진빌딩 2층 (면목동)",nan,37.58942042,127.0942288,https://search.pstatic.net/common/?autoRotate=true&type=w560_sharpen&src=https%3A%2F%2Fldb-phinf.pstatic.net%2F20220406_1%2F1649251064148vRySq_JPEG%2FKakaoTalk_20220317_130016124.jpg,null
208,코어스트롱 중랑구청점,"서울특별시 중랑구 봉화산로 218, 지하2층 (신내동)",02-435-0062,37.60733558,127.0941655,https://search.pstatic.net/common/?autoRotate=true&type=w560_sharpen&src=https%3A%2F%2Fldb-phinf.pstatic.net%2F20220422_90%2F16506178026167xsOQ_JPEG%2FIMG_0134.jpg,4.56
209,리얼타임 피트니스,"서울특별시 중랑구 용마산로 448, 까치유치원 2,3층 (망우동)",nan,37.59116383,127.0951707,https://search.pstatic.net/common/?autoRotate=true&type=w560_sharpen&src=https%3A%2F%2Fldb-phinf.pstatic.net%2F20211224_63%2F16403531721263wQ93_JPEG%2F4F5313E7-9683-4A37-B02F-E30B7B8DB288.jpeg,4.55
210,스트롱라인 면목점,"서울특별시 중랑구 상봉로 81, 청풍빌딩 2층 (면목동)",nan,37.59319909,127.0901751,https://search.pstatic.net/common/?autoRotate=true&type=w560_sharpen&src=https%3A%2F%2Fldb-phinf.pstatic.net%2F20201111_223%2F1605072141738ubJ2A_JPEG%2FC5yGou4Me__8Q-Lq-NLQyMHU.jpg,null
211,크로스핏 파무짐,"서울특별시 중랑구 중랑천로 332, 상가동 1, 지하1층 101, B01호 (묵동, 묵동한국아파트)",02-972-9108,37.61433791,127.0706018,https://search.pstatic.net/common/?autoRotate=true&type=w560_sharpen&src=https%3A%2F%2Fldb-phinf.pstatic.net%2F20201130_253%2F1606725911385XfXLc_JPEG%2F6Yo-5X3I1NMC2zG1IEuaqOEB.jpg,4
212,BODY EFFECT,"서울특별시 중랑구 동일로 822, 3층 (중화동)",nan,37.60395122,127.0764561,https://search.pstatic.net/common/?autoRotate=true&type=w560_sharpen&src=https%3A%2F%2Fldb-phinf.pstatic.net%2F20220103_153%2F1641216483672Xd4vg_JPEG%2F8A4CB7BA-5B6F-47F9-A6F6-88896F506636.jpeg,null
213,HELIO GYM,"서울특별시 중랑구 망우로 316, 이지팰리스 4층 402호 (상봉동)",nan,37.59648513,127.0846452,https://search.pstatic.net/common/?autoRotate=true&type=w560_sharpen&src=https%3A%2F%2Fldb-phinf.pstatic.net%2F20220711_144%2F1657534812641isc3H_JPEG%2FKakaoTalk_20220711_191348858.jpg,null
214,에이블짐 상봉역점,"서울특별시 중랑구 면목로 491, 주함해븐타워 지하2층 (상봉동)",nan,37.59580387,127.0824331,https://search.pstatic.net/common/?autoRotate=true&type=w560_sharpen&src=https%3A%2F%2Fldb-phinf.pstatic.net%2F20220624_255%2F1656047858842lLNbb_JPEG%2FKakaoTalk_20220620_160617050.jpg,5
215,짐프릭 면목점,"서울특별시 중랑구 동일로 608, 6층 (면목동)",02-432-9679,37.58462792,127.0772492,https://search.pstatic.net/common/?autoRotate=true&type=w560_sharpen&src=https%3A%2F%2Fldb-phinf.pstatic.net%2F20220607_68%2F1654596874634Sw6wO_JPEG%2FKakaoTalk_20220524_103807289_01.jpg,null
216,엠크루짐,"서울특별시 중랑구 공릉로 8, 지하1층 (묵동, 대길빌딩)",02-978-9688,37.61157333,127.0751242,https://search.pstatic.net/common/?autoRotate=true&type=w560_sharpen&src=https%3A%2F%2Fldb-phinf.pstatic.net%2F20220118_286%2F1642476620513AARqc_JPEG%2FKakaoTalk_20220118_120742010.jpg,null
217,닥터바디짐,"서울특별시 중랑구 면목로 353, 경희솔한의원 3층 (면목동)",070-7783-8119,37.58346818,127.0852985,https://search.pstatic.net/common/?autoRotate=true&type=w560_sharpen&src=https%3A%2F%2Fldb-phinf.pstatic.net%2F20210413_130%2F1618250648793oVKuA_JPEG%2FxpmMr6j46stCdN509T962XrT.jpg,null
218,프리빗 PT 스튜디오,"서울특별시 중랑구 망우로 192, 2층 (상봉동)",02-491-7877,37.59315691,127.0712029,https://search.pstatic.net/common/?autoRotate=true&type=w560_sharpen&src=https%3A%2F%2Fldb-phinf.pstatic.net%2F20220524_284%2F1653374201536DREtg_JPEG%2FKakaoTalk_20220524_153353710_06.jpg,null
219,토니바디PT 용마점,"서울특별시 중랑구 면목로 266-1, 2층 (면목동)",nan,37.5764386,127.0831586,https://search.pstatic.net/common/?autoRotate=true&type=w560_sharpen&src=https%3A%2F%2Fldb-phinf.pstatic.net%2F20220616_94%2F1655369368532E9HJ6_JPEG%2F53FE87D1-2385-492C-AAB5-043C1F5ADA31.jpeg,null
220,J-PT,"서울특별시 중랑구 공릉로 18, 3층 (묵동)",nan,37.6124915,127.0751758,https://search.pstatic.net/common/?autoRotate=true&type=w560_sharpen&src=https%3A%2F%2Fldb-phinf.pstatic.net%2F20191112_182%2F1573551977031MvOjc_JPEG%2FIMG_4772.,5
221,콤마짐,"서울특별시 중랑구 양원역로10길 3, 제이타워 7층 (망우동)",nan,inf,inf,https://search.pstatic.net/common/?autoRotate=true&type=w560_sharpen&src=https%3A%2F%2Fldb-phinf.pstatic.net%2F20220531_2%2F1654005393027zXghg_JPEG%2F20220531_195428.jpg,null
222,퍼플피플,"서울특별시 중랑구 중랑역로 62, 5층 (중화동)",nan,37.59891011,127.0753069,https://search.pstatic.net/common/?autoRotate=true&type=w560_sharpen&src=https%3A%2F%2Fldb-phinf.pstatic.net%2F20220608_50%2F1654672249849abpXN_JPEG%2F%25B7%25CE%25B0%25ED.jpg,null
223,코어핏 PT&필라테스,"서울특별시 중랑구 봉우재로33길 65, 4층 (상봉동)",nan,37.59523973,127.0859626,https://search.pstatic.net/common/?autoRotate=true&type=w560_sharpen&src=https%3A%2F%2Fldb-phinf.pstatic.net%2F20220613_67%2F1655106940202kzfSu_JPEG%2FKakaoTalk_20220613_165429986.jpg,null
224,뉴페이스짐,"서울특별시 중랑구 면목로 469, 2층 (상봉동, 대성타워)",nan,37.59381569,127.0830696,https://search.pstatic.net/common/?autoRotate=true&type=w560_sharpen&src=https%3A%2F%2Fldb-phinf.pstatic.net%2F20220713_187%2F1657684309849mWFyD_JPEG%2FKakaoTalk_20220713_125107562_12.jpg,null
