,company_id,review0,review1,review2,review3,review4,review5,review6,review7,review8,review9
0,1150285601,"주변에 추천하고 싶은 헬스장입니다. 친절하게 맞아주시고 상담도 자세히 해주셔서 첫인상부터 좋았습니다. 시설 둘러보는데 오픈한지 얼마 안돼서 인테리어, 기구, 샤워실 전부 깨끗하고, 가격도 너무 좋아서 고민 없이 등록했어요. 운동 기깔나게 할 수 있을 것 같아요!",재등록합니다. 운동하기 너무 좋아요~ 강력 추천합니다👍👍,"디스크로 고생해서 병원 다니다가 여기서 pt 받아봤는데 전보다 훨씬 좋아졌어요. 몸 상태랑 통증 원인, 근육별 기능, 적합한 기구 등에 대해서도 자세히 설명해주셔서 운동 과정을 이해하면서 할 수 있고 재밌었습니다. ㅎㅎ",PT 선생님들 정말 전문지식 가득하시고 꼼꼼하고 체계적으로 자세 봐주시고 알려주세요! 시설도 늘 깔끔하게 유지되고 너무 만족스럽습니다🤎,집 가까운곳에 이렇게 좋은 헬스장이 있어서 좋네요 운동기구도 엄청다양하고 선생님들이 친절하셔서 상담도 오래잘받고 궁금증도 다 풀렸네요ㅎ 이제 운동열심히해서 이쁜몸 만들일만 남았어요~ 깨끗하고 좋아용,"자세 잘봐주시고 시설도 너무 좋고 운동할 맛이 납니다
앞으로 뼈를 묻겠습니다!!!","선생님들도 친절하시고, 기구도 거의 새것이고, 분위기도 너무 좋습니다!! 운동이 하고 싶어지는 곳입니다!","오픈한지 얼마 되지 않아 깔끔하고 쾌적하네요^^ 친절하게 상담 해주셔서 고민없이 바로 가입했습니다. 
앞으로 여기서 운동할 생각하니까 기대됩니다!",3개월 열심히 다니고 또 등록했습니다! 선생님들 친절하시며 매우 깨끗합니다!! 좋아요!!!,"혼자 운동 하다 좋아서 와이프도 추천하여 PT
운동 시작 하는대 합리적이고 좋아요  "
1,272888535,집 근처에 있어서 이용하기 편하네여!!,굳,굿,굿,굿,좋아요,항상 재등록하는 곳이에요 시설도 크고 관리 잘되는 편이구요 요즘 코로나때매 신경 많이 쓰이는데 이 근처에서 유일한 지상시설이여서 맘 놓고 운동해요 ㅎ,엄청 크고 이근처에선 젤 좋음,친구소개로 운동하게 되었는데 쾌적하고 너무좋네요. 다욧제대로 하겠어요,센터 상태가 청결하고 좋습니다.
2,18788499,좋아요,좋아요,짱짱너무좋아요, , , , , , , 
3,32085717,가성비 헬스장! 동네에 있는 곳이라 부담없이 다니기 좋을 것 같아요. 잘 다녀볼게요! ,ㅎ,ㅎ, , , , , , , 
4,1530150594,처음왔는데 굉장히 친절하시고 등록방법과 시설안내 등등도 자세히 설명해주셨어요. 위치도 좋고 시설도 굉장히 넓었습니다. 초보자라 걱정했는데 초보자를 위한 기구설명 등등까지 준비되어있어서 믿음이 가는 곳이에요,기구들도 다양하고 깔끔해서 너무 좋아요! 금액대  너무 좋습니다!!!!,"프리모션, 인바디 맛집  헬스장 분위기도 좋고  기구 대부분은 프리모션 기구로 이루어졌고  기구는 정기적으로 점검 검사를 보내서 안정적 인 것 같네요 헬스장 분위기",사장님이 너무 친절하시구 운동기구도 다양하고 새것 같고 시설도 너무 깔끔합니다ㅎㅎ 제 의지만 있으면 운동하는데는 아무 문제 없을듯해요 열심히 운동해서 체력짱짱맨으로 거듭나겠습니다👍😎,시설 좋고 위치가 굉장히 마음에 듭니다 👍👍☺️,"집 앞 이여서 고민하다가 등록하러 오게됐어용
친절하고 좋아용~",사장님 친절하시고 기구들도 좋아서 열심히 운동 할수 있을것 같아요. 올 여름에는 당당히 반팔 입는 그날까지 화이팅~!,"너무 친절하시고 기구도 너무 많아요 ㅎㅎ 
열심히 운동 하게 될 것 같은 좋은기분!","우연히 들린 짐아서휘트니스
봄맞이 할인 이벤트
열심히 운동해서  몸 만들자",시설이 깨끗하고 운동하기 좋아요
5,21111585,"남자 탈의실 선풍기 코드가 맨날 빠져있습니다~ 
직접 끼우려해도 콘센트 부분이 서랍장 안쪽에 있어서 할수도 없고~ 
조치 부탁합니다",굿,좋아요,딸아이 3개월 등록해주고 10번도 안갔을텐데 연락한번  없음~돈 아까비 ㅠㅠ,좋아요 ,좋아요 ,굿,"골프 프로님 레슨 정말 잘해주세용~!
강추",굿, 
6,11691712,헬스 처음이었는데 피티쌤이 자세랑 커리큘럼을 되게 섬세하게 봐주셔서 적응하기 좋았어요! 기구도 다양해서 개인운동하기도 좋습니다~,굿굿 세면실은별롱,관장님께 pt를 처음 받아보는데 친절하고 자세하게 운동 방법을 알려주세요. 기구의 원리와 자극되는 부위에 대해 이론적으로 설명 해주셔서 쉽게 이해가 되고 궁금한 부분 여쭤봐도 잘 알려주시고! 또 제 체형에 맞춰서 수업을 진행해주셔서 좋습니다😄. 헬스장과 pt 고민 중이시다면 추천해 드려요!,"pt 등록한지 반 정도 지났는데 정말 만족하고 있습니다ㅎㅎ
트레이너 선생님께서 개개인의 체형에 맞게 가르쳐 주시고 또 너무 무리 하지 않도록 최적의 운동방법을 찾아가도록 도와주십니다!
역이랑 가까워서 접근성도 편리하고 트레이너님들 굉장히 친절하고 기구도 다양해서 pt 생각하고 계시는 분들께 강력 추천드려요!",20회차 pt 마무리 하고 30회차 끊었습니당 ㅎㅎ 처음보다 체력이 강해진걸 느끼고 몸상태에 따라 운동 종류를 다르게 시켜주신거같습니다!! 혼자서는 운동 힘들어서 못할거같은 분들 관장님 도움 받으셔서 운동 시작하면 좋을거같아요!!,"21년 초부터 xx애니 성수점에 다니다가 사람이 너무 많고 운동환경에 제약이 있어 주변을 알아보던중, 가성비 최고의 헬스장을 알게 되었습니다. 장점으로는 넓디 넓은 프리웨이트존 및 깔끔하게 정리되어있는 다양한 기구 등  나만의 스트레칭존, 모티베이션이 되는 운
동 열심히 하시는 회원분들이있습니다. 반갑게 맞이해주시는 관장님 역시 장점이라 생각합니다. 운동하는데 있어 두려움이 있으시면 그에 맞게 친절하고 열정적으로 코치해주시는 pt 트레이너 쌤들도 있으니 걱정없이 상담받으셔도 될것같습니다. 현재도 거의 매일 와서 문닫
을때까지 하고 갈정도로 내 집처럼 private하면서도 부족함이 없는 헬스장이라 생각합니다.  많이들 오셔서 북적북적함 속에 서로의 motivation이 되어 열운할수있었으면 좋겠습니다.  💪🏼😎",10회 끊고 운동 꾸준히 해보려구 10회 추가로 등록했습니당!! 처음 운동 시작할때보다 아주 조금 적응되어서 그런지 운동이 재밌어지네요! 친절하신 관장님 덕분인거같습니당~~!! ㅎㅎ 앞으로 웰트짐에서 꾸준히 pt 받으려구요 !! 언제나 시설은 깨끗하고 운동하기엔 딱입니당!,조아용,"일단, 10회 PT받고서 20회 추가했네요. 첫 PT라 동네 여기저기 꼼꼼하게 리뷰보고 등록한건데 잘 선택한 것 같아요 ㅎ  상담해주셨던 분께서 트레이너님한테 배우셨던 분들은 거의 재등록을 많이 한다고 하셨는데 왜 그랬는지 알 것 같아요ㅎㅎ 우선 설명이 
이해하기 쉽게 충분했고  모든 기구의 작동법과 자극점을 다 알려주셔서  복습 운동을 할 때도 어렵지 않았어요~! 전 이게 너무 좋았습니다.  회원권은 저렴한 편이라 부담스럽지 않고,  평일 퇴근 후에도 번잡하지 않아서 기다리지 않고 기구 사용을 할 수 있어요!  앞
으로도 꾸준히 이용해보려구요^^",처음 pt 해봤는데 몸 상태에 맞게 운동 구성해서 알려주세요! 넘 친절하시구 자세하게 알려주셔서 좋습니당 ㅎㅎ 처음 운동 시작하시는 분들에게 아주 강추 !! 시설 깔끔하구 운동하기 딱 좋은 헬스장입니다 ~~ 앞으로 쭉 이용할거같아요~!
7,37309187,굿,굿!,좋아용, , , , , , , 
8,34346765,오랜시간 답십리에서 운영된 휘트니스라 평소에 눈여겨 보고 있다가 지인의 강력한 추천으로 운동결심하고 방문했어요! 오랜만에 운동시작이라 긴장했는데 친절하게 상담해주시고 궁금증있는 부분도 꼼꼼하게 챙겨주셔서 바로 등록했네요~ 합리적인 가격과 좋은 운동시설들 너무 맘에 들어요! 열심히 운동해보렵니다 ^^,"고3때부터 꾸준히 10년째 다니고있는데 인테리어나 기구들도 거의 6개월?마다 리뉴얼 하고있고 중간중간 왕십리나 장안동 인근도 가봤는데 이 근처 헬스장중에는 여기가 제일 시설이나 서비스등 모든게 제일 좋습니다. 100프로 내돈내산 리뷰이구요 친구들까지도 
군자에서 지하철타고 다니는데 강추합니다! 꼭 피티안해도 코치님들이 가끔 자세나 운동루틴도 봐주셔서 초보자분들에게도 너무 추천해요!ㅎㅎ","작년에 시티짐에서 pt받으면서 20kg 뺐었는데 슬금슬금 살이 붙어서 다시 시작했어요 !! 새로운 기구도 엄청 많아지고, 공간 리모델링하면서 쾌적해져서 증맬 짱짱 👍🏻👍🏻 여러군데 다녀본건 아니지만 부위별 기구도 다양하게 잘 갖춰져있고 트레드밀 수량도 넉넉해
서 사람 많은 시간에 가도 기구 안기다려도 되요~~! 피티도 정말 세심하고 꼼꼼하게 잘 가르쳐주시고 케어 잘해주셔서 개인적으로는 pt 추천 ⭐️",작년에 피티 받았었어요! 살도 많이 빼고 좋았었는데 다시 찾아왔습니다!! 오랜만에 왔는데 더 넓어지고 기구도 많아지고 좋아졌네요😊❣️👍🏻👍🏻 항상 청결하고 좋은 거 같아요✧⁺⸜(･ ᗜ ･ )⸝⁺✧ 다들 헬스는 시티짐으로 오세요~~~,"일단 역에서 가까워서 좋고 어제 아는 지인이 여기 추천해줘서 갔는데 시설이랑 다양한 기구들 많아서 당연히 추천입니다
무엇보다 다들 너무 친절 하세여!!
또 운동 하러 가려구여 ㅎㅎ",프리웨이트존도 넓지만 기구들이 많아서 좋습니다. 특히 등 운동 row머신은 광배 상부 하부 타깃으로 하는 머신도 있어서 좋구요 가슴운동기구도 10가지는 되는듯 하네요.. 자리 기다릴필요 없이 다른기구 쓰면 되어서 좋네요,시티짐에서 현재 태훈쌤한테 pt받고 있는데 정말 잘 알려주세요!! 첨엔 또 얼마 못가서 흥미 잃을까 걱정 햿는데 운동에 흥미를 갖게 해주시고 너무 잘 알려 주셔서 지금 재미있게 운동 하고 있어요!! 시설도 깨끗하고 넓어서 쾌적해요!!! 추천!!!!,"군대가기 전에 근력좀 키우려고 헬스장을 알아보다가 시티짐이라는 곳에 전화를 하였는데 너무 친절하게 대해주셔서 방문해서 등록했습니다 !!
기구도 많고 좋네요 😊",2년째이용중인데~ 너무친절하시고 헬스장도 깨끗해요~ 필라테스로이용중입니다~,"시설도 깔끔하고 기구도 많아서 좋은거같아요!!
직원분들도 친절하고 피티도 예정인데 오티할때 너무 하나하나 설명해주셔서 믿고 몸만들수잇을거같아요!! 열심히다녀볼게요!"
9,37638105,"헬스장이 넓고 쾌적해서 좋고 기구가 다양해서 여러가지 운동을 할 수 있어서 더더더 좋아요!! 
계속해서 피티받고 있는데 선생님이 자세를 꼼꼼하게 봐주시고 친절하게 알려주셔서 헬린이에게 많은 도움이 되고있습니당ㅎㅎ 
오래오래 다니고 싶은 헬스장이에여👍👍👍","일단 지상에 있어서 안 답답해서 좋아요! 헬스장 밑에 이마트랑 영화관도 있어서 자칫 안가게 될 수 있는 운동을 겸사겸사 가는 효과까지 ,, !! 주차도 가능하고 왕십리역이 바로 밑에라 출퇴근 시 바로 운동을 갈 수 있습니다😊 2층에 유산소 하는 공간이 또 따로 있어
서 넘 쾌적하고 좋습니다 ,, 헬스장과 피티는 처음이라 긴장했는데 ,, 선생님이 너무 친절하고 ,, 잘 알려주셔서 금방 근육질 몸이 될 거 같은 착각이 들어요 ^_____^ 수업 때마다 좋은 자극 받고 갑니다 ,, 강추 ,, ⭐️",포시즌휘트니스 뷰가 너무 좋고  양쪽이 유리로 되어있고 지하가 아닌 지상이다 보니 마음이 너무 편안한 상태로 운동할수있어서 좋고 넓이도 넓고 기구가 많아서 다양하게 활용할수도 있어서 좋아요!! 무엇보다 쌤들도 착하셔서 인사해주실때 기분이 좋구요 ㅎㅎ,"왕십리 역사 내에 위치하고 있어서 오고가기가 정말 편해요.
주차도 4시간 무료라 차 끌고 오기도 좋고, 기구설비도 최신으로 구비되어 있어 운동하기 너무 좋습니다. 
PT를 받지 않는 회권에게도 선생님들이 친절하게 대해 주셔서 모르는 기구 사용법 물어보기 불편하지 않아요.","일단 저는 헬스, PT극혐좌였는데요.. 하루 숨쉬는 운동이 전부였던터라 갈수록 체력이 넘 저질이 되더라구요; 필라테스하다가 뭔가 눈에 띄는 효과를 보고싶어서 속는셈 결제했는데 안했으면 큰일날뻔ㅋ 2kg아령만 들어도 다 죽어가는 저를 위해 같이 운동해주시는 다은쌤 최고입니다 덕분에 기초 체력도 예.전.보.다 좋아졌어요 호호ㅋㄷ 피티 받으면 거의 집에 실려가지만 확실히 몸 좋아지는게 느껴집니다요! 눈에 띄는 효과를 보고싶다면 필테보다 강추! 시설은 왕십리 에xx짐이랑 같이 상담 받았었는데 가격차이는 거의 없는데 포시즌이 훠어어얼씬 넓고 쾌적하고 지상이라 선택했어요 시설 너무 깨끗! 기구도 짱많고 짱좋아여.. 관리하시는게 너무 느껴져서 진짜 감히 강추합니다 내가 이런 리뷰를 쓰는 날이 올 줄이야;;","왕십리지점에 포시즌 휘트니스 완전 강추!!
일단 지상이라 답답함 전혀 없고 사진만 봐도 알겠지만 넓어서 쾌적하고 기구도 많아서 운동 욕구가 뿜뿜합니다 💪 좋은 기구들로 배치 되어있어서  운동할때도 자극이 어우,,,,,👍👍 그리고 PT 선생님들도 수업 하시는거 보면 되게 열정적으로 하시고 꼼꼼하게 보시더라구요. 왕십리 근처에 사시면 저는 자신있게 강추입니다!","한양대 주변 헬스장 중에서 제일 좋은 것 같아요! 왕십리역과 연결되어 있어서 접근성도 좋고 주차공간도 넓어서 편해요! 운동기구들도 파나타, 해머스트렝스 등 다양하게 구비되어 있어 원하는 운동하기 좋습니다. PT쌤들도 전문적으로 친절하게 티칭해주십니다. 예전에 
딴 데서 PT 받을 땐 얻어가는 게 없어서 아깝다는 느낌이 컸는데, 포시즌에서 PT 받아보니 배워가는 점이 많아 충분히 투자할 가치가 있다고 느꼈습니다!  PT 강요 없이 OT나 운동기구 설명도 친절하게 잘 해주시니 오셔서 운동하시면 후회 없으실 것 같
습니다! ","다른 헬스장보다 훨씬 넓고 쾌적하고 심지어 유산소존이 2층에도 있어서 정말 좋아요! (뷰최고✨)
저는 도현쌤께 바프 준비하면서 pt를 받았는데 진짜 운동의 신세계와 재미를 깨닫게 되었고 바프도 너무 만족스럽게 해냈습니다!!👍🏻 그저 운동뿐만이 아닌 제 평소 자세교정에 맞는 운동, 스트레칭도 알려주셔서 지금은 허리통증까지 좋아졌어요!!! 다른쌤들도 다 너무 친절하시고 왕십리근처 헬스장중에서 최고입니다💗",지상에 있어서 답답하지 않고 공간이넓어서 자유롭게 기구를 이용할 수 있어요 피티쌤도 친절하시고 취약한 부위에 대해서 집중케어해주시고 체계적입니다,"태어나서 처음 헬스장을 와서 막막하고 몸도 많이 굳어 있었는데, 체계적으로 어떤 부분이 부족한지 알려주셔서 금방 실력이 늘 수 있었습니다. 운동 전의 스트레칭의 중요성을 알 수 있었고 여러 스트레칭 방법을 알려주셔서 운동의 효과를 극대화 할 수 있었습니다. 그리고 운동할때 해부학적 구조와 연계해 어떻게 해야 각 근육에 자극을 줄 수 있는지 배울 수 있어서 쉽게 응용할 수 있었습니다. 운동을 시작할 때 가장 잘한 일이 도현쌤과 피티를 받은 일이라고 생각합니다. "
10,1061867273,근처 집 가까운 헬스장을 찾아보다가 가게됐는데 처음엔 밖에 건물에서봤을때와는 다르게 실내엔 깔끔하게 리모델링 돼서 쾌적하고 외부에서 보기완 다르게 스트레칭실이 두개나 있어서 놀랬습니다😀😀 대회를 뛰시는 분들이 많아서 헬스장 분위기도 운동을 열심히 할수밖에 없는분위기...😂 운동을 아직 잘 몰라서 눈대중으로 대충 따라하면서 하고있으니 선생님들이 ot수업도 잡아주시고 좋았습니다 ㅎㅎ,센터가 넓고 머신 종류도 많고 상담해주시는 인포선생님도 친절합니다! 처음 보는 기구가 있어서 트레이너 선생님께 여쭤보니 상냥하게 알려주셔서 다음에 또 방문할거 같습니다^^,재등록 했어요,"지인소개로 찾아간 곳인데 시설이 깔끔하고 쾌적한 편입니다 기구도 있을거 다 있어서 운동 잘하고 왔습니다
선생님들도 몸좋고 친절함
다음에 또 갈게요",기구가 진짜 다양하구  지하는 넘 답답한데 지상이라 쾌적해요 깔끔하구 거울 깨끗해서 사진찍기도 좋고 주차도편해요 트레이너분들도 상담 잘해주시고 친절하세요,"상담을 너무 친절하게해주시고, 일단 넓고 쾌적해서 좋아요~~~~ 트레이너 쌤들이 항상 친절하셔서 별로 어색하지도 않고 분위기도 좋아요~~~~~😇",pt 처음 받아보는데 친절하게 잘 알려주셔서 좋아요 시설도 깔끔해요 👏🏻👏🏻,"운동하며 스트레스 푸는 1인입니당 ㅎㅎ 금호동에 이사오고도 압구정까지 가서 운동하며 바디프로필을 찍었는데  생각보다 쳐진 힙에 좌절하며 술로 지새우다 이 곳을 찾았습니다! ㅋㅋㅋㅋㅋ 금호 다 찾아봤는데 엉덩이하면 여기라고 하더라구여...ㅋㅋㅋㅋ 쌤들도 너무 ni
ce 하시고 아주 친절하십니다 엉덩이도 점점 살아납니다 행벅해여..♡ 꾸준히 운동하시는 것도 중요하지만~ 운동법을 아시고 운동하시는게 젤 중요합니다!!!!!! 진짜루...ㅋㅋㅋㅋㅋ 피티 끊으세여 다들..  내 몸에 투자합시다 팀키스짐 진짜 좋음👍 태구쌤 피티 맛집
👍",인천전자랜드에서 프로농구생활을 하다가 강직성 척추염으로 이른 은퇴를 하고 훈련소에서 알게된 후배를 찾아 PT를 받으며 근육도 발달하고 몸도 많이 회복되었습니다. 그 후배가 직장을 옮기게되었다고하여 또 찾아가보았는데 시설이 크진 않지만 운동하기에도 좋고 분위기도 너무 좋았습니다!,"원래 강남역쪽에서 피티 받다가 수업 해주시던 쌤 따라 온거라 별로 기대 없었는데 오히려 기구 종류도 많고 시설도 깔끔해서 좋았어요. 그리고 위치가 지하철역 바로 앞이라 교통이 편해요. 보통 센터가 대부분 지하라서 습하고 답답했는데, 여기는 지상이라 밝고 좋아요."
11,1213139053,여기 선생님께서 실력이 좋으신거 같아요. 기구도 다양하고 운동 잘 배워야 겠네요.^^,스크린자리 많아서 연습하기 좋네요. 크기도 크고 헬스랑 같이하니까 가격차이 크게 안나서 부담 안됐어요.👍🏻👍🏻 여름준비겸 다이어트도 하고~ 골프도 연습하고 시설도 깔끔한것같아요🙌🏻,"상담 너무 편하게 잘해주시고 가격이 가성비내리네요. 골프때문에주차 필요했는데 주차가능했고,시설도 괜찮았어요!","와우, 천국의 계단을 여기서 보네요. 직접해보니까 하늘까지 올라가겠는데요. 오늘 하체운동인데 하체운동하기 최고네요 ㅋㅋ 인클라인 마운틴기구도 새로 들어왔나봐요.

사장님 친절하시네요^^",골프등록하고 추가등록했어요~ 유산소랑 근력 기구도 넉넉하고 골프랑 헬스 같이 할 수 있어 좋네요👏🏻💪🏻 늦은 여름준비 해야겟어요👍🏻,뚝섬역에서 가까워 헬스상담왔는데 가격도 저렴해요 기구마다 오래 안기다려도되서 좋은거같아요 트레드밀도 많아서 널널하고 천국의계단도 있어요. 천국문턱 밟고왔네욬ㅋ,"골프 레슨 가격도 괜찮고 상담도 잘 해주시네요.
주차도 가능해서 이동 편해요.
주말에도 골프 열려있어서 연습하기 좋네요.","여름에 역시 옷이 얇아지니까 ...다이어트져🤦🏻‍♀️
헬스 등록하는데 친절하세요!
ot 1회 가능해서 처음 운동 시작해도 어렵지않은거같아요!",여름준비로 뚝섬쪽 헬스장 여러군대 돌아다녀봤는데 여기가 가격도저렴하고 깨끗합니다. 사장님이신지 매니저님이신지 친절하게 시간들여 세세하게 상담 잘해주시네요. ,기구 필요한 건 다 있고 전반적인 시설이 좋습니다. 아침에 출근하기 전 운동할 헬스장을 찾는 제게 거리며 가격 시설 모두 딱 맞았어요. 분위기도 쾌적한 거에 비해 실물 현장 사진이 없는 것 같아 몇 장 남깁니다.
12,1806684520,합리적인 가격과 체계적인 수업!! 피티를 받고 마무리가 되었지만 또 다른 목표를향해 다시 등록했습니다. 믿고 맡길수있는 고릴라멀티짐 행당점 추천합니다!!!,"고릴라멀티짐 행당동점 PT 등록하고 운동 중입니다.
넖은 시설도 좋고 오가며 마주칠 때마다 큰소리로 반갑게 인사해주시는 트레이너님들 모두 좋습니다.
PT 시간 예약도 편하고 꼼꼼하게 잘 봐주십니다~^^",PT를 받고 싶어서 성동구에 있는 헬스장을 알아보다가 행당역 근처에 있는 고릴라 멀티짐을 알게 되어서 방문 했는데 상담도 친절하고 자세하게 해주셔서 좋았어요 시설도 넓고 깨끗하고 수업 받을때도 하나하나 꼼꼼하게 봐주셔서 너무 만족스럽게 다니고 있습니당 : ),"탁트인 공간! 최신시설! 무료피티 매월2회!!
고릴라멀티짐 행당점을 선택안할이유가 없네요!!!
일년동안 다니고 재등록한 입장으로써 왕십리 이만한 헬스장은 없더라구요!! 짱!!",행당 왕십리 근처에 괜찮은 헬스장 찾다가 와서 보고 등록했어요. 다른거보다 다른데는 지하이거나 지저분한데가 많은데 확실히 깔끔하고 기구도 좋아요. 관리가 잘 되는 센터임에는 분명하네요. 1:1 담당선생님도 배정받아서 기분좋게 오리엔테이션받구 운동하구 왔네요. 진작에 여기로 올걸 그랬어요 내돈내운동 후기입니다 여름준비 스타트!,시설이 깔끔해서 좋아요. 낮에 오면 매일 선생님들이 청소하시는 시간이 있어서 신기했어요. 기구가 다양한데 사용법을 알려주셔서 혼자 왔을때 할 게 있네요 ㅋㅋ  열심히 다녀볼라구요~!,예전에 다니다가 다시 다니기 시작했는데 여전히 친절하고 깔끔하네요 예전에는 인바디 측정기계가 밖에 있어서 지나가는 사람이 볼까봐 괜히 부끄러웠는데 다시 오니 공사를 해서 넓어졌고 인바디기계가 구석으로 가서 좋네용ㅋㅋㅋㅋ 행당동에서는 여기만한 데가 없는 것 같아요!!,"지금 피티수업 받고 있는데 완전완전 만족합니다 :) 운동을 좋아하지 않아 .. 자주 빠질까봐 걱정했는데 PT를 받다보니 운동이 재밌어지고 있어요! 제 체력과 체형에 맞게 자세를 잘 잡아주시고 운동강도를 설정해주셔서 너무 좋아여 ㅎㅎ (트레이너 선생님들이 다 친절
하십니다) 그리고 시설은 깨끗하고 분위기가 운동하기 적당한 것 같아요 ㅎㅎ 예전에 다녔던 곳은 너무 시끄러워 정신이 좀 없었는데 여기는 그렇지 않더라구요 ㅎㅎ 또 기구도 많아서 거의 대기 없이 원하는 기구를 사용할 수 있습니다 :)  행당역하고 가까운것도 뚜벅이는
 매우매우 좋습니다 !",좀 더 다녀봐야할거 같아요. 지금까지는 괜찮은편-,"서울 왕십리 행당동 고릴라 헬스장  후기. 1.교통 편리  ;  5호선 행당역과 바로 연결 주차장도 있음.(  상가 지하 주차장) 2. 규모 크기가 상당하며 웨이트 기구, 러닝머신 상당수 보유. 대단지를 끼고 있어서인지 크기와  기구 종목이많음. 특히 같은 부위 운
동머신들도 회사별로 두세대씩 있어 이용 하기 좋았음. 3.관리 새기계들도 많았고, 기존의 기계들도 가죽상태나 추 상태등이 깨끗하고 관리가 잘 되어 있음. 웜업 공간의 매트리스나 스트레칭 도구들도 상태 깔끔. 코치님들이 기구나 센터 소독 하시며 청소하시는걸 자주 볼
 수 있음. 스피닝,요가,골프룸등이 따로 있어 다양한 운동을 즐기기 좋음. 코치님들이 매우 친절하며 운동에 해박한 지식을 가지고회원들.자세교정등 잘 봐주심.다들 몸 좋으심."
13,1006755563,"작년 난생 처음 PT를 등록하면서 인연을 맺게 된 스포애니! 바쁜 업무로, 개인적인 사정으로 4개월동안 운동을 쉬다가 다시 재등록했어요! 
시설도 깔끔하고 기구도 다양하고 무엇보다 친절하고 전문적인 트레이너쌤들이 계셔서 제대로 운동을 배울 수 있어요! 추천합니다!!👍",생각보다 좁네요…,불친절해요 기구도 별로,왕십리 주변으로 이사오고나서 헬스장 다닐곳 찾아보다가 헬스장은 많은데 거의다 가격대가 좀 비싸더라구요 ㅠㅠ 찾고찾다가 위치도 역주변이여서 지나가는길에 한번 들렸다가 상담받고 센터 둘러보고 바로 결제했네용 ㅎㅎ 가격대비 운동기구도 많고 gx수업까지 무료로 들을수있는게 제일 좋았던거같아요 ! 지하라 좀 어둡거나 그럴줄알았는데 굉장히 밝은분위기입니다.!!,상담친절하시고 운동하기 좋아요,시설 좋고 쾌적해서 운동하기 좋아요,괜찮아요,깔끔하고 친절하게 잘 설명해주십니다!,왕십리 헬스장 알아보다가 시설에 비해 가격이 엄청 저렴해서 등록했어용ㅋㅋ 오티했는데 트레이너쌤이 너무 잘 알려주셔서 PT도 등록했네요!!ㅋㅋㅋ 청소도 자주 하시는 것 같아서 깨끗해서 넘 좋아욜 ㅜㅜ 운동에 재미를 느끼게 해주셔서 진심으로 감사해요!!!! 남은 PT 열심히 받아서 바프 꼭 찍어보겠슴돠!!!,집에서 코앞이라 다니기 좋음
14,1693279616,"옥수동에서 가장 크고 시설이 깔끔한 연습장.  (옥수역 바로 옆 어울림상가 지하) 스크린 타석 15~16개 있고, 레슨 프로용 별도 룸 있음. 타석간 간격이 넓지는 않으나 남의 아이언에 맞을 일은 없을 정도 공간 충분. 단, 스크린 메뉴 조작시 앞사람 드라이버 
조심. 센서는 골프밸리 제품을 사용하는 것 같음. Ping G30 사용할 때는 별 문제가 없었으나 PXG Gen4 0811XT로 바꾼 뒤 센서가 사이드 스핀, 어택앵글 인식 못함. (사진 참고) 고로 PXG 사용자 주의 요망. 부대시설
로 조그만 퍼팅 연습장도 있고, 개인 락커 임대 가능. 대기 장소에 대형 티비가 있어서 순서 기다릴때 골프방송 보기 좋음. 안마 의자가 2개 있으나 써본 적 없음. 골프만 회원가입 시 반팔/반바지 사용 가능.",상담 문의하실때 시설 가격 자세히 알려주셔서 감사했습니다~!,굿,새로생긴 헬스장인줄 알앗는데… 15-20년 전에 미국 라이프타임에서 쓰던 기구가 있어서 깜놀.. 고장나있어서 황당.. 락커룸과 사우나는 깨끗하고요.. 골프연습때문에 헬스랑 같이 등록했는데… 골프시스템도 중고쓰는거 같고.. 다시 gdr로 옮길까 생각중입니다.,집에서 가까워서 등록했는데 최근에 새로 들어온 기구들도 다양하고 운동하기 좋네요. 샤워실이나 탈의실도 깔끔하고 깨끗해서  좋아요,단백질 드링크도 팔고 좋아요!,좋아요,"오 기대 안했는데!!!!!!
한 입 먹고 맛있어서 사진까지 찍었어요ㅎㅎㅎ 운동하러 오기 싫을 때 커피 생각하며 와야겠네요ㅎㅎ🐷🏋",커피먹으러 온김에 운동하고 갑니다...😘,"(4) 제가 이렇게 장문의 답변을 드리는 것에 회원님께서 혹시나 불편함을 느끼실까 조심스럽습니다.  회원님의 리뷰에 대한 반박이나 해명을 하기 위함이 아닌, 회원님들이 편안한 환경에서 쾌적하게 운동하실 수 있도록 저희 센터가 늘 노력하고 있으며 앞으로도 그럴 것
임을 말씀드리기 위함입니다. 저희 센트리얼 옥수점은 앞으로도 회원님들의 의견을 귀 기울이고 어려운 시국에도 더욱 안심하고 편안하게 운동하실 수 있도록  최선을 다하겠습니다. 감사합니다."
15,34287354,"시설도 깨끗하고, 운동할맛나는 곳이에요. 작년까지 다니다가, 사정이 있어서 그만뒀는데. 다시 운동하려고 상담후 회원권 구매했네요! 프로그램 좋고, 시설 좋은거 알아서 고민없이 바로 회원될만큼 괜찮습니다! 추천해요~","행당점4년째다니는중인데  GX프로그램도다양해요
시설도깔끔하고이용하기편한헬스장입니다
8주년행사중이라지금등록하시면싸게할수있습니당","기구가 다양하고 여러개라서 사람이 많더라도 운동 잘 할 수있는 헬스장이에요. 주차 가능도 매력적이고, 시설 너무 깨끗합니다",기구도 다양하고 깨끗하고 직원분들이 친절하시고 깔끔하게 청소도 매일 주기적으로 하셔서 청결합니다.,예전에비해 기구배치나 청결상태 머신업그레이드 등등 더 발전한걸볼수있었습니다. 재등록하게된 계기가되었죠,"오랜만에 방문해서 좋네요
운동 열심히 해야 될것 같습니다 ",안내가 친절하고 24시간이라 좋아요!,8주년행사해서 저렴하게등록했습니다,친절하게 상담해주셨어요 !,작년에 등록해따가 다시왔는데 친절하시고 운동시설 좋습니다
16,12032777,간장님과 한 달 반 동안 피티 받으면서 12kg 정도 감량했어요 ㅎㅎ 수업 시간 분위기도 즐겁고 재미있게 배울 수 있었어요!! 조언도 많이 해주시고 1대1 맞춤 코칭 정말 짱이에요~~ 너무너무 호탕하고 재밌으신 간장님덕에 피티 받는 동안 시간가는 줄 몰랐어요 😆 합리적인 피티 가격이에요!! 많이 많이 오셔서 몸짱되세욧~~!! 😋,"요요가 와서 처음으로 PT를 받아 봤는데 운동 할 때 자세도 잘 봐주시고 식단관리나, 다이어트 할 때 필요한 비타민 같은 것들도 추천해주셔서 좋았어요~","집 근처에 여러개 헬스장 있지만 여기가 제일 저렴하고 리뷰들이 너무 좋길래 “한번 해보자”라는 마음에 다이어트 목적으로 찾아가는데 정말 좋은 다이어트 경험이었어요.      일단 코치님이 친절하시고 일주일에 PT 3번이지만 전혀 지루해지지 않고 하루는 체력훈련, 하루는 상체 기구 운동, 나머지 한번은 하체 기구운동으로 나눠 주셨어요. PT하는 과정중에도 코치님께서 항상 재미있는 이야기들을 해주셔서 시간 금방 갔어요~그리고 에어컨을 시원하게 틀어 주셔서 제가 이 더운 날씨에 견딜 수 있었던 것 같아요~ 제가 6.3~7.17일 동안 PT 20번 하고 7.5kg 감량했어요!   어쨌든 다이어트 하고 싶으신 분들이 계시면 여기로 오세요~살도 많이 빠지고 좋은 식습관과 과학적인 지식도 얻을 수 있어요!","10/7 오늘 피티 마지막날💕 목표달성✌️ 감사한 마음을 어찌 표현 할까 고민하다가 결제했던 영수증을 찾아 이렇게 후기를 써봅니다.  요즘 너투브 좋은 헬스장, 트레이너와 부합하지 않을 순 있으나 솔직히 가성비면에서 이구역 탑 아닐까 싶어요. 예산은 한정되어있는
데 식단도 신경쓰려면 주머니 사정이 사실 좀 슬프잖아요. 다른곳에서 피티를 받아본적이 없어서 비교 할 순 없지만 무리하지 않고 지속가능한 널널한(??) 식단에도 때로는 무너질 수도 있는시점에 멘탈 케어도 세트간 휴식 때 요긴한 생활 정보 등등등ㅋㅋ 즐겁게 운동했
습니다. 깔끔한 시설을 원한다면 맞지 않으시고요, 우선 좀 살빼고 생각해보겠다 하시는 분들은 즐겁게 다이어트 하실 수 있을 것 같아요~~",살면서 처음으로 PT 받아봤는데 이렇게 좋은 관장님은 없어요 진짜👍🏻 관장님께서 기구 사용법이며 운동이며 진짜 다 너~~~무 잘 가르쳐주시고 PT받으면서 지루할틈이 진짜 1도 없었어요!!! 혼자 운동했으면 진짜 살 하나도 안빠지고 살 계속 쪘을텐데 옆에서 계속 자극해주시고 살 빠지는거 보니까 기분 너~~~무 좋아서 다시 등록했어요!! 기구도 없는게 없고 편한 분위기에서 운동할 수 있는게 좋아서 진짜 추천👍🏻 다들 스타트짐에서 운동하세요!!!!,이벤트 가격으로 PT를  20번 받았어요~ 저는 박 선생님이랑 운동을 했는데 선생님은 저에게 맞는 메뉴를 만들고 적극적으로 가르치셨어요~ 선생님은 너무 친절하고 정말 재밌는 PT를 하셨어용 체중도 3킬로 빠져서 행복합니다~♡ㅎㅎ,"올해 초부터 다이어트 결심하고 열심히 혼자 헬스장 다녔었는데 다 실패하고 헬스장 찾던 중 스타트짐 pt 등록했습니다! 식단 조절하면서 운동하니 혼자할때 안빠지던 살이 빠지더라구요. 살이 빠지면서 변화하는 모습 보니까 욕심생겨서 더 운동하게 되고 근육만들고 싶어졌
어요 결국 20번 pt 안에 목표체중 5kg감량 성공하고 한번 더 등록해버렷습니다ㅎ 관장님도 좋고 헬스장도 좋고 가성비도 좋고 그냥 다 좋아요 비싼 돈 주고 헬스장 다닐 필요없이 여기 다니면 될 듯합니다!","2월부터 약 5개월이란 시간동안 스타트짐 간장님(관장님)께 피티수업을 받았습니다.  오랜시간 술을 가까이 다루는 직업이다보니 살이 점점 불어나 어느 순간부턴 배나온 아저씨가 되어있었고, 그 충격으로 운동을 시작했습니다. 다이어트 목적으로 시작하여 약 2달동안 
14kg 감량을 하였고, 그 이후로는 술도 적당히 마시고 먹고싶은 것도 적당히 먹으며 운동도 열심히 하면서 체중 유지 및 근육량 증가를 목표로 열심히 달려왔습니다.  그간 간장님이 운동에 대한 동기부여도 잘해주시고, 몰래 먹고 자백을해도 이해해주시고...^,^
* 동생처럼 잘 챙겨주셔서 감사했습니다. 앞으로도 밥 잘 먹고 술 마시고 웨이트와 유산소 열심히 타겠습니다!! 이거보시고 피티 받으세요! 의지와 노력만 있으면 할 수 있습니다 스타트짐 화이팅^,^",다시 피티 등록. 얼릉 간장님께 관리받고 싶습니다 맘놓고 헬스장 다녔으면 좋겠습니다,올 초에 다이어트 목표로 PT 수업 들었는데 관장님께서 너무 잘 알려주셔서 수업받다 보니 바디프로필 까지 촬영하게됐어요! 수업할때도 스트레스 안받고 너무 재미있게 알려주시고 소소한 팁들도 많이주셔서 버킷리스트 이뤘습니다!! 몇년동안 움직이지 않던 제 몸무게를 움직여주셨습니다... 몸무게도 8키로 감량하고 체지방량도 엄청 많이뺐어요 ㅠㅠ 사람만들어주신 관장님 최고!! 감사합니다
17,34287354,"시설도 깨끗하고, 운동할맛나는 곳이에요. 작년까지 다니다가, 사정이 있어서 그만뒀는데. 다시 운동하려고 상담후 회원권 구매했네요! 프로그램 좋고, 시설 좋은거 알아서 고민없이 바로 회원될만큼 괜찮습니다! 추천해요~","행당점4년째다니는중인데  GX프로그램도다양해요
시설도깔끔하고이용하기편한헬스장입니다
8주년행사중이라지금등록하시면싸게할수있습니당","기구가 다양하고 여러개라서 사람이 많더라도 운동 잘 할 수있는 헬스장이에요. 주차 가능도 매력적이고, 시설 너무 깨끗합니다",기구도 다양하고 깨끗하고 직원분들이 친절하시고 깔끔하게 청소도 매일 주기적으로 하셔서 청결합니다.,예전에비해 기구배치나 청결상태 머신업그레이드 등등 더 발전한걸볼수있었습니다. 재등록하게된 계기가되었죠,"오랜만에 방문해서 좋네요
운동 열심히 해야 될것 같습니다 ",안내가 친절하고 24시간이라 좋아요!,8주년행사해서 저렴하게등록했습니다,친절하게 상담해주셨어요 !,작년에 등록해따가 다시왔는데 친절하시고 운동시설 좋습니다
18,34287354,"시설도 깨끗하고, 운동할맛나는 곳이에요. 작년까지 다니다가, 사정이 있어서 그만뒀는데. 다시 운동하려고 상담후 회원권 구매했네요! 프로그램 좋고, 시설 좋은거 알아서 고민없이 바로 회원될만큼 괜찮습니다! 추천해요~","행당점4년째다니는중인데  GX프로그램도다양해요
시설도깔끔하고이용하기편한헬스장입니다
8주년행사중이라지금등록하시면싸게할수있습니당","기구가 다양하고 여러개라서 사람이 많더라도 운동 잘 할 수있는 헬스장이에요. 주차 가능도 매력적이고, 시설 너무 깨끗합니다",기구도 다양하고 깨끗하고 직원분들이 친절하시고 깔끔하게 청소도 매일 주기적으로 하셔서 청결합니다.,예전에비해 기구배치나 청결상태 머신업그레이드 등등 더 발전한걸볼수있었습니다. 재등록하게된 계기가되었죠,"오랜만에 방문해서 좋네요
운동 열심히 해야 될것 같습니다 ",안내가 친절하고 24시간이라 좋아요!,8주년행사해서 저렴하게등록했습니다,친절하게 상담해주셨어요 !,작년에 등록해따가 다시왔는데 친절하시고 운동시설 좋습니다
19,36105399,"직장다니며 얻은 목 어깨 통증이 마사지만으론  해결되지 않아서😭  상담 후 등록하고 꾸준히 다니고 있습니다 넓고 쾌적한건 기본이고😎 저에게 맞게 체계적으로 잘 알려주셔서  이제는 통증은 잊은지 오래이고 바뀌는 몸 보면서  즐겁게 운동하고 있어요🙂🙂 고민중이시면 
MSC 추천 입니다👍🏻","주변에서 하나둘 운동을 시작해서 이참에 시작해볼까 하고 상담했는데, 몰랐던 제 자세나 상태도 알게 되고, 어느 쪽이 약한지 등등 자세히 상담해주셔서 좋아요",다른 곳에서 피티도 받아보고 도수치료도 받아봤는데 이곳에서 운동하고 몸이 많이 좋아진걸 느낍니다. 집 근처에 이런 MSC가 있는게 다행이예요. 추천!!,유학 후 건강이 많이 안좋아져서 다니기 시작한 운동이 벌써 몇년째네용~~센터도 넓구 기구도 많아 너무 좋아요!! 쌤들두 너무 친절하시구 제 몸에 맞춰 운동 알려주셔서 너무 좋아용~~!.!,"운동을 제대로 배워본적도 해본적도 없어서 걱정반 창피함반으로 갔는데,,, 차근차근 하나씩 친절하게 알려주시고 잘하고있다고 말씀도 많이 해주셔서 용기도 얻었고 자신감도 얻었습니당! 
초반에는 ‘이게 운동이 되나?’ 하는 마음으로 하긴했었습니다. 하지만 저에겐 버거운 동작들이였고 ,운동이 안되긴 커녕 다음날 근육통과 함께 지낼정도로 너무 효과가 잘왔습니다. 그렇게 운동을 시작했고, 하고나서의 성취감도 느낄수있었습니다.
힘들어서 하기싫다고 징징거릴때마다 옆에서 잘 잡아주시고 , 진짜 너무 힘들어서 못하겠다고 하면 멈춰서 다른 동작들로 대체해주시는 점이 매우 좋았습니다",주변 상담 다 받아보고 전문성과 친절함으로 결정. 개인운동하기에도 좋음.,"PT샵이 이렇게 전문적이고 체계적인 곳인지 몰랐습니다 
문제를 하나하나씩 잡아주시고 포인트도 잘잡아주셔서 운동하는 재미가 생기네요 
개인운동 하기에도 넓고 쾌적해서 너무 만족하면서 다니고 있어요!","여기 다닌지 이제 2년정도 됐는데요, 인스타보고 알게돼서 방문 상담 후 등록했는데 생각보다 시설이 깔끔하고 1:1맞춤 pt샵인데도 넓은 편이었어요. 선생님들도 너무 친절하시고 제 수준에 맞게 운동을 차근차근 알려주시니까 흥미가 생기고 운동이 재미있게 느껴졌어요. 
그리고 체계적인 운동프로그램들이 참 좋은 것 같습니다! 저는 여기에 정착했어요ㅎㅎ^^",좋아요ㅔ,"시설도 깨끗하고, 좋아요"
20,36418609,"전혀 좋지않아요 비추천합니다 우선 처음왔는데 오티는 개뿔 운동복이랑 탈의실만 안내해주고 완전 무관심 직원 한명은 인바디 어떻게하는지 물어봤더니 인바디 할줄모르세요? 살면서 한번도 해본적없으세요? 이러고있고.. 나중에 결과보니까 데이터도 밀려써있고 그래서 인바
디 다시하려니까 모자쓴나시직원이 원래 그런거다 그럼 기계문제아니냐고 했더니 원래 그런거다.. 여기다니는 친구에게 물어봤더니 제대로나온다네요 환불하겠다니까 이유도 안묻고 위약금결제하는데 괜찮냐고..  무미건조하고 건성적인거에 질려서 위약금 결제하고 환불했습니다",저아여!!!!!!!,성수역 주변에서 제일 저렴한 헬스장인거같아요^^  시설고 좋고~ 무엇보다 깔끔해요^^  일하시는 직원들도 다들 친절합니다~^^^  강추합니다~^^, , , , , , , 
21,405152522,학교안에 있으니 무난해요,가격이좋아용,좋아요,좋아요,"헬스장 입니다.  
땀나요", , , , , 
22,37233073,좋음, , , , , , , , , 
23,37256941, , , , , , , , , , 
24,37704782, , , , , , , , , , 
25,37814798,"가까워서 좋고, 시설도 깔끔한 편. 최근 이용자가 많이 늘어서 시간 잘 잡아야",가까워서 좋아요,좋아요, , , , , , , 
26,38241100,"트레이너쌤들이 운동 갈 때마다 인사도 크게 해주시고 친절합니다
운동 방법은 물론이고 운동에 관련된 영상들도 알려주셔서 많은 도움이 됩니다
왕십리역 근처 헬스장 레이휘트니스 추천 합니다",선생님들이 친절하시고 상담이나 질문 있을 때 성심성의껏 잘 답변해주십니다.  호정 코치님이 자세도 꼼꼼히 봐주시고 몸 상태에 따라 맞는 운동 처방해주서서 많은 도움이 됩니당. 도움이 되는 영상이나 사진 등을 톡으로 보내주셔서 좋아요😃,"왕십리에 여러군데 다니다가 마지막으로 정착한 곳이에요! 
코로나에 걸려서 몸이 약해진것같아 다녔는데 가격도 합리적이고 서비스도 좋고 시설도 쾌적합니다! 
지금 혜린쌤에게 3개월째 PT 받는중인데 아픈곳 있냐고 먼저 물어봐주시고 체력을 확실히 길러주세요~ 무엇보다 재밌으셔서 운동이 즐겁네요!","6개월 다니고 재등록했어요!! 처음 상담부터 친절해서 맘에들었는데 운동하러 갈때마다 크게 인사해주시는게 처음엔 부끄러웠지만 이젠 너무 반갑고, 쌤들이 다 너무 친절하세요! 
담당쌤인 혜린쌤 운동에 재미 들릴 수 있게 잘 알려주시구 식단이나 컨디션 꼼꼼히 체크해주셔서 너무 좋아요👍🏻👍🏻👍🏻👍🏻 
",한양대 주변에서 가성비 제일 좋은 것 같아요! 운동을 전혀 해본 적 없고 운동하기 정말 싫어했는데 선생님께서 꼼꼼히 알려주셔서 운동습관 잘 잡고 있어요:) 혜린쌤 정말 친절하시고 원리부터 상세히 설명해주셔서 덕분에 정말 재미있게 운동해요! 식단 관리도 잘 도와주셔서 좋아요❤️,트레이너 선생님께서 너무 친절하시고 수업이 체계적이에요!! 제 성향이나 문제가 되는 포인트들을 잘 캐치해주시고 저에게 맞는 운동을 알려주시고 체크해주세요! 운동 진짜 싫어했는데 요즘 운동가는 낙데 살고있습니다 허허,"운동을 해야겠다 생각하고, 왕십리 주변에 헬스장을 정말 꼼꼼하게 알아봤었어요! 그 중에서 후기가 가장 좋고 선생님들이 친절하신 레이를 선택하게 되었습니다! 예전에는 헬스를해도 오래 못하고, 선생님들과 잘 안맞아서 쉽게 그만두었었어요 하지만 레이를 다니고 나서 얼마나 운동이 재미있는지 일상에 활력을 가져다 주는지 알게되고, 이제는 일상의 한 부분으로 자리잡게 되었어요 ㅎㅎ 특히나 혜린쌤 덕분에 운동이 더 재밌어진 것 같아요!! 제 몸 컨디션, 보완점등을 자세하게 봐주시고 일상에서 제가 자주 하면 좋을 부분들을 알려주시고 항상 밝게 말씀해주셔서 더 열심히 하고 싶어지더라구요! 다이어트도 체력도 건강도 꾸준히 관리해서 우리 모두 갓생살아요 ◡̈ ",친절하고 자세도 자세히 잘 알려주세요~!,"선생님이 꼼꼼하고 정말 친절해요
허리가 정말 안 좋아서 무리하게 운동하면 안되는데 제 몸상태에 맞춰서 스트레칭부터 꼼꼼하게 해주십니다😭👍🏻덕분에 많이 건강해졌어요! 여기 아니었으면 진작에 병원 실려갔을 거에요ㅠ",항상 친절하신 트레이너님들과 전문적인 수업을 받을 수 있습니다! 운동 습관을 만들어주시고 좋은 에너지를 얻을 수 있었어요!!
27,823249514,1년 넘게 다니고 있습니다. 이사하면서 갈곳을 찾아 다니다가 잘 정착했어요. 한참 운동하다가 일하고 공부하느라 못했었거든요(PT 필라테스 요가 모두 해봤었어요). 그러다 어깨가 아파서 도수치료 받다가... 운동으로 몸을 좀 튼튼하게 하는것이 필요할 것 같아 재활을 위해 시작했는데 요즘은 재미있어서 와요! (어깨는 많이 튼튼해 졌어요) 멀리서 찾아 오시는 분들도 많고.... 저는 회사앞 집바로앞 샵....다 비교해보고 여기로 옵니다.,"피티 처음 받아보는데 PT쌤 잘만났구나 싶을 정도로 잘 봐주시고 절대 과한 운동도 없이 잘 봐주세요!!
여기 선생님들 덕분에 운동이 재밌다는 걸 알게 됐어요♡ PT 없는 날에도 꼭 개인운동 하고 가요 어떻게 운동할 지 감이 안 잡혀서 걱정이 많았는데 방법을 아니까 혼자서도 운동할 수 있어서 좋아요ㅠㅠ PT랑 필라테스 동시에 할 수 있는게 최고 그리고 천장 높아서 쾌적해요","여자 PT 선생님이 많이 계시고 여자 회원분들도 많아서 부담없이 다닐 수 있는 곳을 찾았는데 너무 좋아요~ 남자 쌤도 진짜 친절하세요🤗
PT와 필라테스를 같이 받을 수 있어서 더 좋은 것 같아요
바프 준비하시는 분들이나 체력없는 직장인 모두 잘 맞게 맞춤형으로 운동시켜주세요 ㅎㅎ 제 동생은 바프 찍고 저는 직장인 생존PT 받았는데 둘다 매우 만족했습니다❣️ 체력없는 직장인 분들 여기에요","지인 통해 알게 되었는데 지금 11회차 피티를 받고 있습니다. 처음 상담부터 지금 피티 받는 순간까지 한결같이 자세히 꼼꼼히 저 개인 맞춤으로 가르쳐 주시고 무조건 힘든 운동이 아닌 그날그날의 컨디션을 먼저 물어 주시고 그에 맞게 가르쳐 주십니다. 무엇보다 운동
뿐 아니라 식단관리까지 매끼니 체크해 주십니다. 아침을 안 먹고 간단히만 아님 거르던 저에게 매 세끼니를 먹어야 한다는(한식 위주로 저염식)조언에 첨엔 적응이 힘들었는데.지금은 이리 하니 다이어트 뿐 아니라 건강한 몸매 유지를 하고 있습니다.위의 사진은 제가 하
루 세끼 먹는 식단 입니다. 건강한 몸매 유지 요요없는 몸매를 원하신다면 바른몸 pr스튜디오 강력추천합니다.리얼!!",30대를 맞이한 기념으로 생에 첫 피티를 등록했는데 남자선생님은 부담스러워 여자선생님들이 많은곳으로 검색해서 왔는데 트레이너샘들이 너무 재밌고 친절해요 한평생 운동이라곤 숨쉬기밖에 안했는데 제 몸에 근육이 이렇게 많이 있는걸 고통으로 알아가네요... 선생님들이 주기적으로 청소나 소독도 자주해주셔서 좋아요 단점은 위치가 찾기 힘들고 건물구조가 복잡해서 초반에 찾아갈때 힘들었습니다ㅜㅜ,시설이 너무좋아요 여자들이 운동하기 편한곳! 굽은등이 고민인데 체형교정을 잘해주셔서 ㅠㅠ 키커진기분이에요 피티받은지 몇번안됬는데 체지방이 빠졌어요 운동방법이랑 식단관리까지 잘 짜주셔서 운동이 재밌어요! 선생님 감사합니다^^,"여러분..무조건 가세요,,🥺 제가 집에서 한 시간 거리에 있는 PT샵에 오는 이유입니다!🥺✨ 쌤들도 다 너무 친절하시고 세심하게 알려주세요!  지금까지 다른 곳에서 총 네 분의 트레이너 쌤께 PT를 받아봤는데, 경희쌤이 최고에요..🤍 제가 직업적 특성 때문에 
다이어트(미용)가 주 목적이었는데, 가장 라인이 빨리 변하고 살도 예쁘게✨ 빠진 것 같아요!🥰 이 곳에서 경희쌤께 아직 수업을 5회 밖에 받지 못했음에도 PT 받는 횟수는 별로 중요하지 않구나를 벌써 느낀만큼 더 값진 수업들이었고 그만큼 빛을 발한 시간들이었던
 것 같아요!🙏 식단도 맞춤형으로 알려주시고 틈틈히 확인해주시면서 조언도 해주셔서 늘 감사드려요!🧡💓 남은 목표를 향해 더욱 열심히 할게요!🤍✨ 쌤들 짱!👍👍👍🥰","출산, 육아, 복직에다 손목부상까지  살도 많이찌고 완전 아기체력으로 있을때   운동할 시간이 별로 없어서 큰 맘먹고 시작햇는데 조경희 트레이너님을 만나  숫자와 시범만 있는 피티가 아닌 몸에 무리가지 않으면서 확실히 운동은되게, 힘이들어가는 부위와 쓰이는 부위를
계속 체크해주시면서  나에게 맞는 운동으로 찾아서 맞춤운동으로 디테일하게 신경써주시고 점점 더 운동이 재밌어지게끔 북돋아주신 덕분에 체력도 올라가고  중간점검에서 체지방도 빠지고 근육도 올라가고...처진살도 좀 업되고 있는 느낌이네요 글구 삶의 또다른 활력이 
생기고 있어요 제가 좀 더 개인운동 할 시간도 만들고 식단도 열씨미 노력해서 살도 더 마니 빼고 체력도 더 업해서 나시를 입는 목표를 꼭 달성해야겠지만 너무 만족해서 주변에도 소개시켜놨네요^^","저는 운동할때 남자 선생님은 괜히(?) 좀 불편해서 여자 선생님께 받고 있어요~ 예전에도 피티 받아본 경험이 몇번 있지만, 적응하기 힘들어 10회 정도 하다가 그만 두곤 했었는데,  여기서는 피티 받기 시작한지 벌써 1년이 넘었더라구요. 선생님이 제 몸상태에 
맞게 운동 내용도 잘 구성해주시고, 으쌰으쌰 격려도 많이 해주셔서, 이제는 운동 습관화가 잘 자리잡은 것 같아요. 몸도 1년 전에 비해 전체적으로 탄탄해지면서 건강해진게 느껴지기도 하고요! 피티 전후에 유산소 운동이며, 개인 운동시 어떤 운동할지, 식단 관리는 어
떻게 해야할지, 너무 친절히 잘 챙겨주셔서 감사한 마음에라도 더 열심히 하게 되는거 같아요! ^^ 이 근처 피티샵 찾으시면 강추합니다👍🏻 저는 조경희 선생님께 수업 받고 있습니다😊","8명의 선생님이 계셔서 좋아요. 여자선생님을 찾고 있었는데 무려 8명이 계세요. 필라테스랑 피티고민했는데 둘다 이용가능해요.
시설이 넓고 쾌적해요! 레슨이용고객만 이용한다고해요 ㅎㅎㅎ 여자들이 피티받기 좋은곳입니다~~"
28,1278400640,좋아요 ,집근처라 항상 남자친구랑 같이 다니는 곳이에요~ 좋아요,운동의 한 해로 만들겁니다 2022년,친절하고 분위기가 좋아요,넓고 쾌적해요. 운동한지 한달쯤 됐는데  20일은 나간것 같네요.. 앞으로도 잘 이용할게요!,2층이라 좋아요, , , , 
29,73553317,"다양한 프로그램과 실내가 쾌적해 심신단련에 아주 적합합니다^^
",집근처 지상에 있는̆̈ Gym을 찾다가̐̈ 등록하게 되었는데̊̈ 지하보다 쾌적하고 주차도 편하고꙼̈ 시설도 깨끗해서 좋습니다~~ ,시설이 너무 쾌적하고 친절해요,너무 깨긋하고 최고의 헬스클럽입니다.,트레이너 선생님들 잘 가르쳐주십니다,오후에는 사람이 좀 많아서 아침에 다니고 있는데 아침에는 기구도 여유있고 전체적으로 한가해서 좋아요! 시설도 깨끗하고 운동하기 좋은 환경이예요~~,Gx프로그램이 다양하고 사우나시설도 잘 되있어요~ ,시설이 넓고 깨끗해서 여태까지 보러다닌 헬스장들중에 등록했어요! 기구 설명도 친철하게 잘 가르쳐주시고 투엑스 휘트니스 최고에요!!!,"집근처 피트니스센터 알아보다가 등록하게 되었습니다~일주일 다녀보고 리뷰써요! 넓고 지상에 위치해있어서 그런지 쾌적하구요! 운동 기구들도 다양하고 프리웨이트존도 두군데로 나뉘어있어서 운동하기 좋습니다. 지금 코로나때문에 9시까지만 운영해서 저녁에가면 사람들이 
좀 많이 몰리고요,, 저는 주로 아침일찍 운동해서 그런지 사람에 치이는 일은 없었네용! 근처 사시는 분들한텐 추천드려요~ 아직 gx는 시간이 안맞아서 못들어봤는데 코로나때문에 수업이 좀 없어진건지 다른 분들 이야기하는거 들었을땐 수업좀 늘려줬음 하는 바람들이있
으신것같아요!  만족스러운 일주일이었습니당~","한달 이용해 본 후기 남깁니다 ㅎㅎ 처음에는 위치 때문에 방문해 본 곳이었는데, 정말 만족하며 다니고 있어요~^^ 왕십리 근처 헬스장 3군데 경험했습니다. 주로 저는 gx 프로그램 이용하는데, 투엑스는 프로그램이 정말 잘 되어있어요. 월화수목금 출근도장 찍게
하는 gx 프로그램입니다 ㅎㅎ 그리고 샤워시설 편리해요. 사우나도 잘 되어있구요. 탈의실에 수건과 샤워타올 다 구비되어 있어서 샤워타올때문에 사물함안이 축축해질 일이 없더라구요! 수건도 카운터에서 두장씩 주는 것보다 더 좋구요. 물론 두장 쓰기는 하지만 ㅎㅎ 
왠지 모를 편안함이 있어요~ 또 기구도 리모델링 하면서 새로 들어왔는데 정말 좋아요. 사진이 리모델링 전 제가 찍었던 사진이라 아쉽기는 하지만, 한달 이용한 후 생각난김에 후기 남기고 갑니다..^^"
30,32489668,"근럭,유산소운동하고 싶은데
찾다가 등록했어요.
운동전이라,,, 근력회복☆☆", , , , , , , , , 
31,1578353949,페이튼선생님의 전문성은 수업 받아보신 분들이라면 말하지 않아도 다 알듯요~ 과하게(?) 꼼꼼하셔서 죄송할 정도...ㅋㅋㅋ 당근과 채찍 대박이고 그래서 몸이 진짜 건강해지는게 느껴집니다!!! 테라피티 화이팅 페이튼쌤 화이팅!!❤️,"작년부터 건강문제로 운동을 해야겠다고 마음 먹고  상담받으러 갔다가 벨라쌤이 친절하게 응대해주시고 어떤식으로 수업 진행할지 식단은 어떻게 해야할지 이야기 해주시는거 듣고 체계적으로 운동할수 있겠다는 생각들어서 등록 했습니다 전에도 집 근처 헬스장에서 피티 받아본
적 있긴한데 수업 진행이 너무 더디거나 너무 전문적이지 않게 가르침 받는 기분이 였는데 벨라쌤은 체계적으로 알려주셔서 힘든지도 모르고 수업 잘 쫒아가게 만들어 주시네요 식단도 너무 극단적으로 짜주시기 보다는 힘들지 않게 유지할수 있는 식단으로 알려주셔서 처음으로
 다이어트 성공 했습니다 6개월만에 -15키로 감량하고 꾸준히 유지중이에요 집에서 조금 멀더라도 테라피티 벨라쌤 강력추천!","위치나 평점이 좋아 선택했는데 역시나 만족스럽습니다👍 동시간대 인원이 적어 쾌적하고 헬스장 자체도 깔끔해요. 성현쌤💪 근육 위치나 쓰임부터 동작까지 자세히 설명해주셔서 이해도 쏙쏙되고, 쉽게 따라할 수 있어요. 덕분에 운동할 때 뿐만아니라 일상 생활에서 자세도 
좋아졌어요! 컨디션따라 중량도 조절해주시고, 힘들다 싶은 시점에는 살짝씩 도와주시면서 한두번이라도 더 할 수 있게 해주세요. 매주 눈에 띄는 변화가 보여 즐겁게 운동하고 있습니다.😃😃 짱짱!!","고무줄같은 내 체중.. 살찌면 제일 먼저 찾아가는 벨라쌤! 친절하고 꼼꼼하고 자비없이 운동시켜주세요☺️ 헬스장에서 피티받으면 트레이너 복불복이 심해서 마음에 드는곳 찾는게 쉽지 않았고 필라테스도 오래했지만 개인적으로는 짧은 시간에 살빼는데 효과는 없었고 여기저
기 방황하다가 찾은 보물같은 곳. 시설이 엄청 좋은편은 아니어도 계속 재등록하게되는 마약같은곳! 개인피티샵이라서 요즘 시국에는 같은 시간대에 운동하는 사람이 적은것도 장점이네용",매번 피티샵 바꾸다가 페이튼 원장님 뵙고 n년째 정착. 저랑 제친구들 다 체형도 좋아지고 통증도 나았어요 진심어린 배려와 최고의 전문성.강추합니다 인기가 많아서 수업 잡으려면 미리 선점하세요,한두푼하는 가격도 아닌데 첫날에 인바디 기계가 고장나서 제대로 측정도 못하고 시작했네요.. 언제 고쳐주시나요 ㅠ.ㅠ 장소도 생각보다 협소해서 큰 곳을 기대하는 분들은 실망하실수도 있어요. 대신 샘들은 자세히 가르쳐줍니다,"처음에는 이 저질스러운 체력.. 새해니까 정신차리고 한번 해보자?! 이런마음에 시작하게 되었는데  운동이 재밌어지니까 더 욕심이 나서 집에서도 하고 요즘은 식단도 같이 하고 있어요😆 권성현 쌤께 수업을 받고 있는데 일단 저는 알려주셔도 머리랑 몸이 안따라 줘서 멍
하게 있으면 어떻게든 다시 쉽게 설명해주시고 이해시켜 준 다음에 동작을 알려주셔서 너무 좋았어요. 자세도 엄청 꼼꼼히 봐주시고 컨디션 맞게 증량 해주시는 점..🥰 그래서 운동이 재밌어진 것 같아요! 운동을 꿀잼으로 만들어준  쏘 스윗 핸섬 가이 권성현쌤 체고👏👏👍
👍","1. 수업 최대인원 2-3명 (눈치보지않고 편하게 수업받을 수 있음) 2. 헬스장 자체가 깔끔하고 깨끗함 3. 수업이 아주 매끄럽고 매 수업마다 효과 직빵 (무리 안 가게 자극 포인트를 잘 알려주심) 운동이란걸 1도 모르던 제 인생에 '헬스'라는 단어는 두려움 
그 자체였어요! 하지만 벨라쌤과 함께 운동하고 나서는 하루라도 운동을 하지 않으면 몸이 근질 근질해서 어떻게해서든 움직이려고 하네요. 날씬해지고 근육빵빵이가 되고를 떠나 부지런함을 배우게 되고 , 굶는 다이어트만 했었는데 올바른 식습관도 얻게 되어서 벨라쌤에게 
정말 감사드려요! 저는 바프까지는 바라지 않고 ,, 그저 튼튼하고 건강한 사람으로 만들어주시리라 믿고 벨라쌤만 따라갈게용 앞으로 더 잘 부탁드립니당 😉","필라테스 6개월 정도 하다가 몸에 변화가 생기는 게 잘 느껴지지 않아서 피티를 받기로 결심했습니다! 후기가 좋아서 선택했는데, 완전 만족합니다:)  예전에 헬스장에서 피티 수업하는 걸 봤을 때 약간 무섭고 질책하는 분위기라서 수업 시작하기 전에 걱정을 좀 했는데요
..테라피티 수업은 전혀 그렇지 않더라구요!! 운동도 무작정 고강도로 들어가는 게 아니라, 어떤 부위를 타겟으로 하는지 알고 나서 무게를 서서히 올리기에 다칠 염려도 없구요! 또 원리를 알고 하다보니, 내가 이 운동을 왜 하고 있는지 알게 되고 그러다보니 자연스럽게
 더 잘 하고 싶다는 마음도 뿜뿜하게 된답니다!! 성현쌤의 칭찬과 격려도 큰 힘이 되구용!!  제대로 운동을 배우고 싶으신 분들, 자꾸만 더 운동 하고 싶어지는 테라피티 샵 추천드립니다:)","-적은 동시간 이용 인원 : 코로나 걱정도 되고 운동이 처음이라 사람 많은 곳은 부끄러워서 피하게되는데 사람이 적어서 좋아요! -좋은 기구 : 사실 잘 모르는데ㅎㅎ 확실히 일반 헬스장보다 좋은 것같아요 -친절한 선생님들 : 상담도 티칭도 친절하고 친근하게 잘 해주세
요 ●권성현 T : 동기부여 잘해주심. 스파르타식이라 태릉선수촌에 온 것같은 기분을 느낄 수 있어요! 컨디션과 운등능력에 맞춰서 꼼꼼하게 지도해주셔서 다칠 걱정 없이 안심입니다. 즐겁게 운동하게 지도해주시는데 경력이 느껴져요! 첫 PT 고민하시는 분 성현쌤께
 상담 받아보세요 후회 안하실겁니다>_< 인스타에 기구 사용하는 영상 올려주셔서 복습하기두 좋아요"
32,1134766409, , , , , , , , , , 
33,1025976659,"허리 통증 때문에 등록했다가  바디프로필까지 찍게 되었습니다!  벌써 1년 6개월 동안 메디앤핏에서 운동하고 있습니다. ​처음 메디앤핏 등록했을 때와 지금을 비교해보면 몸도 마음도 정말 많이 건강해졌습니다. 옛날부터 허리가 약하고 가벼운 디스크로 조금만 허리에 무
리가가도 1-2주는 통증으로 고생해왔었습니다. 박진웅트레이너와 운동하면서  가장 좋았던 점은 무리하거나 잘못된 운동법으로  허리다치지않을까 하는 걱정없이 트레이너를 믿고 맘껏 운동할수 있는거였어요. 체계적으로 기본기부터 개인의 체형과 특성을 고려한 맞춤형 수
업이라 저는 수업가격이 저렴하게 느껴져요. 센터 분위기도 밝고 부드럽고 쾌적해서 운동갈 때마다 부담없고 좋습니다. 이사가서 집이 멀어졌지만 계속 다니고 있습니다! 그만큼 좋아요!","헬스장들 대부분 지하에 있는데 여기는 건물2,3층 지상에 있고 시설도 깔끔해서 환기가 잘됨 땀냄새는 오로지 나한테서만 나는 신비로움... 여성회원분들이 굉장히 많고 여성트레이너분도 계셔서 안심 1대1 트레이닝이 기본이어서 그런지 트레이너분들도 장사하려는 느낌
이 아니라 진짜 운동코치같은 느낌으로 수업해줌 다니기전엔 무척추동물이었는데 이제 침팬치로 진화했어요 좋아용","선생님들께서 꼼꼼하게 컨디션에 맞게 
잘 봐주시고 시설도 깨끗해서 이용하기 좋습니다. 수업도 시설도 만족스러워 세번째 등록해요~ ",처음부터 자세를 잡아두셔서 이제야 운동 제데로하는것같아요 ^^ 40년만에 굽은어깨가 펴졌어요 딘선생님 감사해용^^,넘 조으네요, , , , , 
34,1463857548, , , , , , , , , , 
35,1346017056, , , , , , , , , , 
36,1499931973,완전 좋아요~~^^,넘 좋아요,탁월한 선택입니디ㅣ~,강력추천~, , , , , , 
37,1025953476,굿,좋다,"크로스핏은 핏불에서 처음 배웠습니다  핏불 추천드립니다!  코치님께서 친절하게 자세도 설명해주시고 개인별로 역량에 맞게 운동 횟수와 무게도 조절해주십니다 크로스핏 초보자인데 재밌게 운동하고있어요 3주째 매일가고있습니다  수업도 오전수업, 오후 6시 7시 8시
 9시 이렇게 다양하게있어서 원하시는 시간대에 맞게 수업 들으실 수 있습니다 샤워시설도 깨끗하게 잘 되어있습니다 유산소 운동 하고싶으신분은 수업듣고 바이크 타실수있어요  성수~건대~군자까지 크로스핏 알아봤었는데 핏불이 최고입니다!","평소 크로스핏에 관심만 있다가 등록했는데, 크로스핏 핏불에 와서 대만족입니다!
코치님도 친절하시고 개인역량에 따라 할 수 있어서 더 좋은거 같아요
고민하시는 분들은 강추입니다~!!",굿,"크로스핏에 대한 막연한 두려움이 있었는데 친절한 코치님이 준비 운동부터 역도 자세까지 세심하고 차근차근 설명해주셔서  두려움은 금방 잊고 재밌게 운동할 수 있었어요.
어떻게 하면 처음 배우는 사람도 쉽게 이해하고 동작을 할 수 있을지 코치님이 많이 고민하신 것 같아요. 덕분에 운동에 재미를 붙였습니다! 각자 역량에 맞춰 조절해주시고 생각만큼 너무 빡세지도 않아서 처음 배우는 사람에게도 강추합니다~!",크로스핏 3년차지만 진짜 재미를 느끼고 빠지게 된건 핏불에서 운동을 시작 하고 나서에요!! 깔끔한 시설은 물론 코치님의 세심한 코칭에 실력향상을 눈으로 확인해서죠!! 1년넘게 이곳에서 운동하는 많은 이유들 중 또 하나는 박스 분위기가 화기애애하고 모두 열심히 해서 나도 같이 열심히 할수 있는 동기부여가 된다는 점이에요!! 다이어트 챌린지도 분기별로 진행하고 있고 코치님이 아주 세심하게 관리해주신답니당~다이어트 하고싶으신분! 체력 기르고 싶으신분! 핫플레이스인 성수에서 모두 같이 운동해요~,"코치님이 많이 친절하시고, 분위기도 밝습니다. 열심히 잘 배우겠습니다.", , 
38,1470718226,"3번째 재등록 했어요! 점점 사람되어 가고 있는 것을 느낍니다~~!! 동작 하나하나 꼼꼼히 봐주시고, 수업 외에서는 카톡으로 식단과 홈트 코칭해 주시니 도저히 벗어날 수가 없어요~ 수경선생님! 감사해요오오!","올해 2월부터 4개월째 pt 받고있습니다. 집에서 가장 가까워 고른 헬스장이였는데 센터도 매우 깨끗하고 선생님들도 모두 다 친절하십니다.  처음에는 다이어트를 목적으로 시작했지만 점점 체력이 늘고 건강해지는 제 모습이 너무 좋아서 행복하게 운동하는 중입니다. 
단순히 마르게 살만 빼는게 아닌 건강하게 탄탄한 몸을 만들 수 있게 식단부터 코칭까지 체계적으로 도와주시는 선생님 덕분에 운동에 실증내지 않고 꾸준히 다닐 수 있습니다. 이제는 운동하는것 자체가 너무 즐겁고 재밌습니다! 꾸준하는걸 세상에서 제일 힘들어하는 제가 운
동에 이렇게 재미를 붙이게 될 줄 정말 몰랐어요. 제게 긍정적인 변화를 주신 수경 선생님 너무너무 감사합니다!! ❤️❤️",척추분리증으로 허리통증 달고 살았는데  차두진쌤한테 트레이닝받은지 14회차쯤부터 통증없는 정상인이 되었어요  통증이 없으니 세상행복하네요 .. ㅠㅠ  하는 김에 살도 빼기로 했어요 57키로까지 화이팅.. !,"몸이 왼쪽과 오른쪽 균형이 잘 맞지 않는게 눈에 보이고, 걸을 때마다 무릎이 아프고, 직장 생활을 한 이후로 살도 찌면서 운동을 해야겠다고 생각이 들어 PT를 알아보던 중 집에서도 5분 거리에 있고, 리뷰도 좋고, 시설도 깔끔해서 상담을 받은 후 작년 7월부터 
지금까지 운동을 계속 하고 있습니다. 권수경 코치님께서 코칭을 해주시고 계신데, 현재 제 몸에 맞는 운동을 알려주시고, 자세도 꼼꼼하게 봐주시고, 식단 관리도 체계적으로 잘해주셔서 덕분에 몸의 균형이 맞아가고 있는게 확실히 눈에 보이고, 몸이 가벼워지는 것이 체감
이 됩니다. 매 번 운동하는 시간은 즐겁습니다 ㅎㅎ 수경 코치님께 정말 감사드리고, 앞으로도 잘 부탁드리겠습니다 😆",조금씩 단단히 잡혀가는 몸에대한 만족감에 삶의 색깔이 밝아져요!,"""운동은 일상의 활력을 위해 하는 것이다."" 첫 상담때 들은 무브먼트 프로젝트 철학입니다. 이것에 매료되어 등록했네요. ㅎㅎ 오랜 시간동안 잘못된 자세로 망가진 몸을, 운동을 통해 느리지만 서서히 회복해가며 정말로 활기찬 일상을 보내고 있습니다. 권성학 코치님과 
6개월 간 운동하며 체중 감량도 감량이지만 일상의 많은 변화가 있었습니다. 과체중으로 관절이 아파 달리기를 못하던 몸을 발목에서부터 엉덩이 근육까지 운동성 전반을 개선하도록 훈련시켜주셔서 지금은 자유롭게 달리기를 즐기고 있습니다. 뿐만 아니라 오랜 좌식 생활로 
망가진 라운드숄더를 조금씩 개선해나가며 어깨가 아파 오랫동안 쉬었던 웨이트트레이닝을 다시 시작할 수 있었습니다.  높은 전문성으로 몸과 일상을 회복시켜주시는 무브먼트 프로젝트 감사합니다","건강이 나빠져서, 피로해서 죽을 수도 있겠다 싶을 때 이곳에서 우연히 운동을 시작했어요. 이희준 코치님께 운동을 배우고 있는데, 처음에는 다른 곳과 다르게 코치님께서 학교 선생님같은 느낌이 들었는데, 운동을 배울수록 점점 슬의생의 좋은 의사선생님같은 느낌이 들어요. 운동지식이 상당하신건 당연하고, 운동이나 사람들에 대한 마음이 진심이시고 항상 노력하시는게 느껴져서 점점 더 많이 신뢰하게 돼요. 운동 배우면서 제 몸의 잘못된 자세와 움직임을 알게 됐고, 코치님 도움으로 정상적인 몸으로 나아지고 있어서 아주 많이 건강해졌어요. 운동 장소도 넓고 쾌적하고, 운동 기구들도 다양하고 깨끗하게 관리되고 있어서 코로나 걱정없이 운동에만 집중할 수 있어요. 자신의 건강을 믿고 맡길 수 있는 아주 좋은 곳이라고 생각해요^^","작년 4월부터 1년 동안 도현우 코치님께 운동을 배웠습니다 🙌🏻 만성적이던 목 & 어깨 뭉침이 통증까지 이어져 필라테스, 수영, 도수치료 등 여러 운동을 했지만 차질이 없어, 인생 처음으로 PT를 시작하게 되었습니다. 첫 상담부터 한 시간 이상 자세하게 제 
컨디션과 향후 운동 방향을 설명해주셔서, 믿고 맡겨도 되겠다는 마음으로 수업을 등록했습니다.  체지방 감량에만 집착하거나 형식적인 동작만 알려주는 여느 강사들과는 달리, 도 코치님은 늘 전문적인 운동 지식과 함께 정확하고 안전하게 수업해주셨습니다! 수행에 어려움
이 있다면 함께 고민하고 방법을 찾고, 제 몸이 더 나아질 수 있도록 진심으로 노력해주신 코치님 덕분에 통증이 아예 사라짐은 물론, 운동을 정말 즐기는 방법을 배우고 갑니다. 감사합니다 ❤️","키워드를 5개밖에 못고른다니 너무 해요 ㅠ  직업이 한쪽팔을 많이 쓰는 일이다보니 균형이 잘안맞고 손목 허리 이런데가 안좋은데 그거에 맞춰서 근력강화&스트래칭을 잘해주시고  그때그때 제 컨디션에 맞게 모든운동을 처음부터 끝까지 자세를 잡아주시니 정말 황송합니
당 👍👍👍수경코치님은 정말 꼼꼼하고 세심하고 웃는얼굴로 단호박입니당 ! 항상 내몸에 좋은게 뭔지 하나부터 열까지 귀에 쏙쏙들어오게 알려주세요! 운동한 후에도 컨디션이 어떤지 체크 잘해주시고 집에서 할수있는 운동도 알려주셔서 징쨔 너뮤 좋아요😍 항상 믿고 따라갈수
있는 코치님을 너무 잘배정해주셔서 감사합니다!!!  수경코치님 최고!!! 언제나 응원할께요!!! 그래듀 너무 잘되면 저…예약잡기 힘들어지는가 아니겠쬬..?! 그래도 진짜 너무 좋으니계속가야짛","PT샵 정착할 곳 찾아 헤매다가 블로그 검색 통해 방문 했는데 상담도 너무 친절히 해주시고, 무엇보다 상담받을 때 코치님 전문성과 다른 센터에서는 볼 수 없었던 새로운 기구들 그리고 수건 한 장 한 장 각 잡혀 접힌 거 (ㅎㅎㅎ) 보고 여긴 다르구나 생각이 들어 등록했습니다. 여자 코치님께 받고 싶었는데 운 좋게 수경 코치님께 받을 수 있어서 넘 좋았어요! 지금까지 타 센터에서도 PT 많이 받아봤지만, 운동하면서 궁금한 부분들, 잘 안 되는 동작들 물어보면 다른데에서는 대충 얼버무리거나 명확히 설명 못하시는 분 들이 많았는데 수경쌤은 뭐든 차근히 설명해주시고 다른 여러가지 저에게 맞는 운동 방법들을 코치해주셔서 확실히 다르다는 걸 느낄 수 있었습니다:)"
39,1697698006,좋아요,잘가르쳐주심, , , , , , , , 
40,19546029,병원다녀도 개선이 없던 디스크통증이 체감될 정도로 많이 좋아졌어요! 성실하고 책임감있게 매번 잘 가르쳐주시네요. :) 강추해요!,"허리디스크로 많이 아파서 5분이상 앉아있지못하고, 밥도 서서먹고 걷는것조차도 힘들어서 병원가다가 도중에 집에 돌아오기도하고 병원에서 정 힘들면 수술하자고 했었는데, 박정연 선생님과 수업하면서 신기하게도 정말 다른사람이 되었어요ㅠㅠ 걷고 뛰고 등산까지해도 아무렇지도않아서 정말 행복해요ㅠㅠㅠ다른곳에서는 운동동작만 딱 알려주고 따라하는식인데 정연쌤은 몸의 구조나 이것저것 자세히 설명 잘 해주시고, 잘 가르쳐주시는것 같아요! 연골연화증으로 무릎도 아프고 안굽혀져서 무릎도 못꿇었는데 이제 잘 굽혀지고 통증도 줄었습니다!! 걸어다니는 종합병원인 저를 살려주신 정연쌤 짱짱😭❤️","필라테스, 헬스, 발레 다 해보고 작년부터 여기서 6개월 넘게 pt받고 있는데 몸이 변화하는게 보여서 너무 신기해요. 특히 은지 트레이너님이 설명도 너무 잘해주세요. 열심히 일해서 더 오래 다니고 싶어요!",운동뿐아니라 생활패턴이나 식습관부터 천천히 잡아주고 수업때도 설명을 많이해주셔서 따라가기 좋음....!! 특히 유환쌤 수업 기졀...💪👍👍, , , , , , 
41,1614859791,"2년 넘께 쓰고있는 헬스장인데 착한가격에 시설이 너무 좋아요! 점장님이랑 직원분들 모두 너무 착하시고 친절해요!

무조건 추천합니다! 💪🏽💪🏽",공간도 넓고 기구들도 다양해서 여러운동을 겸할 수 있는게 너무 좋습니다!!,"파크짐 한양대점을 1년 넘게 다니구 재등록까지 한 헬린입니다! 피티도 받고 이제는 꾸준히 습관처럼 운동해서 총 15키로를 감량했답니다!!! 

이제 코시국도 거의 끝나고 24시간으로 운영해서 너무 좋아요~!!!^^",재등록입니다! 싸고 기구도 많고 쾌적해서 좋아요,재등록입니다! 감사합니다,시설 깔끔하고 분위기 좋아요,가격이 싸고 기구도 많아서 운동하기 좋아요!!,"시설도 좋고, 합리적인 가격에 잘 이용할 수 있습니다!",시설이 깨끗하고 친절하시네요!,기구도 많고 가격도 합리적인거 같아요
42,1329429055,"체육관 엄청깔끔하고 코치님께서 자세도 잘봐주시고 운동 시작하시는분들 강추!~
다같이 운동하시고 싶은분께도 강추!
운동 엄청 재밌게 할수있어요",수업시간에 코치님들이 수업시간에 친절하게 지도해주시고 무엇보다 혼자 하는 운동이 아니라 다른 사람들과 같이 으쌰으쌰 운동하니 실력도 근력도 더 빨리 느는 느낌이에요! 운동 혼자하기 힘들거나 체력고민 있으신 분들 고민말고 무조건 등록추천! 저도 초보자로 시작했는데 전혀 부담없고 너무 재밌게 잘 다니고 있습니다^^,"집가까이에있는 클핏박스!~
처음등록했을때 후덜덜 떨었는대 코치님들이 재미있게 설명해주시고 저한태 맞는 동작들과 무개를 맞춰주시다보니 빠르개 성장했어요! 한달도안됬는대 무개는 계속 올리는편! 😁😁 크로스핏이라고 두려워하지마시고 시도해보셔유~~","첫 등록하고 곧 4개월차 됩니다 근육보다 지방이 더 많은 제 몸에 근력을 키워보려 힘들다고 하는 크로스핏을 등록 했는데 ㅋ 처음엔 덤벨 3키로도 겨우 들정도였습니다 아직은 크린이이지만 요즘은 어느정도 근력도 생기고 코치님도 재미있게 잘 가르쳐 주시고  더욱 재미
를 느낀건 같이 운동하시는 회원분들이 서로 응원을 많이 해쥬셔서 운동을 포기하지 않고 더 하게 되는 …ㅋㅋㅋㅋㅋ","크로스핏 처음 할땐 나한테 무거운거 힘든거  시키면 어떻하지하는 두려움?이 컸지만 처음부터 절대로 그렇게 시키지 않더라구요  그렇게 하지도 못하구요 ㅋ 친절한 코치님 덕에 자세도 체력도 더 좋아졌어요 그렇게 점점 재미붙여서 다닌지 어느덧 10개월이나 지났네요 
클핏 친구들과 너무 재밌게 다니고 있습니다~",다같이 재밌게 운동하고싶은분들에게 추천해요!,크로스핏은 처음인데 너무 재미있게 배우고 있어요!! 코치님들도 너무 유쾌하시고 수업시간대도 다양해서 퇴근하고 가기 딱 좋습니다. 위치도 지하철역 바로 옆이고 버스정류장도 많아서 진짜 최고입니다👍🏾,혼자 운동하기 지루해서 크로스핏에 등록했어요! 혼자 하는운동보다 다같이 으쌰으쌰 운동하니까 더 즐겁고 힘든 운동도 끝까지 해낼수 있는것같아요 운동에 재미붙일 수 있게 유쾌한 수업 진행해주시는 코치님들까지 아띠 땀공장 최고입니다 많은 분들이 오셨으면...❤️,"처음으로 고민하면서 시작한 크로스핏인데  우선 코치님이 너무너무 좋습니다! 실력도 대한민국 탑! 몸도 대한민국 탑!! 더중요한 인성은 월클수준입니다!👍 9개월째 평일 매일 모두 나가서 너무 즐겁게 운동하고있습니다!😆 앞으로 평생할 운동을 찾은것같아서 너무 즐겁게
 취미생활 하고있습니다~! 틈나실때마다 운동도 추가로 봐주시고 자세도 꼼꼼하게 봐주시고! 정말 후회없습니다!! 고민하지말고 바로 등록하러 오세요~!💪🏻💪🏻",운동 한번도 안해보다가 크로스핏 처음 입문 해봤는데 선생님들이 너무 잘 가르쳐주셔서 안빠지고 나올 수 있던거 같습니다
43,1435552555,"단순히 인바디 상의 수치만 보고 운동계획을 세워주시는게 아니고 몸이 틀어진 정도, 운동 수행능력, 신체 경직도 등 정말 꼼꼼하게 보고 맞춰주십니다. 
건강검진을 받은 느낌이랄까요! 보여지는 것보다 훨씬 건강하게 운동할 수 있을것 같습니다", , , , , , , , , 
44,1102389103,기분좋게 이용했어여~~,"코로나시국에 조용하고 건강하게 운동할 수 있어요.
운동한만큼 결제할 수 있어서 좋고, 
성동사랑상품권으로도 결제할 수 있어 할인도 받을 수 있어요.", , , , , , , , 
45,1305325861,"무릎이 안좋아져서 걷기도 뛰기도 힘든상황이였는데
트레이너쌤 코치와 관리 덕분에  뛰는건 물론이고 스쿼트도 잘 할수 있게 되었어요! 예전엔 헬스는 너무 어려워서 항상 가면 런닝머신만 하고 왔었는데 운동에 흥미 붙여주셔서 감사합니다☺️ 헬스장 시설도 넓고 깔끔해서 운동하기 너무 좋아요👍👍","더블에이짐 계속 이용중인데, 센터가 깔끔하고 방역도 잘 신경써서 해주세요! 쌤들도 다 친절하신데, 특히 찬우쌤이랑 피티하면서 자세도 꼼꼼히 봐주셔서 운동이 재밌어졌어요:) 옥수동 헬스장, PT고민중이시라면 추천합니다!!👍🏻",지하여도 엄청 쾌적하고 샤워시설도 개별적이라 넘좋고(코로나때문에 지금은못하지만) 기구도 많아요 가격이 네이버에 오픈되어 구매할수있어서도 좋음,지하라 운동 집중하기 좋아요~,주차타워 발렛이라 좀 번거로움,좋습니다~,지하인게 아쉽지만 깔끔하고 친절하고 좋아요 ~,운동하기에 좋습니다. 깔끔해요, , 
46,1975088571,추천합니다, , , , , , , , , 
47,1097785725,싸고 무인 신기해요,좋아요,굿,"시설도 깨끗하며 친절하게 운동을 하나하나 잘 가르쳐 주시고 운동 포인트를 잘 알고 계신거 같습니다!!! 
아픈 부분도 신경 써주시며 어떻게 하면 개개인에게 맞는 운동을 할 수 있는지 알려주시니 너무 좋습니다",좋아요,굿, , , , 
48,1452177609,요즘 너무 살찌는거 같아서 다이어트겸 체계적으로 운동하고 싶어서 등록했어요 친절하시구 상세하게 잘 알려주십니다 만족,코로나때매 운동 한창 쉬고 먹고 했더니 살이 너무 쪄서 운동도 끊고 독하게 다이어트 하려고요. 쌤도 친절하시고 잘 알려주셔서 열심히 다녀보렵니다..!,봄이니까 피티 지르고 왔네요 ㅎㅎ 설명 친절하게 잘 해주셔서 의지가 생겼어요 잘부탁드립니다,"확찐자 이제 곧 여름이 다가올려고 하니깐
피티 결제 해버렸어요~
헬스장이 넓고 기구들도 많아서 짱이에요",체력이  약해진거같아서 체력도키울겸  시작하게되었는데 친절하게가르켜주시고 시설도깔끔하니좋으네요,체력 부족으로 운동해야겠다고 마음 먹어서 큰 맘먹고 결제했는데 돈 들인만큼 확실히 좋네요,방역도 철저히 하시고 친절하게 상담해주셔서 바로 등록했어요 ㅎㅎ 기구이용법도 자세히 가르쳐 주셔서 운동하기 좋아요,날 따뜻해지니 발등에 불 떨어져서 급 PT 헬스 시작했어요 PT는 첨 받아봤는데 확실히 체계적이고 좋네용,친절하게 대해주시고 꼼꼼하게 알려주셔서 너무 좋았어요 ㅎ,운동을 좀 하려고 방문했는데 제 맞춤형으로 알려주셔서 너무 좋아요 ! 운동 한 느낌 딱 나고 친절하게 잘 알려주셔서 좋습니다
49,1400389920,기구도 최신식이고 트레이너분들도 전문적이샤서 운동할 때 도움이 많이 됩니다!   깔끔해서 좋아요 뚝섬 근처 직장인분들께 추천드립니다~~,"시설도 상당히 넓고 기구도 많아요 :)
프리웨이트존이 여기보다 큰 헬스장은 아직 못찾아봤어요! 가격도 저렴:)
추천합니당","헬스 세달다녀보고 좋아서 더 등록합니당
거기다가 피티도 맘에들어서 한번더 등록합니당
시설도 좋고 선생님들도 친절해서 좋아용❤️‍🔥",시설이 매우 깔끔+넓고 기구가 많아서 좋아요!! 필라테스랑 gx도 함께 운영하고 있어서 너무 좋은거 가타여 ,이 근처 센터에서 시설이 가장 좋아서 처음 등록하고 쭈욱 계속 연장하고 있어요 :) ,"공간도 넓고 상담도 친절히 해주십니다.
역 근처라 접근성도 괜찮아서 앞으로 여기로 쭉 다니려구합니당",오랜만에 헬스장이라 들어가기 주저됬는데 너무 친절하게 상담해주셔서 바로 등록했습니다~~ 앞으로 꼭 열심히 자주오겠습니다~~ 화이팅~~~ ,회사 끝나고 운동하려고 왔는데 기구도 많고 트레이너분들이 친절하십니다👍🏻👍🏻 기대됩니다,"예전 모 피트니스였다가 빅브로짐으로 바뀌었는데 쭉 다니는 중입니다. 계속 다니길 잘했다 싶을정도로 와 이렇게까지 좋아질수있나??? 하면서 다니고있어요. 기구 수도 늘고 기구 재배치하셔서 훨씬 넓어지고 좋아졌거든요. 그래서 재등록합니다!!😆😆
(사진은 기구 중 완전완전 일부분..!)
기구필라테스 수업도 듣는데요 수업때 자세도 잘 봐주시고 개인별로 강도도 맞춰주세요. 이런 기구필테 강사님 이 가격에 흔치않아...!!😍","쾌적하고 기구도 다양합니다.
상담도 친절히 해주시고, 접근성도 좋아서 앞으로 여기로 쭉 다니려고 해요."
50,1042707383,"헬스를 처음 하는거라 정확한 자세를 배우고 싶어 pt를 알아보게 됐는데 상담도 한시간 동안 세세하게 해주시고 무엇보다 진정성이 느껴져서 믿음이 갔습니다.  그리고 코로나 때문에 여러 사람들과 같은 공간에서 운동한다는게 망설여졌는데 여기는 트레이너님과 1:1로 
프라이빗하게 운동할 수 있다는 점이 눈치 안보고 운동 할 수 있어 너무 좋았어요! 컨디션도 매번 여쭤봐주시고 카운터 기계가 아니라 옆에서 자세도 잘 잡아주세요:) pt 라서 아무래도 가격이 일반적인 헬스장 이용보다 높지만 그만큼 값을 하는 것 같아요. 개인적으로 
만족합니다! ","성수동에 헬스장이 많아서 어딜 가야하나 고민이 많았어요~ 헬스장 자체에 거부감이 있어서 pt를 하지 않으면 잘 다니지 않을 것 같더라구요. 그래서 pt를 알아보게 되었고 저에게 끌려오지 않고 다치지않게 알려주실 트레이너분이 필요했습니다.!  1:1샵이라 이사
람 저사람 눈치 안보고 운동할 수 있어서 좋고 숫자개수에만 연연하지않고 다치지않는거에도 신경 많이 써주셔서 좋아요~",운동을 즐겁게 알려주시고 엄청 친절하세요 그리고 운동법도 좋아서 매일 갈때마다 건강해지는게 느껴져서 너무 좋아요~ 식단도 꼼꼼히 신경써주셔서 혼자 다이어트 하기 어려우신 분들도 쉽게 다이어트 할 수 있습니다!,운동이 처음이라 헬스장에 다는것 보단 pt를 하는것이 낫겠다 싶어 알아보던 중 더 새로워짐에 등록하게 되었습니다! 식단도 꼼꼼히 체계적으로 짜주시고 운동도 정확한 자세로 안전하게 할 수 있도록 친절하고 꼼꼼히 설명해주십니다! 무엇보다도 다른사람 눈치볼 필요 없이 1:1로 수업할 수 있다는 점과 그 수업시간엔 오로지 저에게만 집중해주시는 점이 매우매우 좋습니다! 항상 레슨 끝난 후 사용한 운동기구들을 바로바로 소독하셔서 깨끗히 사용할 수 있어서 좋습니다!,결혼전에 입었던 옷이 맞아요!사실 혼자 운동하면 생각대로 잘 안되고 실패해서 이번엔 헬스장고고! 헬스장간다고 하면 운동복이며 사람들의 시선이 신경쓰 이더라고요.이번만큼은 제대로 배워 살도 빼고싶어 PT를 전문으로 하는 트레이너쌤의 프로필&운영방식에 좀 더중점을 두고 알아봤어요. 제가 질문이 많았는데도 친절하게 응대해주셔서 너무 좋았어요.트레이너쌤 프로필보니 트레이닝한지도 오래됐고 각종 대회수상경력도 많으신 능력자이시더라구요~직접 운동을 해보니 레슨시간때도 허투루 보내지 않게끔 제게 맞는 운동을 찾아 가르쳐주시고 레슨시간 아닐때도 세심하게 신경써주셔서 제가 긴장을늦추지 않고 잘배우고 따라갈수 있었어요~그리고 다른사람들과 겹치지 않고 사용했던기구들은 바로 소독도 하시더라구요!안심하고 운동할수 있어서 좋았어요~,PT하는데 있어서 중요한게 무엇보다 제게 휘둘리지 않는 트레이너분 찾고 있었습니다!보통 다 제게 휘말려서 운동이 진행이 안 되더라구요.그래서 알아보다 지인소개로 가게 된 곳. 조근조근한 목소리로 운동할 때 식단에서 얄짤없이 단호한 면과 철저하게 관리해주는게 제 마음에 쏙 들었습니다.사람이 늘 한결같고 변함이 없어서 좋습니다.보통 당장 눈앞의 이익 때문에 모든걸 다 된다고 하는 곳도 많은데 안 되는거 안 된다고 단호하게 말해주고 그 이유 자세히 설명해 줍니다.전 운동편식이 심해서 주로 상체 어깨운동만 하는 편이었는데 정트레이너님 만나고 하체운동의 중요성과 왜 균형감 있게 해야하는지 그런 것들을 경험을 기반으로 알게 해줘서 감사합니다~나이들수록 하체의 바디밸런스의 중요성을 실감합니다!,아이 둘 낳고 쪘던 살이 빠지지도 않고 살이 찌니 건강도 나빠지는 것 같아서 운동을 해서 살도 빼고 몸도 챙겨야겠다는 생각에 큰맘 먹고열심히 서칭하고 등록했어요.그럼에도 운동을 좋아하지 않기도 했고 처음이라 과연 운동효과가 있을지 반신반의했었는데 진작 운동 배울걸하는 생각이 들더라구요! 동작할때 힘이 어디에 실리는지 바로 캐치하시고 제몸상태에 맞춰 자세히 설명해주세요.그렇게 하나하나 신경써주셨기 때문에 안전하고 정확한 자세로 운동에 집중할수있어 좋았어요.트레이너 선생님 덕분에 처음으로 근력운동에 재미도 느끼고 관심도 생겼어요.처음엔 체중에만 집착했었는데 운동을 하다보니 근력과 근육이 중요하고 체중보다는 근육량이 몸매를 결정한다는것도 알게 됐어요.저보다 체중 덜나가는분도 66입는데 저는 이제 55입어요~,"트레이너분과 별도로 식단관리하는분 있어 체계적입니다.보통 트레이너 자주 바뀌는데 바뀌지않고 한사람에게 꾸준히 받을수있어 좋습니다~pt샵도 헬스장처럼 일일권이나 개인운동받아 번잡해 헬스장과 차이없는곳도 많은데,여긴pt회원만받아 레슨에만 집중할수있네요.대표님이 운동강도 조절 잘해줘서 레슨만해도 운동이 부족하지 않고 근육자극이나 펌핑이 바로 오네요.pt를 수백번 받아봤지만 이런 느낌은 처음입니다~이공간 전세냈다는 느낌으로 프라이빗하게 운동할수있어 청담에서 pt할때나 호텔회원권보다 낫네요.강남에서도 이런 수상경력과 자격사항가진분은 드물고 회당 십만원이상 넘어가는데 이 조건에 이 가격이면 정말 감사하죠~단순히 시간만 떼우는게 아니라 오직 제게만 집중해줘서 몰입도가 좋네요~비용아깝다는 생각안들고 그이상으로 값어치합니다",그동안 pt하면서 레슨중에 폰하면서 카톡하고 전화받거나 집중 안하고 목소리만 크게 카운터 하고 수업은 대충성의없게 하는 트레이너들에게 하다가 내 생의 마지막pt다라고 생각하면서 찾아간 곳. 수업시간에 온전히 레슨 중인 제게만 집중해주시고 운동강도도 그날의 컨디션에 잘맞춰 주십니다. 저도 처음엔 pt가성비로 찾다가 그런 곳에서 실망해서 홈트하다가 자세 안나오고 부상당하고 운동했다는 느낌이안 들어서 찾아갔는데 쌤 어떻게 제가 궁금해하는 것들을 콕 찝어주시더라고요~ 처음엔 저도 살짝 고민했는데    역시 가성비보다는 가심비네요! 진짜 제대로된 트레이너에게 받고 몸도 마음도 달라져서 요새 자신감이 생기네요.,"운동은 길게 보고 해야 하는데, 요새 너무 많은 트레이너들이 단기간에 살을 빼게 해주겠다는 등 거짓말을 섞어서 회원들을 대하는 반면 더새로워짐은 트레이너님이 회원을 속이려는 마음도 전혀 없으시고, 돈보다도 정말 웨이트트레이닝을 사랑하는 마음으로 회원을 가르치는 
게 보여서 믿음이 갑니다. 보통 PT를 오래 하기 힘든 이유가 트레이너를 전적으로 신뢰하기 어려워서인데, 저는 벌써 반 년이 넘어가네요~ 길게 보고 꾸준하게 운동하기 좋은 PT샵이고, 저도 빈봉으로 시작해서 어느덧 데드리프트, 스쿼트가 100kg을 넘
었습니다. 3대 500이 되는 그 날까지 화이팅!"
51,1160853922,접근성이 좋아요!, , , , , , , , , 
52,1096094842,"운동기구도 다양하고 시설도 깔끔하고 좋아요
스포애니 헬스장 추천해요",기구가 많고 넓긴 한데 사람이 너무 많아요..기구를 못씁니다,"깨끗하고 좋아요
개인 샤워장이 있어서 더 좋습니다",시설도 깨끗하고 관리가 잘되어있습니다 24시라서 너무 좋습니다 성수동에 이만한 헬스장 없습니다,24시간이라 너무 좋고 직원분들 다들 친절합니다👍🏻👍🏻! 앞으로 쭈욱 오래 이용할게요!~,직원분들이 너무 친절쓰… 그리고 gx프로그램도 무료고 24시간! 꾸준히 이용하려구요,"직장근처라 가깝고 깔끔하고 가성비좋아요~
열심히 다녀볼께요~","동네에 24시간 헬스장있어서 너무 좋아요!
시설도 얼마 안되서 깔끔하고 기구도 좋아요 ㅎ",넓고 운동하기 좋아요,시설이 전반적으로 깨끗하고 유산소 웨이트 스트레칭 존이 다 따로 거리가 있어서 쾌적해서 좋습니다
53,32424100, , , , , , , , , , 
54,1740587644,"정말 친절하세요
제 체형을 정확히 판단하여 맞춤 케어와 수업을 전문적으로 도와주시는거 같아요
조만간 운동배우러 가게ㅆ습니다","작년 2월부터 리커버 다녀서 1년 넘게 다니고 있는 중입니당! 바프 찍고 살은 다시 쪘지만 많이 건강해졌어요💓
살도 다시 빼야지ㅎ..ㅋ...",체형 분석이 정확하고 자세해서 교정을 받고 싶어요.,"자세가 많이 틀어져있었고 체력부터 전체적으로 몸이 좋아지지 않았다고 느껴서 방문했는데 일단 시설이 깔끔해서 마음에 들었고, 이솔선생님이 무료체험 수업인데도 제 체형에 맞게 상담과 수업을 꼼꼼히 진행해주셔서 바로 등록하게 되었어요! 몸에서 어디가 잘못되었는지 찾아주시고 그에 맞는 동작으로 개선을 해주신답니다👍🏻 식단도 매일 꼼꼼하게 잘봐주셔서 식단까지 더 체계적으로 짤 수 있었어요! 리커버 헬스, 이솔선생님 정말 추천합니다🥰","라운드숄더, 직업병으로 인한 어깨통증 등 체형 교정을 하기 위해 등록했습니다 그동안 다양한 운동들을 해봤지만 사용하고자 하는 근육을 생각하며 한건 영학쌤의 PT 수업을 받으면서 부터 인데요 꼼꼼하게 자세를 봐주시고 저에게 맞는 운동을 알려주시니 원하는 부위의 
자극을 정확히 느낄 수 있었습니다 낯을 많이 가리는 편이라 처음엔 1:1 운동이 걱정 되었는데 영학쌤께서 편하게 다가와 주셔서 재밌게 운동 할 수 있었어요!! 그리고 운동하다 힘든 순간이 올때면 어떻게 아시고 긍정 에너지를 팍팍 주시는데 안할 수 없게 만듭니다..
. ㅋㅋㅋㅋㅋ "" 리커버 "" 센터 이름 그대로 몸을 회복 시켜주는데 최고인곳!! 강추에요🔥 영학쌤 추천!!","거의 5년 이상 허리와 엉덩이 통증을 달고 살았었습니다. 병원에서도 근본적으로 고치는 방법 밖에 없다고 해서 운동을 알아보던 중 재활 전문인 리커버 필라테스&PT에 등록하기로 했어요. 체험 수업부터 굉장히 체계적이고 전문적일 것 같다는 느낌을 받았고, 1년
반 넘게 연장을 해서 운동하며 꾸준히 몸이 좋아지는 것을 느꼈습니다. 특히 김윤성 선생님의 친절한 말투와 꼼꼼한 수업이 제게 잘 맞았던 것 같습니다. 끊임 없이 공부와 연구를 멈추지 않고 더 나은 방식을 찾아주시는 느낌이 들어 좋았어요. 시설도 깔끔하고 인테리어와
 기구 관리도 신경 쓰시는 것 같아 쾌적하게 운동할 수 있다는 점도 정말 좋습니당.",공부 때문에 오래 앉아 있어서 허리도 아프고 살도 쪄서 건강해지려고 알아보고 방문했는데 수업이 체계적이고 자세 교정도 확실히 해주셔서 너무 좋았어요☺️ 운동 기구도 다양하고 시설도 넓어서 운동하기 아주 좋았고 항상 친절하게 자세 알려주시고 운동할 수 있게 해주셔서 정말 좋아요! 이솔쌤 완전 친절하시고 잘 도와주세요! 이솔쌤 추천해요🥰,그룹수업 처음 접했는데 선생님께서 체계적으로 한분한분 놓치지않고 잘 봐주시고 수업 진행에 있어서 부드럽게 진행되는것 같아서 좋았습니다.,좋습니다,"오래 앉아있다보니 목, 허리 여기저기 항상 통증이 많아 운동을 시작하기 위해 체험수업을 신청했습니다. 자세평가, 체형분석 등 개개인의 특성에 맞춰서 꼼꼼하게 운동을 알려주셔서 믿음을 갖고 바로 등록했습니다! 
‘리커버’라는 이름 답게 매 수업마다 어디가 아픈지, 가동범위는 어떤지 체크해주시고 이에 맞춰서 수업을 이끌어주셔서 체형교정, 통증 개선에 많은 도움이 되었습니다!! 선생님들도 다 너무 친절하세요👍 덕분에 잘 준비해서 바디프로필까지 찍을 수 있었습니다🙂 통증개선, 체형관리, 바프준비 하시는 모든분들께 추천드립니다!!!🥰🥰"
55,1964150912,리암쌤은 식단도 체계적으로 계획해주는것과 운동 티칭 능력이 너무 좋습니다 자극점을 확실히 잡아주는것 같아요! 그리고 또한 교정 능력도 너무 좋아요….. 호흡법 하나로 교정하는 클라스….너무 좋네요… 도수치료도 할줄 아셔서 케어도 가능하시네요!! 대박입니다! 에이블짐 오시면 꼭 리암쌤한테 상담 받기를요….너무 체계적이라 세상 놀람😮,제이쌤이랑 3개월째..! 저 같은 헬린이도 자세부터 친절하게 하나하나 잘 잡아주세욤🤗🤗 처음 상담할 때 운동목적이나 방향에 대해서 의논하구 거기에 맞춰서 피티를 받다보니 운동만족도가 높았던 것 같아여👍🏻👍🏻👍🏻 ,"날씨가 부쩍 더워져서 옷 입을때마다 신경쓰여 다이어트를 해야겠다고 마음 먹어 방문하고 되었어요🙂 에반 팀장님께서 상담해주셨는데 이것저것 잘 알려주셨어요,, 시설이랑 탈의실, pt 등등 
일단 내부가 넓고 기구가 많은 점이 제일 좋았어요,, 24시인 점이랑요! 고민하다가 혼자는 다니기 싫어서 동생이랑 같이 등록했어요🫶",Jay 쌤에게 피티받고 자유 운동하고 왔어요! 정말 잘 가르쳐주시고 자세를 꼼꼼하게 봐주셔요. 그리고 놀라웠던 점은 머신이 정말 많고 깔끔하다는 점? 상담 한번 받아보셔요 >_______<,헬스장을 알아보던중 에이블짐으로 상담오게되었어요~리암트레이너쌤에게 상담하게되었는데요~친절히 잘 상담해주시고~상담해보니 수업도체계적인것같고 믿음이가네요~^^리암쌔믿고 열씨미해보려합니다^^올여름 홧팅!!,"첫 헬스장이라 이곳저곳 알아봤는데 에이블짐 한양대점이 리뷰가 너무너무 좋아서 다니게 됐는데 최고의 선택인 것 같아요! 게다가 피티도 처음 받아보는거여서 트레이너 선생님 걱정도 많이 했는데 카터 선생님 덕분에 매일매일 운동 가는게 즐겁네요~~!! 처음엔 기구 하
나라도 쓸 줄 모르던 헬린이였는데 카터 선생님이 혼자서도 운동 할 수 있도록 자극 오는 곳이나 기구 사용법, 자세도 꼼꼼히 알려주셔서 이젠 혼자서 기구도 쓸 수 있고 개인운동도 열심히 재밌게 하고 있어요~~! 그리고 식단도 잘 짜주셔서 요즘에 주변에서 살 빠졌다
는 소리도 많이 듣고 있어요. 시설이나 선생님들 다 좋으셔서 저처럼 헬스 처음 해보시는 분들한테 너무 좋은 곳이에요~~!!","로이쌤한테 피티받으면서 7월 바디프로필 준비중인데
식단부터 운동까지 섬세하게 알려주셔서 자신감있게 바디프로필찍을 날만 기다리고 있습니다! 혼자 운동할때도 기구도 다양하고 시설도 깔끔해서 운동할맛 납니다!",우선 시설이 너무 좋고! 담당 쌤인 에반 선생님 친절하시고 자세도 잘보고 고쳐주세요ㅎㅎ 만들려고 하는 몸에 맞게 운동과 식단을 짜주시구요 너무 좋습니다 감사합니다!,"루나쌤에게 상담받고 등록했는데, 식단부터 자세까지 꼼꼼하게 봐주셔서 즐겁고 재밌게 운동 배우고 있습니다! ! 에이블짐에 오셔서 루나쌤을 찾아주세요~!~! 👍👍👍 ","헬스장 어디다닐지 고민하다가 등록하게 되었는데
운동방법을 몰라서 로이쌤에게 무료수업을 받아보게 되었는데
자세하고 이해하기 쉽게 설명해주셔서 피티까지 등록하게되었습니다! 로이쌤 짱! 시설도 너무좋고 운동하는 분위기가 잘 조성되있어요!"
56,1028637040,트레이너 선생님이 동작 하나하나 섬세하게 알려주시고 잘못된 자세를 교정하고 정확하게 운동하는 법을 가르쳐 주십니다. 올바른 자세로 내 몸에 적절한 운동을 하고 싶으시면 강력 추천이에요!! 피티샵이 인테리어도 이쁘고 기구들도 맨날 소독해서 깨끗해요. 힘드실 텐데 매일매일 웃는 얼굴로 열심히 알려주십니다. 그리고 가격도 저렴해서 너무 좋아요. 저는 6개월째인데 쭉 다닐 거예요🤩,운동을 시작해야할지 말아야할지 고민하던 중에 상담이라도 받아보자는 생각에 방문했는데 디테일하게 상담을 너무 잘해주셔서 곧바로 시작하게됐어요. 체험만 받아보셔도 아실 것 같아요 자세 하나하나 꼼꼼하게 봐주셔서 무료체험에서 스쿼트 다섯번에도 온 근육이 난리가 났네요ㅋㅋㅋ 그동안 했던 운동들은 대체 뭔지 모르겠네요..? 앞으로의 운동이 너무너무 기대되요!!,"센터 쾌적 & 일대일이라 그런지 집중력 굳이에여 몸의 어느 부위가 일하고 있는지, 일해야 하는지를 상세히 알려주십니다 다음 수업도 열심히 아자잣🔥🔥",친절하시고 운동할 의지가 생겨요,운동해야해서 억지로 등록했다가 자의로 연장연장 하고있습니다 선생님 너무 좋으세요 웨이트 뿐만아니라 비틀어진 자세도 잡아주시고 체계적이라서 좋습니다,운동하기좋은고 친절 깨끗 인테리어좋고, , , , 
57,1146239356,이번에 동네에서 다이어트 하려구 피티샵 알아보다가 새로 생겨서 가봤는데 시설도 워낙에 잘 되어있고 무엇보다 코로나 시기에 방역이 너무 잘 되어 있어서 만족 했습니다. 헬린이인 제게 하나하나 설명 잘 해주시고 재밋게 수업 받을 수 있을거 같아서 등록 하고 왔습니다 !!! 성수동 피티 피앤디 강추 입니다,"PND피티샵 오픈했다고 전단지보고 가봤는데
깔끔하고 친절하네요
대박나세요~",다이어트 시작할려고 집근처 등록했는데 시설 깔끔하고 방역도 잘해주시는거 같아 안심하고 등록하고 갑니다~무엇보다 트레이너분들 친절하시네요~,대표님께서 너무 친절하게 잘상담해주셔서 등록했습니다! 제몸 잘부탁드려요!ㅎㅎㅎ,트레이너분이 친절하셔서 믿고 결제했습니다!, , , , , 
58,1424393208,"성수역 근처 헬스장 중에서 여기가 젤 좋아요
스ㅇ애니는 사람이 넘 많아요 ㅎㅎㅎ 
스타칼리 좋아요 ",넓고 깔끔하고 좋아요! 지상이라 넘 좋음~,"넓고 시설도 깔끔하고 다들 친절하셔서 좋아요!
그리고 새벽에도 운영을 해주셔서 넘 좋습니다~!! 
다이어트 화이팅!!","김대현fc님의  친절하신 전화상담으로 상담왔다  너무친절하셔서 등록까지 하게되었네요
열심히 해서 건강해지고싶어요
잘부탁드립니다",카톡으로 이것저것 물어봤는데 친절하게 답장해주셨습니다! 그리고 필라테스 가격으로 헬스장 이용가능해서 너무 합리적이에여....강추합니다💪💪,기구도 다양하고 친절하고 좋아요. 최고의 성수 헬스장 입니다!!,"위치도 좋고 친절하고 운동기구가 다양하게 꼼꼼히 많이 잇는거 같음
필테도 잇어서 ㄱㄱ",가격도 저렴하고 시설도 넓고 기구도 많아서 좋아요! 또 지하가 아닌 상층에 있어서 좋습니다!,시설이 넓고 집근처에서 이렇게 합리적인 가격에 이용할 수 있는 헬스장은 드물다고 생각합니다.,청결하고 선생님들 친절합니다
59,1186665953,처음 예약하고 방문했는데 운동 목적에 따라서 체크리스트를 해서 제가필요한 부분들을 파악하시고 기초체력도 점검하고 테스트하는걸많이해서 저를 파악해서 방향성을 ㅂ잡는게 전문적인것같아서좋았어요,"프라이빗한 느낌의 PT 샵으로 위치가 좋고 시설도 깔끔해요. 1:1로 선생님이 꼼꼼하게 코칭해주는 분위기였고요. 운동은 물론 식습관, 생활습관까지 확인하고 여기에 맞게 맞춤형으로 트레이닝 해주셔서 좋았습니다. 다음 수업도 기대돼요~","체험하러 갔다가 바로 결제했어요. 제가 오십견이 있는데,해부학공부하시고 재활을 하실수 있는 분이셨음 했거든요. 상담도 아주 세세하게 해주시고 체험했는데 어깨도 너무 좋아지는게 느껴지고 맞춤 운동을 시켜주셨어요. 예전에pt받을때 선생님 여러번 바꿨거든요. 체험하
고 나서 고민도안하고 30회결제했어요. 그리고 무엇보다 헬스기구가 있어 자유롭게 사용할수있는게 좋네요.필라테스기구도 낮엔 사람 없으니 자유롭게쓸수있구요.따로 헬스장 끊지 않아도 되는게좋네요. 여기 이사오고 필라테스 고민이라 두세곳 상담받았는데,가장 친절하고 
자세하게 상담해주셨어요. 상담해주시는 분이 어려보였는데,대표님이셨네요. 박보검 닮으셨어요ㅎㅎ 너무 칭찬일색이라 알바라 오해할듯요. 전혀 연관없습니다! 앞으로 잘부탁드려요",상담 정말 꼼꼼하고 친절하게 해주셔서 좋았어요! 시설도 엄청 깔끔하고 뷰도 좋더라구요..! 바로 다니고 싶었는데 이번달 일정이 너무 꽉차서 ㅠㅠ 다음에 PT하게되면 여기로 꼭 다니려구요! ,센터에 기구들이 진짜 다양해요! 단순한 기구 말고도 필테용이나 소도구들이 많아서 체험도 해볼수 있고 배울수 있어서 좋아요,처음 상담받으러 갔는데 세세하고 친절하게 잘 알려주셨어요! 무엇보다 헬스 기구와 필라테스 기구가 같이 있어서 둘 다 해볼 수 있었고 필라테스 기구 자유롭게 사용할 수 있는 곳은 별로 없는데 사용해도 된다는게 넘 좋았습니다! 뷰도 너무 예뻐요!!,깨끗하고 위치 좋고 시설 좋고 친절하고 좋았습니다.,센터가 7층에 위치해 있는데 창이 많아서 탁 틔여진 기분을 느낄수 있었고 처음 방문 할때 운동목적에 따라서 운동체크리스트 진행을 통해 개인의 기초체력을 점검하고 운동 진행해주셔서 완전 신선했어요,"개인수업을 받는 시간외에도 영양이나 휴식, 운동 등 전체적인 일상생활을 관리할 수 있도록 도와주시더라구용!! 운동 알못인 저에게 가이드라인을 제시해 주시니 운동을 쉽고 잼나게 할 수 있었어용~","한번 믿고 운동 해보겠습니다,,,"
60,35263279,"방문부터 인사잘해주시고, 정말정말 친절하고 자세한 설명으로 찬찬히 하나하나 홀 구경하며 다른 회원분들 운동하는 모습까지 자세히 상담했어요. 현재 아픈곳은 없는지 전에 운동했던 부분이나 신체에 맞춰서 자세한 설명과 체계적인 운동 스케줄과 앱 연동 예약제, 그리고 한달마다 이벤트 행사 다양하고 인바디로 체계적이게 관리할수 있고 규모가 크다보니 여러 수업을 들을수 있고 선생님들도 신나고 우렁차게 수업하시네요. 게다가 필라테스 말고 TRX나 힙필라, 요가,PT, 교정, 재활 여러가지 수업들이 다양하게 있고 무엇보다 시설이 진짜 깨끗하고 넓고 쾌적함과 맛있는 커피도 아이스로! 샤워시설 또한 모든것이 구비되어있어 운동복만 입고오면 깨끗하고 건강하게 집에 귀가할수 있고 아침부터 다양한 수업할수잇어서 바로 등록완료❤️","허리 디스크랑 좌골신경통 때문에 꾸준히 도수 치료 받고 있는 환자 (?) 인데, 홈트로는 도저히 안될 거 같아서 필라테스로 재활에 도움을 받고자 집에서 가까운 필라테스 검색을 하다가, 신랑이 찾아 준 곳이에요. 
우선 역세권으로 퇴근 후에 바로 들릴 수 있는 편의성이 좋았고 국내 최대 규모의 시설이라고 들었는데 명불허전. 개인 교습 룸이 몇 개인지 세기 어려울 정도로 많았구요, 각 스튜디오 별 규모도 대단했습니다. 체계적으로 갖춰진 기구들을 보는 것만으로도 왠지 벌써 재활이 되고 있다는 느낌적인 느낌?! 저는 개인 교습에 관심이 있었지만, 단체 레슨은 물론 힙요가, TRX 등 다양한 프로그램이 있어서 재미있게 운동할 수 있을 거 같아요. 무엇보다도 너무 친절하게 상담해주셔서 편하게 결정할 수 있었어요♡ 최고","6개월 넘게 이용중입니다. 시설이 깔끔하고 넓고, 기구와 수업시간이 다양해서 좋습니다. 그룹수업을 다양하게 받을수 있고, 1:1 개인수업도 제 체형과 능력에 맞게 체계적으로 해주셔서 만족하고 있습니다","오래전부터 다니고 있는데 시설도 깔끔하게 잘 유지되고 시스템도 좋아요! 필라테스뿐만 아니라 TRX, 힙필라 등 다양한 프로그램이 있어 더 좋습니다. 이제 빠지지 않고 열심히 다녀서 살을 좀더 빼 보려고 합니다…","지금 세 번째 다시 결제해서 수업 듣고 있어요!! 이사 가면 여길 못 다니는 게 아쉬울 정도로 시설도 좋고ㅠㅠ, 선생님들 모두 엄청 친절하시면서 잘 가르쳐 주세요!",상담 너무 친절하시고 꼼꼼하시고 최고에요🏃‍♀️🏃‍♀️👍 필라테스 태어나서 처음 접해보는데 의지 활활 🔥 뽝!! 몸 교정하시고 싶으신 분들 강추합니다!!🙆‍♀️🙆‍♀️,"성수역 바로 앞이라 접근성도 편하고 무엇보다 강사님들 모두 친절하고 꼼꼼히 봐주십니다. 남자 강사님도 계시고 수강생도 계시는데 전혀 부담스럽지 않고 너무 좋으세요. 시설도 매우 깨끗하고 수강생이 많아도 생각보다 붐비지는 않아요. 예약도 어플로 쉽게 가능하고 예약 
기한이 지나도 남은 자리 있으면 문의시 융통성 있게 직접 예약해주십니다. 많은 곳 검색하다가 우연히 발견하게 된 곳인데, 다른 곳보다 가성비도 좋고 기구도 많아서 원하는 운동 다양하게 체험 가능합니다. 심지어 PT룸도 있음. 저는 처음 약 40회 정도 끊고 오
늘 50회 갱신했어요!",3개월 다니고 고민의 여지없이 재등록 했습니다~ 시설이 정말 깨끗한데 선생님들이 자세도 꼼꼼히 알려주세요. 수업 분위기가 차분하면서도 열정적으로 이끌어 주시는 게 가장 좋았습니다 :),"6개월수업 후 오늘 다시 6개월 재등록 했습니다.  단체반선생님들 돌아가면서 거의 다 
들어봤는데요. 진짜 다 잘가르치셔서 다른분들한테도 추천중이에요. 👍👍
친절하시고 운동하는곳도 넓고 샤워실도 쾌적합니다. 저는 완전 만족입니다😘",자세도 잘 봐주시고 그날 그날 컨디션따라서 맞춤으로도 잘 진행해주세요~ 쾌적하고 넓고 좋아요~*^^*
61,1317587781,"저는 이번에 처음으로 PT를 시작했는데요.  용환트레이너님께 운동을 배우면서 느낀점은 기구 사용법을 잘 알려주시는 것은 물론 자세를 꼼꼼하게 잘 잡아주세요!  운동자세가 어떤지 동영상도 찍어서 보여주시고 정확한 곳에 자극이 올 수 있게 알려주셔서 좋습니다! 😄
 잘하면 칭찬도 해주셔서 한개할거 하나 더 하게 만들어주셔서 좋습니다~~!  기구들도 다양하고 깨끗하게 잘 관리가 되고 있는거 같아요!! 👍🏻👍🏻","헬스장 외관이 유리로 된것이 엄청 시원해보여서, 첫인상이 무척 좋았어요! 사실 처음에는 영상보면서 혼자 웨이트 운동을 해보려고 했는데, 쉽지 않았어요. 바로 무료pt를 해보고, 오전타임에 김군회 선생님께 수업을 듣기 시작했습이다. 수업을 들으면서 놀란점은, 웨이트
가 매우 과학적이고 체계적인 운동이라는 점이에요. 사실 저는 무작정 무거운 중량만 들으면 된다는 우매한 생각을 하고 있었습니다..   선생님께서 자세를 꼼꼼하게 캐치해서 피드백을 해주시니까, 1타 강사한테 수업을 받는다는 느낌이 들었습니다 ㅎㅎ 덕분에 올바른 다
이어트 방법도 알고, 살도 많이 빠져서 운동에 흥미를 느끼고 있어요. 사실 운동도 하다보면 중독된다는 이야기를 듣고, 처음에는 뻥인줄 알았는데, 하다보니 엄청 재밌더라구요. 완전 추천합니다!",김전회선생님한테 수업30개하고 재등하면서 리뷰씁니다 유연성.근력 전부좋아졌습니다 무엇보다 친절하세요 강추드립니다,"오픈할때 피티등록해서 하고 다시 재등록했습니다. 
아이낳고 살때문에 너무 스트레스 받았는데 피티받으면서 살 거의 8키로 다뺏고 자세교정도 되서 너무 만족스러워여. 김전회선생님 피티수업 완전강추입니다. 다른곳에서 피티수업받앗봣지만 여기만큼 꼼꼼하게봐주는곳은 없엇어여. 👍 ","여름 전에 운동시작하려고 등록했어요. 너무 깨끗해서 좋고, 상담할 때 정말 친절하게 안내 잘해주셨는데 운동할 때 기구 사용하는 법도 친절하게 알려주셔서 이것저것 해볼 수 있어서 좋으네요! 운동 열심히 해봐야겠어요~","용환쌤이 꼼꼼하고 친절하게 알려줌 ,다른 선생님들도 친절해요 , 할인 이벤트 있어서 좋아요  yoyoyo기로 모여랏 ","코로나도 끝나가고 살빼기 및 건강을 위해 다시 체육관을 찾아봤어요. 저에게는 집에서 8분거리-멀면 운동 안가게됩니다- 생긴지 얼마안돼 깨끗하고 깔끔한 인테리어, 유튜브 몬스터짐 채널에서 얘기하는 플레이트 로드 방식의 새로운 머신들이 빠짐없이 있고, 합리적인가격, 이벤트도 좋아 가입했어요. 앞으로 운동 열심히 해서 여름준비 해야겠어요. ",깔끔한곳이네요 시설도 잘 갖춰져 있네요!,1층과 지하층으로 나뉘어져 있어서 크기가 꽤 넓고 시설과 인테리어가 정말 깔끔해요! 무료 피티 이후에 피티 계속 받고 싶어서 김군회 선생님께 피티 받고 있는데 덕분에 운동 제대로 배우고 있습니다 쪼아요,"이번이 두번째 리뷰네요 !
김전회 트레이너님께 pt수업을 받고, 유산소 하면서 살빠짐은 물론 체력도 많이 늘고 건강해진게 느껴져요 :)
수업 때 항상 친절하게 잘 알려주셔서 만족도가 높습니다. 감사합니다 :)"
62,1323084775,서비스 최고예요! 저도 이용하고있는곳인데 친구도 등록한다고해서 상담했어요~~상담시 음료도 주시고 주차도 무료등록 가능해서 좋습니다^^,최고급 런닝머신으로 스마트폰 미러링이랑 티비시청 가능해서 너무 좋아요!! 시설 짱 좋아요,시설 이용해보니 제일 좋아요! 곳곳에 신경쓴 공간들이 많네요~ 디퓨저가 따로 있어서 은은하게 향기가 나서 기분마저 좋아지는 곳이에요💜,역에서 가깝고 주차는 오피스텔 지하2층부터 지하5층까지 넓게 잘되어있어서 이용하기가 편리합니다~좋아요!!,"매장이 청결하고 깨끗해요  시설 좋고 넓어서 이용하기 너무 좋은 헬스장이예요 자세도 잘봐주시고 신경
많이 써주세요~~^^",시설이 깨끗하고 너무 좋아서 자꾸자꾸 가고싶네요❤,와 역에서 3초거리임돠!! 넘 좋아요!! 역 근처에 더바디 헬스장만 있는데 이 근처 장안동 헬스장 중에서는 제일 좋아요!!,기구깨끗하고 내부 소독도 잘하셔서 안심하고 운동해요. 강사님도 모두 친절하시고 자세도 잘 봐주세요 ^^ 만족하며 다니고 있어요,헬스장 시설 좋고 인테리어 이쁘고 곳곳에 디퓨저 있어서 향기 넘 좋네요 ㅎㅎ 쾌적하게 운동 하고 있어요 ^^,1주년 되고나서 센터 전체가 리뉴얼되어 매우 깔끔하고 디자인과 조명 모두 신경쓴 티가 팍팍 나네요 ㅎㅎ대표님께서 매우 신경쓴게 눈에 보여요~호텔식이라고 해서 설마 했는데 호텔 분위기의 조명부터 기구와 머신까지.. 센터 구경하고 나서 합리적인 가격에 재등록까지 완료했어요!
63,1877534839,"직장을 옮기게 되면서 시간이 도저히 안 맞아,, 눈물을 머금고 남기는 바른피티와의 작별 후기. 몇개월간 저의 체력과 건강을 책임져 주었던 바른피티! 오전에 한시간 1:1 트레이닝 받고 나홀로 탈의실&샤워실에서 샤워하고 출근하는게 아침 루틴이었는데 너무 그리울 
거같아요! 1. 무리하지 않는 선에서 내 몸에 맞는 운동 계획 2. 내가 원하는 몸을 만들기 위한 운동 계획 3. 이 운동을 왜 하는거지? 궁금증에 대한 친절한 답변 4. 내가 운동하는 모습을 실시간 촬영해서 동영상으로 공유 5. 쉬는 시간에 유쾌한 대화 6. 
출근 전 닭가슴살과 간식을 챙겨주시는  윤시형 대표 트레이너 선생님과의 1:1 수업! 완전 강추합니다👍  (사진은 이별선물 이라고 주신 윤시형 샘의 두꺼운 책,, 꼭 1독 성공하기를⭐️)","일년째 꾸준히 다니고 있습니다!  제일 좋아하는 점은 운동 전 후로 유산소 할 때 창밖으로 보이는 울창한 나무 뷰 인데 에어컨 바람으로 시원하게 숲 속에서 뛰는 기분이 들어서 좋아요!  그리고 여기서 운동하면서 딱히 식단관리하지않아도 체형관리가 되서 너무너무 좋았
습니다 ㅎㅎ 쌤이 매번 탄산수도 주셔서 이렇게 운동해요!","한 달 반 동안 6KG가 빠졌어요. 만족스러운 결과는 물론, 과정 또한 매우 이상적입니다. 바른피티의 장점은 더 많지만, 글자수 제한으로 대표 두 가지 기재합니다. 옥수동 토박이로서 제 타이틀을 걸고 강력 추천 해요.👍 1.갓성비 서울에서 이 가격에 PT를 
받을 수 있는 곳이 얼마나 될까요? 있을 수는 있겠지만, 경력이 얼마 되지 않은 선생님을 배정 받는다던지, 땅값이 조금 저렴한 지역일 것이라고 생각해요. 옥수동 물가도 많이 오르고 있는데, 좋은 시설에서 이 가격에 대표님께 운동을 배울 수 있다는 건 정말 행운입니
다. 2.식습관 개선 매일 저녁 식단 사진들과 보행수를 확인 하시고, 피가 되고 살이 되는 코멘트를 주세요. 열심히하게 되는 원동력이고, 일상 속 식습관이 자연스럽게 개선되도록 만들어주세요.","결혼을 앞두고 다이어트+자세교정이 시급하다고 깨닫고 새로생긴 바른피티샵을 알게되어 등록했습니다. 제가 정말 까다로운 사람인데 등록을 한 이유는  1. 식단강요가 없고 좋은습관은 만들어주세요. 대표님은 저에기 일반식으로 하되 저녁에 탄수화물 줄이고 그대신 보행수
를 만보정도씩 걸어달라고 하시더라구요. 덕분에 이제 안걸으면 찝찝한 기분까지 들어요~ 2. 운동하는 모습 찍어주셔서 제가 더 잘하고 싶게 동기부여 해주십니다. 3. 궁금증이 많은 물음표 살인마지만 친절하게 답해주세요. 4. 효과가 좋습니다. 시키신대로 했더니 
체지방률2%,체지방량1kg 감량에 성공했습니다(한달도 안되는 기간) 운동 고민하시는 분들 주저마시고 등록하세요! 대표님 티칭대로 하시면 원하시는 결과 얻으실수 있을꺼에요~ 남은기간 잘부탁드려요^^",벌써 거의 일년째 운동하고 있어요! 일년사이에 새로운 운동기구들이 몇몇개 들어와서 넘 좋아요ㅎㅎ 턱걸이 기구 짱~ 그리고 안마배드도 최고.. 쌤이 제 근육풀어주시려고 마사지 해주실 때 있는데 진짜 극락입니다..👍허튼 일년을 꾸준히 운동 하다보니 바디 라인이 엄청 달라졌어요! 몸의 선이 정돈된게 보이고 옷입으면 잘 티안나는 부위들의 군살이 싹 잡혔습니다!! 무엇보다 물렁살뿐이었던 엉덩이에 근육이 들어선게 제일 놀랍고 뿌듯합니다ㅎㅎ쌤최공,"바프찍고 싶은 마음에 운동을 시작하기로 마음먹고 첫4회 비기너코스부터 시작했습니다. PT할때 자신과 성향이 맞는 트레이너를 찾는게 가장어렵고 중요한 일인데. 여기 코치님은 운동할때 피드백이 너무 좋아요. 근육성장원리, 부상을 입지 않는 자세법, 나한테 맞는 자세교정 등 운동할때마다 서로 얘기하면서 피드백 받는데 바로 이런것 때문에 PT를 받는구나를 느낍니다. 사진에서처럼 운동강도도 자세를 무너뜨리지 않는 그 직전레벨을 잘 찾아주시고 매회 그에 맞는 세션을 준비해주시니 몸이 날로 슬림해지고 탄탄해지는 것 같습니다. 번창하세요.",2월부터 시작해서 지금까지 벌써 5개월이 되어 가고 있네요-! 여기서 운동하면서 진짜 운동이 뭔지 알게 되었어요! 운동하고 나면 땀도 많이 나면서 몸이 정말 개운해지는 느낌을 받으실 수 있을거에요! (다른 피티선생님들과 다르게 어나더 레벨이세요-!)시설도 정말 쾌적하고 일대일 피티 수업 최고에요!,"6개월 꽉 채우고 난 후기를 이제야 씁니다. 처음 갔던날 피티를 하려는 목적을 물으셨었고, 마지막 수업날까지도 그 목적에 충실하게 운동 프로그램을 짜 주셨습니다:) 물런 그날그날 컨디션도 세심히 살펴가며 조절해주셨구요, 12개를 하던 20개를 하던 자세나 호흡이 흐트러지지 않게 살펴주셨고 그래서 지금 어느 부위가 자극이 되고 있는지 어느 부분을 고쳐야하는건지 금방 알 수 있었어요. 굳이 1:1피티샵을 가는 가장 큰 이유는 내몸에 맞는 목적으로 매번 프로그램을 바꿔가며  자극을 느끼기는건데, 충실하게 한개한개 신경써주셔서 너무 만족스럽습니다. 시간 조절도 자유로워서 부담없이 갈수 있었어요!","요즘 sns등에 그럴싸해 보이는 트레이너들이 많지만 이렇게 소신을 가지고 외형보다는 건강과 체력 등의 내실을 중시하며, 장인정신(?!)을 가지고 전문적으로 피티를 해주시는 분은 정말 드물지 않을까 싶네요! 몸에 무리가 가지않고 동작의 목적에 맞는 좋은 자세를 세심하게 잘 알려주셔서 꾸준히 재밌게 운동하고 있고, 체계적인 진도로 부족했던 근력과 체력이 동시에 향상되어감을 느낍니다. 부디 많은 분들이 이런 숨은맛집같은 바른피티에서 소신있는 외길인생 걸으시는 트레이너님과 건강하고 실속있게 운동하셨으면 좋겠네요 ^^ ㅎㅎㅎ","겨울부터 운동을 시작했는데 어느새 여름이 되었어요! 창밖으로 보이던 앙상한 나무가 초록 잎이 무성해지는동안 저도 체력이 많이 늘었네요.  바른피티에서 운동하며 좋았던 점  1. 나도 모르는 사이에 더 높은 운동강도를 소화하고 있다.  선생님께서 체력에 맞게 운동강
도를 서서히 올려주셔서 어느새 높은 강도도 따라가고 있는 저를 발견할 수 있었어요. 신기합니다:) 2. 체계적인 관리로 루즈해지지 않는다. 선생님께서 워낙 꼼꼼하셔요. 운동하는 날은 아침 6-7시부터 한번도 빠지지 않고 연락을 주십니다. 매일 저녁에는 식단관리를
 해주시고요. 선생님께서 성실하시니 게으르고 싶어도 게으를수가 없었어요 ㅋㅋ  더 적고 싶은데 글자 수 제한이 있네요 ㅠㅠ 바른피티에서 운동시작하길 잘했다는 생각이 듭니다:) "
64,1075862761,"PT는 처음인데 너무 좋아요 :-)  트레이너님들 다 전문성 넘치시고 체계적으로 운동 도와주시고요. 시설도 너무 깨끗하고요.  다른 헬스장처럼 번잡스럽지않고 딱 운동에 집중할 수 있게 기구랑 공간 구성되어 있어요.  운동에 ㅇ자도 싫어하고, 출산/육아때문에 근육
통이랑 라운드숄더도 심해졌었는데  여기서 트레이너님이랑 꾸준히 운동한 덕분에 점점 건강해지고 활력에너지 뿜뿜 넘치고있어요!!! 옥수동 근처 pt 고민하시는 분들께 셧업앤스퀏 강력 추천해요 :-) ",시설이 깔끔하고  항상 깨끗하게 운영되고 있어 맘놓고 운동할수 있습니다 여기서 운동 하고나서 부터는 사람많은곳은  못다니겠습니다 참 괜찮은 센터입니다 강츄!!,사무직 업무로 몸이 많이 망가졌는데 손이삭코치님 만나서 많이 좋아지고 있어요. 운동에 재미도 붙습니다! 운동 필요하신 분들 주저하지마시고 운동 다녀보세요! 추천드려요,"첫 방문 상담도 친절하게 해주셨고, 김성민쌤이 실제 운동할 때도 아프거나 무리가는 곳은 없는지 계속 확인하면서 친절하게 운동 알려주셔서 PT가 처음이지만 즐겁게 운동하고 있어요~
공간도 넓고 동시간대에 운동하는 사람이 많지 않아서 쾌적하게 운동할 수 있어요~","완전 운동 초보라 걱정했었는데, 트레이어쌤이 차근차근 알기쉽게 설명해주셔서  지금은 자신감이 많이 붙었어요!!!!!!  너무 감사해서 리뷰남겨요^_−☆",트레이너님들의 열렬한 코칭을 통한 운동으로 몸이 변화하는것을 느끼면서 재미있게 다니고 있습니다! 시설도 엄청 좋고 다들 정말 친절하십니다!! 몸의 변화를 원하는 분들에게 꼭 추천드립니다!,"옥수동에서 운동하기 매우 좋고, 사람들이 너무 많아서 운동하기 불편함도 없이 개인공간이 확보하면서 레슨을 해보니 너무 좋네요! 😆👍",너무 친절하시구 전문성도 뛰어나신거 같아요. 김성민쌤 최고입니다! 태닝기계도 들어온다고 하는데 정기권 끊으려구요ㅠㅠ강추드립니다,여태 다녀본 PT샵 중에  시설 제일 좋아요!!!!!!! ㅎ_ㅎ 쾌적하고 프라이빗한 공간도 좋고!!!!! 트레이너 쌤들도 다 좋으셔서 앞으로 운동 열심히 할 수 있을 것 같아요~! ㅍㅏ이팅~~!,"옥수역 근처 헬스장 및 Pt샵을 많이 상담하고 알아 봤는데, 인테리어랑 분위기가 좋고 사람이 너무 많아서 복잡하지도 안아서 운동하기 너무 좋을꺼 같아요. 선생님들도 너무 친절하시고요! ㅎㅎ "
65,1318520369,"릴리브짐 유선민 트레이너님의 섬세한 운동 코칭과 체계적인 식단 관리로 확실히 체지방이 줄어들고 근력 증진으로 전체적인 체형 실루엣이 변화하여 PT 효과가 너무 만족스러워 추가 등록 했습니다 ! 💪🏻🫢👍🏻👍🏻 매번 꼼꼼한 자세 체크로 운동시 부상 없도록 체형에 
알맞게 코칭하며 개인 운동시에도 혼자서 할 수 있도록 당근과 채찍을 번갈아 주며 열정적으로 화이팅 넘치게 알려주셔서 최고입니다 🙂 ㅎㅎ  시설도 항상 청결하게 유지되어 있고 직원분들 모두 성난 근육을 하셨지만 친절함까지 겸비 하였습니다ㅋㅋㅋㅋㅋ😆💪🏻💪🏻","피티샵을 알아보다가 집에서 가까운 릴리브짐을 찾게 되었어요!☺️ 첫 상담때부터 정말 꼼꼼하고 친절하게 제 몸에 대해 분석, 설명 해주시고 앞으로 어떻게 해나가야 할 지 자세히 알려주셔서 바로 등록 하게 되었는데, 혼자 운동 하기에는 어렵고 두렵고 버거웠는데 변화를 같이 이끌어나갈 수 있는 트레이너쌤을 봽게 되어서 다행이에용✨제 인생 첫 피티를 릴리브짐에서 받게 되어서 정말 후회 전혀 없어요!! 특히 유선민쌤과 함께 수업때 힘들기만 한 운동이 아니라 즐겁게 웃으면서 할 수 있게끔 항상 재밌는 대화 나눠 주셔서 정말 감사하고 넘 좋아요🫶🏻 운동 하는 내내 자세도 꼼꼼하게 잡아주시고 잘 따라갈 수 있도록 가르쳐주셔요 ! 앞으로의 변화에 기대가 되고 30번 수업이지만 더 오래 피티 받고 싶습니당 :)👏🏻","체력이랑 근력 강화 하려고 등록했어요! 집에서도 가깝고 시설도 깨끗하고 좋아서 등록했는데, 정말 제 담당 트레이너님의 열정에 박수를 보냅니다!! 본인인 저보다 더 열정적으로 제 건강을 챙겨주시니, 식단이나 운동을 안할 수 없게 만들어 주세요!! 
👍👍👍👍",성인 돼서 계속 헬스장만 끊어놓고 안 가다가 퉁퉁 불은 몸 보고 현타 와서 동네 가까운 피티 알아보다가 유선민 쌤한테 첫 피티 받게 됐는데 시설도 너무 좋고 작아서 더 체계적으로 돌아가는 거 같아서 좋았어용 첫 피티라 걱정도 많이 했는데 전혀 그런 거 없고 스케줄도 잘 잡아주시고! 일단 선민쌤 짱유쾌하고 올 때마다 웃음이 끊이질 않네여 그래서 수업 오기 저 재미써여 ㅋㅋㅋㅋ 잘못된 자세도 너무 잘잡아주샤서 20회 정도 받았는데 군살 쫙 빠지고 슬림해졌어요 !! 연장해서 앞으로 꾸준히 다닐 예정입니당 🥹 릴리브짐 짱,다가오는 여름을 준비해야한다면 정말 강추입니다! 선민트레이너랑 같이 운동하시면 자세도 상세히 잘 봐주시고 근육 하나하나에 자극을 잘 가게끔 운동시켜주세요 ㅋㅋㅋ 정말 운동 다운 운동을 하고싶다 하시는 분이면 바로 등록하세요💪🏼,"왕십리 헬스장에서 제일 입소문 난 곳이라 왔는데 상담도 친절하게 도와주고 정말 좋았어요
대표님뿐만 아니라 선생님들도 대회 출전 해보신 경험 많은 선생님들이라 운동에 대한 신뢰감이 높습니다
케이스에 따라 맞춤형으로 운동이 가능해서 정말 좋아요","다른곳에서 여러번 피티를 받아보다가 변화가 없어서 릴리브짐으로 상담 예약해서 체험피티후 등록까지 해서 선생님과 수업한지 두달 정도 지낫는데 전에 받았던곳들과 다르게 점점 몸이 달라지는게 보여서 운동이 너무 재미있어졌어요!!  
점점 욕심도 생기고 운동하면서 왜 이렇게 해야하는지 부터 시작해서 자극점을 찾아주셔서 매번 수업이 너무 기대됩니다! 다른 선생님들도 너무 친절하시고 센터가 깔끔해서 좋아요 ㅎㅎ  매번 수업이 너무 기대됩니다😃
","타 피티샵에서 30회 이상 꾸준히 받아오다가 눈바디가 계획대로 안되고 반복적인 수업에 다른곳으로 옮겨볼까 하고 선택한 지점이 릴리브였어요 매니저님께서 상세한 바디지적과 문제점 , 해결방안까지 제시해주시는 바람직한 모습에 바로 시작하게 되었고 ,  다른지점에서 
받았던 자세오류로 원치않았던 근육을 얻게되어 이를 보완해주시고 계세요.  전에 받았던 전혀 다른 수업체제와 식사케어까지 도와주고 계신데요 정말 만족입니다  왜 처음부터 잘알아보고 가야했는지 이제야 뼈저리게 깨닫는중입니다 ㅠ ㅡ ㅠ  근육에 대해서 하나하나 캐치해
서 설명해주시고 기본기 잡아주시는데 귀에 쏙쏙 들어와요  마동석닮은 매니저쌤 최고이십니다 짱 일단 해보시면 알아요 정말 만족이에요  점점 더 변화될모습에 기대되어요 꺄","찐후기 입니다ㅎㅎ 부끄럽지만, 점점 변해가는 제 몸이 저도 신기 할 정도에요. 일과 육아 운동까지 병행하는게 쉽지만은 않지만, 늘 제 몸컨디션에 따른 맞춤모드로 관리 해주셔서 부담이 없고 그래서 포기않고 여기까지 올수있었네요~ 몸이 너무 안바뀐다고 생각한 날들이
있었는데 운동은 차곡차곡 쌓이는 거더라구요^^ 아직, 출산 후 늘어 난 뱃살을 잡으려면 갈 길이 멀지만 폴 쌤 믿고 열심히 계속 차곡차곡 쌓아보려구요💪🏻 여하튼, 다이어트를 목적으로 시작한 운동인데  만성피로를 달고 살던 저의 삶의 질이 높아졌어요^^ 안될 것
 같던 제 몸에도 변화가 시작되었답니다. 그때 저의 첫 시작점에서처럼 할까말까 망설이는 분이 이 글을 보고 계시다면 살포시 강추드려봅니다👍🏻",트레이너님은 안다치고 운동 배울수 있도록 자세 꼼꼼하게 봐주십니다.웨이트 운동은 처음 배울 때 잘배워야한다고 생각하는데 여기서는 기초를 잘 다질 수 있어서 좋습니다.이왕 운동 시작하기로 마음먹었으면 빡세지만 안전하게 운동 배울 수 있는 곳이라서 추천합니다!시설도 깔끔하고 기구 종류도 정말 알차고 다양하게 구성되어 있습니다.
66,1540025450,저는 헬스장 이용만하려고 상담받앗는데 3개월권만 판매하시더라구요 !! 다른헬스장과 달리 인원제한이잇어서 북적거리지도않고 운동하기 정말 좋앗어요 😊😊 아 그리구 운동을 틀리게하고잇으면 대표님이 고쳐주시기도하는게 정말 마음에들더라구요!,PT를 많이 받아봣는데 혼자운동하기 부족해서 상담받고 등록해봣어요!!! 여기 대표님이 정말 꼼꼼하고 혼자 운동할수잇게끔 아주 쉽게쉽게 잘가르쳐줘요.. 트레이너와 가격차이는 좀 잇지만 전혀 아깝지않아요!!추천합니다,"피티샵은 작다는 인식이 있는데 여기는 다른피티샾에 비해 기구도 많고 넓어서 좋아요   헬스장에 있는 기구는 거의 다있는거 같아요 프라이빗한 피티샵이라서 쾌적하고 좋네용 ㅎㅎ 코로나가 걱정인데 아무나 왔다갔다 못하는 장점이 있어요 저운동할때는 제 공간 같아서 좋고
 꾸준히 연락주시고 그러니까 관리를 받고있다는 느낌을 주는 센터에요! 선생님들도 다 친절하셔서 개인운동 나와도 수업처럼 잘못된거 하나하나 다 봐주세요 ㅎㅎ 여기 주변 피티샵은 여기만한곳은 없는거 같아요!!",처음배워보는 PT인데 하나하나 섬세하고 친절하게 자세등 알려주는게 너무좋았어요 전체적으로 전부 깔끔하고 기구등 관리를 잘하는거같아요 처음 피티하시는분들도 부담없이 편하게 오셔도 좋을거같아요 ~ 감사합니다,이재 혼자하는 운동은 지루하고 성과도 없고 알아보다 pt 하기로 했는데  좋은쌤 만나 너무 만족하며 운동 하고 있어요 일단 재미있고 열심히 허게 되네요  그래서인지 효과가 느껴지니 더 열심히 하게 되공  시설도 깔끔 하고 쌤들도 다 친절 해요,내부 쾌적하고 깔끔해요~ 상담도 자세하게 해주셨고요 엄청 친절하세요 헬린이라서 피티 받아요~ 꼼꼼하게 자세 봐주시고요 쉽게 설명 해주시고 엄청 열정적으로 수업해주셔서 저도 의욕이 뿜뿜이에요,트레이너 쌤 정말 좋아요!! 운동 잘 알려주시고 자세도 꼼꼼하게 잡아주셔서 너무 만족스러워요! 운동하고 나면 힘들지만 개운하고~ 좋아요! 다이어트하면서 하는거라 제가 질문이 많은데도 잘 설명해주시고!친절해요! 코시국이지만 소독도 계속하고 계시고~ 마스크 착용도 꼼꼼하게 체크해주셔요~ 기구도 다양하고 꾸준히 다니겠습니당~~~^^,코로나에 겨울내내 집에만 있었더니 몸이 완젼 망가져서 급하게 다이어트도 할겸 건강한몸 되찾으려고 헬스장 알아보고 상담하고 등록 했어요 상담받는 내낸 너무 편안하게 해주셔서 좋았구요 시설도 너무 깨끗하고 소독도 잘되어있어서 안심하고 다닐수 있겠어요!,혼자운동은 효과가 별로라서 1:1PT 등록했어요  역시 잘한거 같아서 체계적이고 체지방분석후 제몸에 맞는 운동을 하고 바로 바로 자세도 잡아주시니 몸에 변화가 눈에 확 보이고 하니까 더 운동에  흥미가 생기는거 같아요 앞으로도 열심히 해보겠습니다,"개인운동할때마다 허리가 너무 아팠는데, 혼자서도 올바른 자세로 운동하도록 터득시켜줘서 좋았어요~ 매번 피티받을때마다 개인운동 부담감이 높았는데, 개인운동 시간에도 대표님이 신경써서 봐주셔서 혼자 운동할때보다 더 강도있게 운동해서 좋았어요~ 앞으로 다이어트 잘부탁드립니다🙃"
67,34480326,"재활 PT 라 대상에 맞게 크게 무리하지않으면서 근육을 늘려가는 운동을 지도해주십니다~
운동시작하고 통증도 많이 줄어들었구요,
무엇보다 시설에서만 할수있는(도구가 필요한) 운동이 아닌 집에서도 할수있는 운동을 알려주시고 연습이 될수있도록 지도해주시는 점이 도움이 됩니다!","작년 10월초부터 6월초까지 다녔습니다. (중간에 코로나와 부상재발로 한달 쉼) 무릎 퇴행성관절염 초기라서 뚝뚝 소리나고 허리도 쑤시고 일자목에 라운드숄더에 안좋은 것 다 달고 사는 중이었는데요. 브라보PT 만나고 뻣뻣하기만 한 제몸이 발목까지 손닿을 정도
로 크게 유연해졌고요(이렇게 닿아본게 20년만인듯) 무릎 주변 근육도 많이 강화돼서 통증도 크게 잡았습니다. 항상 친절하게 잘 가르쳐주세요. 딱 힘들어서 지칠때쯤 운동 멈추게 하시고요. 일대일이라 누구 눈치볼 것도 없고 다른 PT들보다 체계적으로 효과적으로 
아픈 부위 재활 잘 시켜주십니다. 믿고 계속 등록하다보니 어느덧 7개월이나 했네요. 돈 쓰는 만큼 정말 확실한 곳입니다. 저같이 걸어다니는 환자도 고통에서 많이 해방됐습니다. 믿고 추천하는 곳입니다.",일자목 일자허리로 목 어깨통증 허리통증과 손저림 발저림까지 있었습니다. 병원 치료를 받아도 효과가 없었는데 운동하고 나서 싹 사라졌습니다. 선생님 최고에요!!,"일자허리 체형으로 허리디스크가 있어 허리통증 다리저림이 심해 매일 약을 먹고 도수치료 침치료 물리치료 주사치료 다해도 효과가 없었습니다. 그러던중 유튜브에 선생님 영상을 보고 따라해봤는데 하고 나면 신기하게 통증 저림이 사라져서  집에서 멀지만  
선생님을 믿고  PT를 받게 되었습니다.
운동은 힘들지만 하고 나면 몸이 편해져서 너무 좋습니다.  빨리 좋아지고 싶습니다!",목 어깨 허리 어디 안 아픈 곳이 없었는데 꾸준히 운동하고 많이 좋아졌습니다 재활PT 찾고 계시는 분들은 꼭 한번 들러보셨으면 좋겠어요 추천합니다,"아직 효과를 구체적 수치로 표현하진 못하겠지만 선생님께서 믿음을 주셔서 좋습니다. 그동안 몸 문제로 여러 방면으로 서칭도 해보고 병원가서 검진도 받아보았지만 '근본적인'해결책으로 들리는 곳은 없었습니다. 그랬다가 우연히 이곳에 와서 운동을 받아보고 운동으로 몸 상태를 회복할 수 있다는 것에 희망이생겨 다니게되었습니다! 
그동안 몸 문제로 오랫동안 골치가 아팠고 누구나 단언하여 말해주지 못해 답답했는데 덕분에 조금 후련합니다.",꼼꼼하고 친절하게 몸상태를 체크해주셨어요~ 운동도 시원하고 몸의 정렬이 바르게 되는 느낌! ^^ 감사합니다!,허리디스크가 심해서 마지막이다라는 생각으로 운동을 알아보던중 길음동에 계실때부터 다녔습니다~ 운동이끝나면 신기하게도 통증이 사라졌습니다. 현재는 평소에도 큰 통증없이 건강하게 생활하고있습니다. 에단 선생님 너무 감사합니다!!♡,"허리디스크가 있어서 매달 시술 주사맞고
해도 좋아지지 않아서 수술까지 했지만 통증 저림이 나아지지 않아  여기저기 알아보다 마지막이란 심정으로 운동을 시작하게 되었습니다. 운동은 너무 힘들지만 하고나면 편해져서 신기했습니다. 지금은 통증 저림이 많이 사라졌습니다. 앞으로 더 건강한 몸만들어주세요  감사해요!!","오십견이 일찍 찾아와서 팔이 잘안올라가고
통증이 심해서 재활을 위해 여기저기 알아보다가 오게 되었습니다. 처음 상담과1회 운동을 받아보고 나서 통증도 줄어들고 움직임도 좋아져 등록하게 되었습니다. 지금은 가동범위가 90%이상 좋아졌습니다. 감사합니다!!"
68,1141441284,헬스장 오랫동안 많이 다녔는데 헬스장도 엄청 깔끔하고 pt가격 1년 이용권도 굉장히 저렴해서 마음에 들었습니다. 그리고 선생님들이 굉장히 친절해서 운동 하는디 많이 도움을 받습니다. 수업 이외에도 식단 관리등 신경 굉장히 많이 써주셔서 너무 만족 합니다 ,"회사근처여서 등록하였습니다 깨끗하고 이쁜 헬스장같네요 선생님들 큰소리로 인사해주셔서 민망하지만 친절하시고 좋은거같아요 근처 헬스장들 알아보다가 회원등록했는대 가장 저렴한듯 싶고 피티도 생각은 있으나  아직 자금이 부족해...이벤트 기간이라는대 이벤트 끝나기전에
 피티도 배워볼 예정입니다",몸이많이망가져서 피티등록후 운동중인대 배우길잘했단생각이들어요 너무친절히잘가르켜주시고  운동이너무 재미있어요,"성수동에 이런 힙힌 헬스장이! 역이랑 가깝고, 시설 좋고 깔끔해서 좋아요 분위기도 좋고 샤워실도 깨끗해요 ! 선생님들이 인사도 잘해주시고 친절해요~
가격도 성수동에서 제일 저렴해요!!
",시설이 너무 깔끔하고 선생님들도 너무 친절하십니다 현재 행사기간이라 성수역에서 pt. 회원권 제일 저렴한 거 갔습니다,"피티 받고 있는데 선생님들도 이쁘고 잘생겼어요 
센터도 엄청 깨끗하고 관리도 잘되어있어서 너무너무 좋아요-👍",몸이많이 허약체질인데 맞춤형수업 너무좋네요 여기저기서 pt해봣는데 제일좋은거같네요ㅎ 굿,뭔가 돈 많이 들어감,운동분위기도 너무 좋고 센터도 깨끗하고 좋아요!!, 
69,1646071896,준호 선생님 만나고 운동이 재미있어졌어요 술마실돈 아껴서 앞으로쭈욱 배우겠습니다 감사합니다 저의 마지막 선생님이 되어주셔서 감사합니다.,친절.쾌적. 방문만 해도 기분 좋아지는곳입니다. 특히 다빈쌤~넘 체계적으로 잘 가르쳐주셔서 감사해요^^ 운동하기전 엄청 어깨통증 심했었는데 신기하게도 운동하고나서 많이 통증이 줄어서 삶의질이 업그레이드 되었어요^^,종호쌤한테 피티받고있는데 제 몸 상태에 맞는 운동으로 수업 진행해주셔서 말려있던 어깨도 많이 펴지고 주위에서 자세 좋아졌다는 말 많이 듣고있어요. 태어나서 처음으로 운동에 흥미가 생겼어요! 💪🏻센터 기구도 시설도 좋아용!!😆💓,이준호 점장님과 첫 수업 ! 제가 부족한 부분과 개선해야할 부분을 완벽히 캐치해주셨고 원하는 니즈 파악을 잘해주셔서 새로운 몸을 만들 수 있을 것 같은 기대감이 첫 수업부터👍🏾👍🏾 준호코치님을 만날 수 있었던 저는 행운아입니다🤭,"다빈쌤하고 운동한지 벌써 세 달이 지났는데 건강도 많이 좋아지고 원체 아팠던 무릎도 많이 호전 됐어요!  항상 밝게 운동 잘 알려주셔서 평소에 일하고 오면 지쳤었는데 체력도 얻고 에너지도 얻습니다🤩 또 혼자 다이어트 할 때는 엄청 안 먹었었는데 지금은 먹고 싶은 거는 어느정도 먹어가면서 적절히 체중 감량하고 있네요~~~~~ 다빈쌤 감사해용 짱짱~❤️ 평생 같이 운동하고 싶네요,,,,돈만 많다면,,,",깔끔한 시설과 힘들게 운동하고 보이는 깔끔한 한강 몸의 몸의 피로를 없애주는 예쁜 뷰와 그만큼 보이는 선생님들의 노력과 운동티칭 너무 좋은거같아요 세세하게 자세를 보여주고 매번 자세를 잡아줌과 동시에 컨디션조절과 피티가 아니여도 중간중간 피티수업처럼 티칭을 해주시고 그런 센스가 너무 좋은거같아요 선생님 한분한분 너무 밝으시고 착하시고 배려심이 너무 깊은거같아요 옥수역이랑 가까워서 걸어다니기도 편하고 가격부담도 그렇게 쎈게 아니라서 너무 좋아요 그리고 제일 좋은점은 너무나도 깔끔한 시설!! 둘러봐도 이렇게 내부가 깔끔하고 청결한 헬스장은 못본거같아요 그래서 진짜 잘 찾았구나 생각이 들 정도로 맘에 들어요! 바른핏 옥수점 사랑합니다,"옥수랑 금호 근처 헬스장 다 돌아다녀봤는데 여기가 최고인 것 같아요! 분위기가 너무 전문적이라 뻘쭘하지 않을까 싶었는데, 오히려 동기부여되고 좋은 것 같습니다. 계속 여기 다닐 것 같아요!","헬스장이 지하가 아니라서 좋아요!
트레이너분들이 다들 친절하고 밝으셔서 헬스장 분위기도 좋구요
희성쌤한테 PT 받았는데 꼼꼼하게 자세 봐주시고 잘 가르쳐주셔서 몸이 많이 좋아졌어요🙂🙂","PT상담과 체험수업만으로도 현재 몸상태랑 앞으로 개선해나가야할 점을 알려주셔서 좋았습니다!
상체운동기구도 다양한데다가 프리웨이트존이 넓고 채광도 잘 들어 쾌적하게 운동하기 좋아 매우 만족스러웠습니다","기구도 좋고 2층 앞뒤로 통창이라 쾌적하고 좋아요 피티샘들도 다들 친절하시고 피티,개인운동 모두 부담없이 할수있습니다. 저만알고싶은 헬스장입니다 ^^"
70,1249001855, , , , , , , , , , 
71,1472992434,"운동을 처음 시작한 헬린이로서 찬스짐을 선택한 것이최고의 선택이었습니다.운동을 지속하게 하고 싶고 제대로 배우고 싶어서 여러 헬스장이나 PT를 알아보다가 찬스짐을 찾아 갔는데 너무나 친절하게 응대해주시고 전문전인 지식으로 자세하게 상담해 주셨서 일말의 고민도
없이 선택했습니다. 초보자,구력자,여자,남자 회원에 따라 체계적으로 알려주시고 체형에 맞게 지도해 주시고 현재 몸에 맞춰 아픈 곳이나 불편점도 고려해서 지도해 주십니다.그리고 기본기를 중요한게 다루어 주셔서 혼자 프리웨이트 할 수 있어서 좋고 꼼꼼하게 체크해 주
시고 디테일하게 가르쳐 주십니다. 선생님의 수업에 진정성과 마인드가 느껴져 정말 최고입니다.찬스짐을 선택한 제 선택에 대한 한 점의 후회도 없습니다. 찬스짐은 정말 좋고 후회하지 않을 겁니다~^^","운동을 한참 쉬다가 다시 건강을 찾기 위해 피티 고민하고 있었어요. 그러다 집근처인 상왕십리역 바로 옆에 있는 피티샵 오픈 소식 접해 직접 카톡 보내 상담했고. 무엇보다 이영찬 대표님이 체형 교정과 근력 향상 등을 자신있게 말씀 주셔서 믿고 등록 후 주3회씩 가고
있어요.  저는 여성운동모임을 운영하고 있고. 일반 헬스장 갈 때 여성들이 상대적으로 기구에 많이 접근을 못하는게 안타까웠어요. 찬스짐 쌤은 몸과 능력을 보시며 그에 맞는 운동 방법을 알려주시고, 피티를 안해도 스스로 운동하고 기구를 쓸 수 있도록 잘 알려주세요.
 여성들이 맘놓고 피티 받고 개인운동 하는데에도 아주 좋습니다! 5월에 이사를 가서 더 배우지 못하는게 아쉬울 정도예요 ㅠ 강추합니당!! 정직하고도 섬세한 티칭 긋긋!!","상왕십리 살면서 다른 피티샵 가는 사람 바보!! 이 동네 옆동네 옆옆동네 합쳐도 최고 피티샵! 보시면 아시겠지만 트레이너님 경력이 락페 수준이고여 수업 친절하고 자세히 잘 해주세요 저같은 초보도 잘 알려주시고 국대 출신이시라 원래 운동 좀 하시던 분들은 더 배울 게
많을 것 같아요 샤워실 있고 깔끔합니당 오늘 10회차 수업 끝났는데 운동 제대로 처음 배우는 건데도 이제 제법 헬린이 같기도..? 하구ㅋㅋ 재등록하고 싶은데 당분간 다른 곳에 살게돼서 아쉬워요..ㅠㅠ 여건 되면 꼭 재등록할게요!! 모두모두 이왕 돈 쓸거 제대로
된 곳에서 쓰세요~~ -공익을 위한 내돈내산 솔직리뷰:))","마지막 시합 앞두고 PT등록하러 현직 트레이너이자, 제 삶을 바꿔주신 첫 스승님!국가대표보디빌더 이영찬 선생님이 PT샵 오픈하셔서 방문 겸 운동할겸 해서 뵈러 왔는데요! 모든 회원님들한테 친절하시고, 수업하실때도 포인트 꼼꼼하게 짚어주시고, 수업이 끝난 이후에도 많이 도와주셔서 생각 이상으로 너무 많은걸 받은 거 같습니다! 운동이 처음이신 분들, 대회 및 바디프로필을 준비 하시는분들은 꼭 많이 방문 해주셨으면 좋겠습니다😊","어느덧 PT 28회!!  왕십리 토박이라 동네 이곳저곳 다녀봤지만 제대로 배우려면 이곳 만한 곳이 없는것 같아요 우선 선생님이 전공자 출신이라 몸상태에 따라 맞춤으로 운동을 가르쳐주시는데 처음 적응하는데 많이 도움됐어요. 특히, 기본기를 매우 중요하게 가르쳐
주세요. 덕분에 프리 웨이트가 나름 자리를 잡은거 같아 매우 만족 중입니다ㅎㅎ  무엇보다 운동 습관을 들일 수 있어서 좋았습니다~저처럼 그동안 헬스장 등록만 해놓고 작심 삼일이셨던 분들은 선생님한테 꼭한번 코칭받는것 추천드려요~!!ㅎ","시설도 깔끔하고 운동은 프리웨이트 위주로 기초를 다지게 알려주시고 또 수업하는 동안 자세도 꼼꼼히 봐주셔서 집중력도 오르고 보조를 해주시니 중량도 경험해 볼 수 있었어요. 
pt샵 잘 선택한 것 같아서 좋습니다!!","고도비만으로 방치된 몸에 새로운 동력이 필요하던 때였다.  단순하게 혹사하는게 아닌 제대로 된 운동 방법을배워 지속 가능하게 하고 싶었다.  상담을 하며 언제 어디서든 돌덩이 하나로도 운동 가능하게 해주신다는 말이 인상 깊었다.  피티9회차, 바벨, 덤벨들과 익숙
해지는 중이다. 프리웨이트를 위주로 차근히 배우고 있다. 생소한 운동은 지도 받고 모호한 자세는 확신을 얻어, 또 불필요한 습관은 교정을 받으며 찬찬히 잘 배우고 있다는 생각이 든다. 무엇보다 피티수업하는 그 순간만큼은 렉도 벤치도 모두 나를 위한 것이다. 언제 자
리 나는지 눈치보지 않아도 된다. 마음이 한결 여유롭다. 센터로 올라가는 계단에서부터 심폐기능에 대한반성과 운동이 시작되는 이곳은 찐 운동 센터다.","몸에 불균형과 개인운동 중 디테일한 피드백이 필요하여 방문했습니다. 피티 수업을 받기에 우선 제일 우선시한건 선생님의 마인드와 수업에 대한  진중함을 느껴보려(개인이력은 의심할여지가 없으신듯) 방문상담 후에 친절하시고 운동에 대한 깊이가 느껴져 바로 결제하게 됐
습니다. 아직 피티 수업 초반 쯤이지만 운동에 대한 다양성,  디테일한 자세수정, 친절한 피드백, 수업도중엔 온전히 저에게 집중해주시는 모습 전부 대만족중입니다. 개인피티 샵인 만큼 기구가 엄청 많지는 않지만 프리웨이트로 진행할 수 있는 모든것과 클래식한 것의 모
든 것을 배우고 싶으시다면 완벽한 선택이라고 생각합니다. 아마 3월? 4월 쯤 오픈한걸로 아는데 시설도 깔끔하고 운동복 수건 샤워실 구비되어있는것도 아주 좋습니다. 찬스짐 대박입니다 ㅎㅎㅎ"," 최고의 피티쌤을 만난거 같습니다. 대회 수상이력만 보고도 신뢰감이 들었는데 피티를 해보니 신뢰감이 배가 되네요. 피티 고민중이신 분들은 상담받아보세요. 20회 마치고 10회 추가했는데 첨부터 30회할걸 그랬네요 ㅎㅎ 멀리서 오시는 회원분들도 많을정도로 피티 질은 보장이고, 특히 피티 경험이 많으셔서 개인별 신체 특성에 맞게 다양한 운동을 알려주시네요. 자세 안 나오는 운동 억지로 시키시지 않고 다른 대체 운동을 여러개 알려주셔서 정말 효과 많이 봤습니다. 피티 생각있으시면 강추합니다!!",예전부터 운동을 계속 배우고 있고 이번에 PT샵 오픈하셔서 또 등록했습니다 무조건 운동 배우러 오세요 후회는 없을껍니다 네버…🙂
72,1164594373,"헬스처음이라 기구사용법도 어려운데 트레이너쌤들이 친절하고 쉽게 잘알려주셔서 좋아요
시설도 좋네요 열심히 다녀보려구요","운동하고부터 체력이 좋아졌어요 ㅎㅎ
상점도 잘해주시고 자세도 운동도 디테일하게 봐주시네요",휴가다가와서 운동 시작했는데 시설 깨끗하고 좋아요 호,여름다가와서 운동시작하려고 여기저기알아보다 등록했는데 만족합니다❤️,"헬스장은 역시 기구가 얼마나관리가잘되는가가 관건.
시설관리가 잘된다는 느낌이 들어서 만족합니다.","직원이 친절하고 기구가 많아요! 
사람이 바글바글해서 기구못쓰는곳도 많은데
여긴 그렇지 않아서 굿이네요","친구소개로 상담후 등록했어요ㅎㅎ
친절하시고 센터도 깨끗해서 운동 하기에  잘되어있어요~~",쓰리짐 완전 좋아요💜 시설 굿💜   기구다양해요 💜 친절💜,헬린이입니다! 이번여름엔꼭바프찍어볼거에욧 트레이닝쌤이자기만믿으랫으니믿고가봅니닷 아자아잣!,"쓰리짐헬스장 완전 강추!!
기구도 다양하고 쾌적해요~~운동할맛나네요"
73,1316396572, , , , , , , , , , 
74,1073977077,오늘 첫 상담받고 왔는데 상담 받으러 들어가자 마자 인테리어에 감탄했어요...!! 여기가 운동하는 곳인지 카페인지 모르는 인테리어와 깔끔함!! 생긴지 얼마되지 않은곳이라 그런지 기구나 모든 부분이 당연 깨끗했답니다.  이왕 다니는 거 운동하는 곳이긴 하지만 깔끔하면 더 좋지 않나요?? 탈의실에는 디퓨져도 있어서 향기도 좋더라구요! 트레이너 쌤들이 너무 센스 있는 거 같아요ㅠㅠ그리고 상담할 때에는 인바디 결과보면서 저의 체형에 맞는 운동진행방법을 자세히 알려주셨는데 너무 자세히 설명해주시고 운동일지도 써주시는 노력까지...!!저는 이런 pt샵을 처음봤어요. 운동을 다시 시작하는건데 선생님들과의 상담 덕분에 결제를 결심했답니다ㅎㅎ저는 이벤트일 때 얼른 결제하려구요ㅠㅠ,"수많은 PT샵, 헬스장을 다녀봤지만 이렇게 고급스럽고 프라이빗하고 청결한 곳은 처음이에요. 인테리어, 기구, 서비스 등 모두 최상이고 특히 코치님들이 상담부터 지도까지 너무 친절히 안내해주셔서, 운동이 처음인데도 기분 좋게 하고 있습니다! 이런 곳이라면 매일 다닐 수 있을 것 같아요. 열심히 다녀볼게요!😊",운동을 안좋아하는데 상담왔을 때 분위기가 너무 좋아서 등록했어요 ㅋㅋ 시끄럽고 정신없는 헬스장 싫어하는데 여기는 프라이빗하고 특별한 것 같네여! 힘든운동 잘 못한다고 말씀드렸는데 맞춰서 프로그램 짜주셔서 운동 열심히 해보려구요😜,"성동규 트레이너님한테 피티 등록했고 마른 체형이 고민이였던 저에게 인바디를 보면서 제 몸에 맞는 상담을 진행해주셔서 많은 도움이 되었고 등록하게 됐어요ㅎㅎ 신생 피티샵이여서 기구도 다 새거고 화장실 샤워실 너무 깨끗하게 잘 되어있었어요
왕십리 후츠PT 완전 추천합니다😙👍","시설 최고 !! 박영호 코치님과 가슴 어깨 운동을 했는데, 친절하게 잘 알려주시네요 !! 수업 내내 지루하지 않게 재밌게 해주셨어요 :) 운동 처음 시작하시는 분들이나, 평소에 운동이 지루하다고 느끼셨던 분들 영호 코치님이랑 운동 하면 좋을 거 같아요 !:)","PT샵 내부가 운동에 집중할 수 있는 구조라서 너무 좋아요ㅎ 기존 헬스장은 조금 정신사납고 답답했는데, 프라이빗한 시설 덕에 수업때 제대로 빡집중하며 운동하고 있습니다 물론 코치님이 진짜 섬세하셔요..👍 완전 내 맘 내 몸 다 알아 맞춘 체계적인 수업으로 힘들지 않게 운동하고, 운동 후에도 샤워실이 항상 쾌적해서 상쾌하고 좋아요😊😊",인스타 둘러보다 새로생긴거 알고 갈지말지 고민하다가 갔는데 진짜 잘간거같아요 인테리어도 엄청 깔끔하고 무엇보다 피티쌤의 섬세함에 놀랍니다.. 역시 운동도 피티 받는 이유가 있는거 같아요..!,기구가 쌔거라서 깔끔하고 쾌적합니다 나만 알고싶은 헬스장입니다..최고,시설 당연 깔끔하고 개인적으로 운동에 집중할 수 있어서 좋았습니다. 사장님도 친절하셔서 도움 많이 받았어요 :),인테리어 굿 완전 깔끔해요 오픈이벤트라 가격도 싸고 트레이너 분들 친절하구 다들 멋지심
75,38696246,"겨울동안 최고돼지기록 찍었었는데 한달동안 열심히 수업받고 선생님이 하라는대로 하니까 (가끔 떡볶이도 먹고 술도 먹긴 했지만) 건강하게 3키로 빼면서 운동 배울 수 있었습니다.  여기는 1인 PT샵인데도 개인운동이 얼마든지 가능합니다! 기구들도 다 새거고 시설
이 쾌적해서 남눈치안보고 편하게 운동할 수 있다는 장점이 있고 , 선생님도 부담스럽지 않게 딱 운동만 잘 가르쳐 주십니다!! 1. 사람많은 헬스장에서 운동깔짝대다 기부천사가 되시는 분들 👼🏻 2. 운동은 하고 싶은데 헬스장에 혼자 가서 뚝딱거리다 헬붕이들이 비웃
으면 어떡하지 고민하는 분들 🤓 3. 깨끗하고 쾌적한 시설과 기구를 이용하고싶으신 분들 🏋🏻‍♀️ 모두모두 Gym SH 추천합니당👍🏻👍🏻",관장님이 친절하시고 체계적으로 잘 가르쳐주세요 시설도 깔끔하고 좋아요 만족합니다 ,"한번으로 모든것을 알수없기에 3번 체험권을 결제하였고 찻번째 수업을 듣고 바로 결제를 결심했습니다. 일단 저 같은 경우는 자세가 좋지않아서 거북묵과 어깨가 심히 말려있었고 골반이 틀어져 짝다리가 편한사람이었습니다. 그래서 선생님께 제 상태를 말씀드리고 운동을 
시작하였습니다.  이렇게 본격적으로 운동을 하는것이 처음이라 아직 자극적이나 힘주는 법을 잘 모르겠지만 확실한건 몸이 점점 좋아지고 있다는 걸 느끼는 것입니다.  일인 피티샵이다 보니 운동을 집중력도 높아지고 피드백도 빠른 편입니다. 그리고 공간도 넓고 기구도 있
어서 피티받지않는 날에는 언제든지 가서 개인운동도 가능합니다. 다이어트 뿐만아니라 자세가 좋지않아서 고민이신 분들께 추천합니다!!","처음에는 체력증진 목표로 운동 배워보자 해서 상담 받으러 왔는데 사장님께서 운동은 분명한 목표가 필요하다고 도전해 주셨어요.  주 3회 6개월 생각한다고 말씀드렸는데도 3개월 바디프로필 목표로 먼저 도전해보라고 해주셔서 좋았습니다. 다른곳은 어떻게든 피티횟수
를 많이 가져가도록 유도하는 느낌이었는데 여기는 회원의 목표달성/성취감을 우선적으로 여기시는것 같아서 더 신뢰가 생겼던거 같아요.  요즘 운동 배우면서 재미없게 느껴졌던 헬스가 재밌어지고 날이 갈수록 체력도 좋아지는게 느껴지네요. 그동안은 돈만 쓰고 중간에 포기
했었는데  이번은 느낌이 좋습니다.  7월 마지막주에 바디프로필 예약해 놓았는데 그동안 이곳에서 운동 열심히 해서 목표 달성 꼭 하고 싶습니다. GYMSH 강추합니다 :)","수업 정말 알차게 준비해주십니다..! 시설도 쾌적하고 운동할 맛이 납니당!! 아직 몇 회 진행안해봤지만 이대로 선생님 믿고 잘 따라가기만 한다면 건강한 몸 만들 수 있을 것같아요👍👍 집이랑도 너무 가깝고 여름오기전에 열심히 다이어트 해보려구요..!😍😍😍아뵤
#이대헬스장 #신촌헬스장 #피티 #이대피티 #신촌피티 #gymsh",몸도 많이 틀어지고 자세도 안 좋지만 꾸준히 선생님 믿고 운동해보고 싶습니다! ,자세도 꼼꼼하게 봐주시고 제 몸 상태에 맞게 케어해주셔서 좋아요. 꾸준히 하다보니까 자세도 좋아지고 체력도 좋아졌습니다!,선생님도 친절하시고 시설도 새거라 깨끗하고 넓어요😄😄,트레이너 선생님이 개인 몸 상태를 꼼꼼하게 체크한 후 그에 맞게 운동을 시켜주세요. 1대1 피티샵이라 혼자 사용할 수 있어서 좋고 시설도 깨끗합니다. 1회 체험후 바로 등록했어요!,"PT 수업을 체계적으로 진행해 주시고 개인 문제점을 확실하게 짚어서 교정해주시니 자세, 체력 모두 수업 전보다 확실히 좋아졌습니다👍 재등록 합니다~ 강추해요!"
76,1800616356, , , , , , , , , , 
